Timing Analyzer report for processador
Mon Jun 22 18:28:23 2026
Quartus Prime Version 19.1.0 Build 670 09/22/2019 SJ Lite Edition


---------------------
; Table of Contents ;
---------------------
  1. Legal Notice
  2. Timing Analyzer Summary
  3. Parallel Compilation
  4. SDC File List
  5. Clocks
  6. Slow 1200mV 85C Model Fmax Summary
  7. Timing Closure Recommendations
  8. Slow 1200mV 85C Model Setup Summary
  9. Slow 1200mV 85C Model Hold Summary
 10. Slow 1200mV 85C Model Recovery Summary
 11. Slow 1200mV 85C Model Removal Summary
 12. Slow 1200mV 85C Model Minimum Pulse Width Summary
 13. Slow 1200mV 85C Model Setup: 'CLOCK_50'
 14. Slow 1200mV 85C Model Hold: 'CLOCK_50'
 15. Slow 1200mV 85C Model Metastability Summary
 16. Slow 1200mV 0C Model Fmax Summary
 17. Slow 1200mV 0C Model Setup Summary
 18. Slow 1200mV 0C Model Hold Summary
 19. Slow 1200mV 0C Model Recovery Summary
 20. Slow 1200mV 0C Model Removal Summary
 21. Slow 1200mV 0C Model Minimum Pulse Width Summary
 22. Slow 1200mV 0C Model Setup: 'CLOCK_50'
 23. Slow 1200mV 0C Model Hold: 'CLOCK_50'
 24. Slow 1200mV 0C Model Metastability Summary
 25. Fast 1200mV 0C Model Setup Summary
 26. Fast 1200mV 0C Model Hold Summary
 27. Fast 1200mV 0C Model Recovery Summary
 28. Fast 1200mV 0C Model Removal Summary
 29. Fast 1200mV 0C Model Minimum Pulse Width Summary
 30. Fast 1200mV 0C Model Setup: 'CLOCK_50'
 31. Fast 1200mV 0C Model Hold: 'CLOCK_50'
 32. Fast 1200mV 0C Model Metastability Summary
 33. Multicorner Timing Analysis Summary
 34. Board Trace Model Assignments
 35. Input Transition Times
 36. Signal Integrity Metrics (Slow 1200mv 0c Model)
 37. Signal Integrity Metrics (Slow 1200mv 85c Model)
 38. Signal Integrity Metrics (Fast 1200mv 0c Model)
 39. Setup Transfers
 40. Hold Transfers
 41. Report TCCS
 42. Report RSKM
 43. Unconstrained Paths Summary
 44. Clock Status Summary
 45. Unconstrained Input Ports
 46. Unconstrained Output Ports
 47. Unconstrained Input Ports
 48. Unconstrained Output Ports
 49. Timing Analyzer Messages



----------------
; Legal Notice ;
----------------
Copyright (C) 2019  Intel Corporation. All rights reserved.
Your use of Intel Corporation's design tools, logic functions 
and other software and tools, and any partner logic 
functions, and any output files from any of the foregoing 
(including device programming or simulation files), and any 
associated documentation or information are expressly subject 
to the terms and conditions of the Intel Program License 
Subscription Agreement, the Intel Quartus Prime License Agreement,
the Intel FPGA IP License Agreement, or other applicable license
agreement, including, without limitation, that your use is for
the sole purpose of programming logic devices manufactured by
Intel and sold by Intel or its authorized distributors.  Please
refer to the applicable agreement for further details, at
https://fpgasoftware.intel.com/eula.



+-----------------------------------------------------------------------------+
; Timing Analyzer Summary                                                     ;
+-----------------------+-----------------------------------------------------+
; Quartus Prime Version ; Version 19.1.0 Build 670 09/22/2019 SJ Lite Edition ;
; Timing Analyzer       ; Legacy Timing Analyzer                              ;
; Revision Name         ; processador                                         ;
; Device Family         ; Cyclone IV E                                        ;
; Device Name           ; EP4CE115F29C7                                       ;
; Timing Models         ; Final                                               ;
; Delay Model           ; Combined                                            ;
; Rise/Fall Delays      ; Enabled                                             ;
+-----------------------+-----------------------------------------------------+


+------------------------------------------+
; Parallel Compilation                     ;
+----------------------------+-------------+
; Processors                 ; Number      ;
+----------------------------+-------------+
; Number detected on machine ; 12          ;
; Maximum allowed            ; 12          ;
;                            ;             ;
; Average used               ; 1.29        ;
; Maximum used               ; 12          ;
;                            ;             ;
; Usage by Processor         ; % Time Used ;
;     Processor 1            ; 100.0%      ;
;     Processor 2            ;  13.3%      ;
;     Processor 3            ;   2.2%      ;
;     Processor 4            ;   2.1%      ;
;     Processors 5-12        ;   1.5%      ;
+----------------------------+-------------+


+-----------------------------------------------------+
; SDC File List                                       ;
+-----------------+--------+--------------------------+
; SDC File Path   ; Status ; Read at                  ;
+-----------------+--------+--------------------------+
; processador.sdc ; OK     ; Mon Jun 22 18:28:19 2026 ;
+-----------------+--------+--------------------------+


+-----------------------------------------------------------------------------------------------------------------------------------------------------------------------------------+
; Clocks                                                                                                                                                                            ;
+------------+------+--------+-----------+-------+--------+------------+-----------+-------------+-------+--------+-----------+------------+----------+--------+--------+-----------+
; Clock Name ; Type ; Period ; Frequency ; Rise  ; Fall   ; Duty Cycle ; Divide by ; Multiply by ; Phase ; Offset ; Edge List ; Edge Shift ; Inverted ; Master ; Source ; Targets   ;
+------------+------+--------+-----------+-------+--------+------------+-----------+-------------+-------+--------+-----------+------------+----------+--------+--------+-----------+
; CLOCK_50   ; Base ; 20.000 ; 50.0 MHz  ; 0.000 ; 10.000 ;            ;           ;             ;       ;        ;           ;            ;          ;        ;        ; { clock } ;
+------------+------+--------+-----------+-------+--------+------------+-----------+-------------+-------+--------+-----------+------------+----------+--------+--------+-----------+


+------------------------------------------------+
; Slow 1200mV 85C Model Fmax Summary             ;
+----------+-----------------+------------+------+
; Fmax     ; Restricted Fmax ; Clock Name ; Note ;
+----------+-----------------+------------+------+
; 7.44 MHz ; 7.44 MHz        ; CLOCK_50   ;      ;
+----------+-----------------+------------+------+
This panel reports FMAX for every clock in the design, regardless of the user-specified clock periods.  FMAX is only computed for paths where the source and destination registers or ports are driven by the same clock.  Paths of different clocks, including generated clocks, are ignored.  For paths between a clock and its inversion, FMAX is computed as if the rising and falling edges are scaled along with FMAX, such that the duty cycle (in terms of a percentage) is maintained. Altera recommends that you always use clock constraints and other slack reports for sign-off analysis.


----------------------------------
; Timing Closure Recommendations ;
----------------------------------
HTML report is unavailable in plain text report export.


+-------------------------------------+
; Slow 1200mV 85C Model Setup Summary ;
+----------+----------+---------------+
; Clock    ; Slack    ; End Point TNS ;
+----------+----------+---------------+
; CLOCK_50 ; -114.404 ; -114.404      ;
+----------+----------+---------------+


+------------------------------------+
; Slow 1200mV 85C Model Hold Summary ;
+----------+-------+-----------------+
; Clock    ; Slack ; End Point TNS   ;
+----------+-------+-----------------+
; CLOCK_50 ; 0.641 ; 0.000           ;
+----------+-------+-----------------+


------------------------------------------
; Slow 1200mV 85C Model Recovery Summary ;
------------------------------------------
No paths to report.


-----------------------------------------
; Slow 1200mV 85C Model Removal Summary ;
-----------------------------------------
No paths to report.


+---------------------------------------------------+
; Slow 1200mV 85C Model Minimum Pulse Width Summary ;
+----------+-------+--------------------------------+
; Clock    ; Slack ; End Point TNS                  ;
+----------+-------+--------------------------------+
; CLOCK_50 ; 9.628 ; 0.000                          ;
+----------+-------+--------------------------------+


+----------------------------------------------------------------------------------------------------------------------------------------------------------------------------------------------------------------------------------------------------------------------------------------------------------------------------------+
; Slow 1200mV 85C Model Setup: 'CLOCK_50'                                                                                                                                                                                                                                                                                          ;
+----------+--------------------------------------------------------------------------------------------------------------------------+----------------------------------------------------------------------------------------------------------------------+--------------+-------------+--------------+------------+------------+
; Slack    ; From Node                                                                                                                ; To Node                                                                                                              ; Launch Clock ; Latch Clock ; Relationship ; Clock Skew ; Data Delay ;
+----------+--------------------------------------------------------------------------------------------------------------------------+----------------------------------------------------------------------------------------------------------------------+--------------+-------------+--------------+------------+------------+
; -114.404 ; memoriaROM:memoria_de_instrucao_inst|altsyncram:rom_rtl_0|altsyncram_7m71:auto_generated|ram_block1a0~porta_address_reg0 ; memoriaRAM:memoria_de_dados_inst|altsyncram:ram_rtl_0|altsyncram_qsd1:auto_generated|ram_block1a0~portb_address_reg0 ; CLOCK_50     ; CLOCK_50    ; 20.000       ; -0.177     ; 134.285    ;
; 14.027   ; divisorClock:divisor_de_clock_inst|counter[1]                                                                            ; divisorClock:divisor_de_clock_inst|counter[5]                                                                        ; CLOCK_50     ; CLOCK_50    ; 20.000       ; -0.704     ; 5.287      ;
; 14.027   ; divisorClock:divisor_de_clock_inst|counter[1]                                                                            ; divisorClock:divisor_de_clock_inst|counter[6]                                                                        ; CLOCK_50     ; CLOCK_50    ; 20.000       ; -0.704     ; 5.287      ;
; 14.027   ; divisorClock:divisor_de_clock_inst|counter[1]                                                                            ; divisorClock:divisor_de_clock_inst|counter[7]                                                                        ; CLOCK_50     ; CLOCK_50    ; 20.000       ; -0.704     ; 5.287      ;
; 14.027   ; divisorClock:divisor_de_clock_inst|counter[1]                                                                            ; divisorClock:divisor_de_clock_inst|counter[8]                                                                        ; CLOCK_50     ; CLOCK_50    ; 20.000       ; -0.704     ; 5.287      ;
; 14.027   ; divisorClock:divisor_de_clock_inst|counter[1]                                                                            ; divisorClock:divisor_de_clock_inst|counter[9]                                                                        ; CLOCK_50     ; CLOCK_50    ; 20.000       ; -0.704     ; 5.287      ;
; 14.027   ; divisorClock:divisor_de_clock_inst|counter[1]                                                                            ; divisorClock:divisor_de_clock_inst|counter[10]                                                                       ; CLOCK_50     ; CLOCK_50    ; 20.000       ; -0.704     ; 5.287      ;
; 14.173   ; divisorClock:divisor_de_clock_inst|counter[2]                                                                            ; divisorClock:divisor_de_clock_inst|counter[5]                                                                        ; CLOCK_50     ; CLOCK_50    ; 20.000       ; -0.704     ; 5.141      ;
; 14.173   ; divisorClock:divisor_de_clock_inst|counter[2]                                                                            ; divisorClock:divisor_de_clock_inst|counter[6]                                                                        ; CLOCK_50     ; CLOCK_50    ; 20.000       ; -0.704     ; 5.141      ;
; 14.173   ; divisorClock:divisor_de_clock_inst|counter[2]                                                                            ; divisorClock:divisor_de_clock_inst|counter[7]                                                                        ; CLOCK_50     ; CLOCK_50    ; 20.000       ; -0.704     ; 5.141      ;
; 14.173   ; divisorClock:divisor_de_clock_inst|counter[2]                                                                            ; divisorClock:divisor_de_clock_inst|counter[8]                                                                        ; CLOCK_50     ; CLOCK_50    ; 20.000       ; -0.704     ; 5.141      ;
; 14.173   ; divisorClock:divisor_de_clock_inst|counter[2]                                                                            ; divisorClock:divisor_de_clock_inst|counter[9]                                                                        ; CLOCK_50     ; CLOCK_50    ; 20.000       ; -0.704     ; 5.141      ;
; 14.173   ; divisorClock:divisor_de_clock_inst|counter[2]                                                                            ; divisorClock:divisor_de_clock_inst|counter[10]                                                                       ; CLOCK_50     ; CLOCK_50    ; 20.000       ; -0.704     ; 5.141      ;
; 14.302   ; divisorClock:divisor_de_clock_inst|counter[0]                                                                            ; divisorClock:divisor_de_clock_inst|counter[5]                                                                        ; CLOCK_50     ; CLOCK_50    ; 20.000       ; -0.704     ; 5.012      ;
; 14.302   ; divisorClock:divisor_de_clock_inst|counter[0]                                                                            ; divisorClock:divisor_de_clock_inst|counter[6]                                                                        ; CLOCK_50     ; CLOCK_50    ; 20.000       ; -0.704     ; 5.012      ;
; 14.302   ; divisorClock:divisor_de_clock_inst|counter[0]                                                                            ; divisorClock:divisor_de_clock_inst|counter[7]                                                                        ; CLOCK_50     ; CLOCK_50    ; 20.000       ; -0.704     ; 5.012      ;
; 14.302   ; divisorClock:divisor_de_clock_inst|counter[0]                                                                            ; divisorClock:divisor_de_clock_inst|counter[8]                                                                        ; CLOCK_50     ; CLOCK_50    ; 20.000       ; -0.704     ; 5.012      ;
; 14.302   ; divisorClock:divisor_de_clock_inst|counter[0]                                                                            ; divisorClock:divisor_de_clock_inst|counter[9]                                                                        ; CLOCK_50     ; CLOCK_50    ; 20.000       ; -0.704     ; 5.012      ;
; 14.302   ; divisorClock:divisor_de_clock_inst|counter[0]                                                                            ; divisorClock:divisor_de_clock_inst|counter[10]                                                                       ; CLOCK_50     ; CLOCK_50    ; 20.000       ; -0.704     ; 5.012      ;
; 14.359   ; divisorClock:divisor_de_clock_inst|counter[1]                                                                            ; divisorClock:divisor_de_clock_inst|counter[17]                                                                       ; CLOCK_50     ; CLOCK_50    ; 20.000       ; -0.557     ; 5.102      ;
; 14.359   ; divisorClock:divisor_de_clock_inst|counter[1]                                                                            ; divisorClock:divisor_de_clock_inst|counter[21]                                                                       ; CLOCK_50     ; CLOCK_50    ; 20.000       ; -0.557     ; 5.102      ;
; 14.359   ; divisorClock:divisor_de_clock_inst|counter[1]                                                                            ; divisorClock:divisor_de_clock_inst|counter[11]                                                                       ; CLOCK_50     ; CLOCK_50    ; 20.000       ; -0.557     ; 5.102      ;
; 14.359   ; divisorClock:divisor_de_clock_inst|counter[1]                                                                            ; divisorClock:divisor_de_clock_inst|counter[12]                                                                       ; CLOCK_50     ; CLOCK_50    ; 20.000       ; -0.557     ; 5.102      ;
; 14.359   ; divisorClock:divisor_de_clock_inst|counter[1]                                                                            ; divisorClock:divisor_de_clock_inst|counter[13]                                                                       ; CLOCK_50     ; CLOCK_50    ; 20.000       ; -0.557     ; 5.102      ;
; 14.359   ; divisorClock:divisor_de_clock_inst|counter[1]                                                                            ; divisorClock:divisor_de_clock_inst|counter[14]                                                                       ; CLOCK_50     ; CLOCK_50    ; 20.000       ; -0.557     ; 5.102      ;
; 14.359   ; divisorClock:divisor_de_clock_inst|counter[1]                                                                            ; divisorClock:divisor_de_clock_inst|counter[15]                                                                       ; CLOCK_50     ; CLOCK_50    ; 20.000       ; -0.557     ; 5.102      ;
; 14.359   ; divisorClock:divisor_de_clock_inst|counter[1]                                                                            ; divisorClock:divisor_de_clock_inst|counter[16]                                                                       ; CLOCK_50     ; CLOCK_50    ; 20.000       ; -0.557     ; 5.102      ;
; 14.359   ; divisorClock:divisor_de_clock_inst|counter[1]                                                                            ; divisorClock:divisor_de_clock_inst|counter[18]                                                                       ; CLOCK_50     ; CLOCK_50    ; 20.000       ; -0.557     ; 5.102      ;
; 14.359   ; divisorClock:divisor_de_clock_inst|counter[1]                                                                            ; divisorClock:divisor_de_clock_inst|counter[19]                                                                       ; CLOCK_50     ; CLOCK_50    ; 20.000       ; -0.557     ; 5.102      ;
; 14.359   ; divisorClock:divisor_de_clock_inst|counter[1]                                                                            ; divisorClock:divisor_de_clock_inst|counter[20]                                                                       ; CLOCK_50     ; CLOCK_50    ; 20.000       ; -0.557     ; 5.102      ;
; 14.359   ; divisorClock:divisor_de_clock_inst|counter[1]                                                                            ; divisorClock:divisor_de_clock_inst|counter[22]                                                                       ; CLOCK_50     ; CLOCK_50    ; 20.000       ; -0.557     ; 5.102      ;
; 14.359   ; divisorClock:divisor_de_clock_inst|counter[3]                                                                            ; divisorClock:divisor_de_clock_inst|counter[5]                                                                        ; CLOCK_50     ; CLOCK_50    ; 20.000       ; -0.704     ; 4.955      ;
; 14.359   ; divisorClock:divisor_de_clock_inst|counter[3]                                                                            ; divisorClock:divisor_de_clock_inst|counter[6]                                                                        ; CLOCK_50     ; CLOCK_50    ; 20.000       ; -0.704     ; 4.955      ;
; 14.359   ; divisorClock:divisor_de_clock_inst|counter[3]                                                                            ; divisorClock:divisor_de_clock_inst|counter[7]                                                                        ; CLOCK_50     ; CLOCK_50    ; 20.000       ; -0.704     ; 4.955      ;
; 14.359   ; divisorClock:divisor_de_clock_inst|counter[3]                                                                            ; divisorClock:divisor_de_clock_inst|counter[8]                                                                        ; CLOCK_50     ; CLOCK_50    ; 20.000       ; -0.704     ; 4.955      ;
; 14.359   ; divisorClock:divisor_de_clock_inst|counter[3]                                                                            ; divisorClock:divisor_de_clock_inst|counter[9]                                                                        ; CLOCK_50     ; CLOCK_50    ; 20.000       ; -0.704     ; 4.955      ;
; 14.359   ; divisorClock:divisor_de_clock_inst|counter[3]                                                                            ; divisorClock:divisor_de_clock_inst|counter[10]                                                                       ; CLOCK_50     ; CLOCK_50    ; 20.000       ; -0.704     ; 4.955      ;
; 14.505   ; divisorClock:divisor_de_clock_inst|counter[2]                                                                            ; divisorClock:divisor_de_clock_inst|counter[17]                                                                       ; CLOCK_50     ; CLOCK_50    ; 20.000       ; -0.557     ; 4.956      ;
; 14.505   ; divisorClock:divisor_de_clock_inst|counter[2]                                                                            ; divisorClock:divisor_de_clock_inst|counter[21]                                                                       ; CLOCK_50     ; CLOCK_50    ; 20.000       ; -0.557     ; 4.956      ;
; 14.505   ; divisorClock:divisor_de_clock_inst|counter[2]                                                                            ; divisorClock:divisor_de_clock_inst|counter[11]                                                                       ; CLOCK_50     ; CLOCK_50    ; 20.000       ; -0.557     ; 4.956      ;
; 14.505   ; divisorClock:divisor_de_clock_inst|counter[2]                                                                            ; divisorClock:divisor_de_clock_inst|counter[12]                                                                       ; CLOCK_50     ; CLOCK_50    ; 20.000       ; -0.557     ; 4.956      ;
; 14.505   ; divisorClock:divisor_de_clock_inst|counter[2]                                                                            ; divisorClock:divisor_de_clock_inst|counter[13]                                                                       ; CLOCK_50     ; CLOCK_50    ; 20.000       ; -0.557     ; 4.956      ;
; 14.505   ; divisorClock:divisor_de_clock_inst|counter[2]                                                                            ; divisorClock:divisor_de_clock_inst|counter[14]                                                                       ; CLOCK_50     ; CLOCK_50    ; 20.000       ; -0.557     ; 4.956      ;
; 14.505   ; divisorClock:divisor_de_clock_inst|counter[2]                                                                            ; divisorClock:divisor_de_clock_inst|counter[15]                                                                       ; CLOCK_50     ; CLOCK_50    ; 20.000       ; -0.557     ; 4.956      ;
; 14.505   ; divisorClock:divisor_de_clock_inst|counter[2]                                                                            ; divisorClock:divisor_de_clock_inst|counter[16]                                                                       ; CLOCK_50     ; CLOCK_50    ; 20.000       ; -0.557     ; 4.956      ;
; 14.505   ; divisorClock:divisor_de_clock_inst|counter[2]                                                                            ; divisorClock:divisor_de_clock_inst|counter[18]                                                                       ; CLOCK_50     ; CLOCK_50    ; 20.000       ; -0.557     ; 4.956      ;
; 14.505   ; divisorClock:divisor_de_clock_inst|counter[2]                                                                            ; divisorClock:divisor_de_clock_inst|counter[19]                                                                       ; CLOCK_50     ; CLOCK_50    ; 20.000       ; -0.557     ; 4.956      ;
; 14.505   ; divisorClock:divisor_de_clock_inst|counter[2]                                                                            ; divisorClock:divisor_de_clock_inst|counter[20]                                                                       ; CLOCK_50     ; CLOCK_50    ; 20.000       ; -0.557     ; 4.956      ;
; 14.505   ; divisorClock:divisor_de_clock_inst|counter[2]                                                                            ; divisorClock:divisor_de_clock_inst|counter[22]                                                                       ; CLOCK_50     ; CLOCK_50    ; 20.000       ; -0.557     ; 4.956      ;
; 14.634   ; divisorClock:divisor_de_clock_inst|counter[0]                                                                            ; divisorClock:divisor_de_clock_inst|counter[17]                                                                       ; CLOCK_50     ; CLOCK_50    ; 20.000       ; -0.557     ; 4.827      ;
; 14.634   ; divisorClock:divisor_de_clock_inst|counter[0]                                                                            ; divisorClock:divisor_de_clock_inst|counter[21]                                                                       ; CLOCK_50     ; CLOCK_50    ; 20.000       ; -0.557     ; 4.827      ;
; 14.634   ; divisorClock:divisor_de_clock_inst|counter[0]                                                                            ; divisorClock:divisor_de_clock_inst|counter[11]                                                                       ; CLOCK_50     ; CLOCK_50    ; 20.000       ; -0.557     ; 4.827      ;
; 14.634   ; divisorClock:divisor_de_clock_inst|counter[0]                                                                            ; divisorClock:divisor_de_clock_inst|counter[12]                                                                       ; CLOCK_50     ; CLOCK_50    ; 20.000       ; -0.557     ; 4.827      ;
; 14.634   ; divisorClock:divisor_de_clock_inst|counter[0]                                                                            ; divisorClock:divisor_de_clock_inst|counter[13]                                                                       ; CLOCK_50     ; CLOCK_50    ; 20.000       ; -0.557     ; 4.827      ;
; 14.634   ; divisorClock:divisor_de_clock_inst|counter[0]                                                                            ; divisorClock:divisor_de_clock_inst|counter[14]                                                                       ; CLOCK_50     ; CLOCK_50    ; 20.000       ; -0.557     ; 4.827      ;
; 14.634   ; divisorClock:divisor_de_clock_inst|counter[0]                                                                            ; divisorClock:divisor_de_clock_inst|counter[15]                                                                       ; CLOCK_50     ; CLOCK_50    ; 20.000       ; -0.557     ; 4.827      ;
; 14.634   ; divisorClock:divisor_de_clock_inst|counter[0]                                                                            ; divisorClock:divisor_de_clock_inst|counter[16]                                                                       ; CLOCK_50     ; CLOCK_50    ; 20.000       ; -0.557     ; 4.827      ;
; 14.634   ; divisorClock:divisor_de_clock_inst|counter[0]                                                                            ; divisorClock:divisor_de_clock_inst|counter[18]                                                                       ; CLOCK_50     ; CLOCK_50    ; 20.000       ; -0.557     ; 4.827      ;
; 14.634   ; divisorClock:divisor_de_clock_inst|counter[0]                                                                            ; divisorClock:divisor_de_clock_inst|counter[19]                                                                       ; CLOCK_50     ; CLOCK_50    ; 20.000       ; -0.557     ; 4.827      ;
; 14.634   ; divisorClock:divisor_de_clock_inst|counter[0]                                                                            ; divisorClock:divisor_de_clock_inst|counter[20]                                                                       ; CLOCK_50     ; CLOCK_50    ; 20.000       ; -0.557     ; 4.827      ;
; 14.634   ; divisorClock:divisor_de_clock_inst|counter[0]                                                                            ; divisorClock:divisor_de_clock_inst|counter[22]                                                                       ; CLOCK_50     ; CLOCK_50    ; 20.000       ; -0.557     ; 4.827      ;
; 14.650   ; divisorClock:divisor_de_clock_inst|counter[1]                                                                            ; divisorClock:divisor_de_clock_inst|counter[0]                                                                        ; CLOCK_50     ; CLOCK_50    ; 20.000       ; -0.081     ; 5.287      ;
; 14.650   ; divisorClock:divisor_de_clock_inst|counter[1]                                                                            ; divisorClock:divisor_de_clock_inst|counter[1]                                                                        ; CLOCK_50     ; CLOCK_50    ; 20.000       ; -0.081     ; 5.287      ;
; 14.650   ; divisorClock:divisor_de_clock_inst|counter[1]                                                                            ; divisorClock:divisor_de_clock_inst|counter[2]                                                                        ; CLOCK_50     ; CLOCK_50    ; 20.000       ; -0.081     ; 5.287      ;
; 14.650   ; divisorClock:divisor_de_clock_inst|counter[1]                                                                            ; divisorClock:divisor_de_clock_inst|counter[3]                                                                        ; CLOCK_50     ; CLOCK_50    ; 20.000       ; -0.081     ; 5.287      ;
; 14.650   ; divisorClock:divisor_de_clock_inst|counter[1]                                                                            ; divisorClock:divisor_de_clock_inst|counter[4]                                                                        ; CLOCK_50     ; CLOCK_50    ; 20.000       ; -0.081     ; 5.287      ;
; 14.668   ; divisorClock:divisor_de_clock_inst|counter[5]                                                                            ; divisorClock:divisor_de_clock_inst|counter[6]                                                                        ; CLOCK_50     ; CLOCK_50    ; 20.000       ; -0.051     ; 5.299      ;
; 14.668   ; divisorClock:divisor_de_clock_inst|counter[5]                                                                            ; divisorClock:divisor_de_clock_inst|counter[7]                                                                        ; CLOCK_50     ; CLOCK_50    ; 20.000       ; -0.051     ; 5.299      ;
; 14.668   ; divisorClock:divisor_de_clock_inst|counter[5]                                                                            ; divisorClock:divisor_de_clock_inst|counter[8]                                                                        ; CLOCK_50     ; CLOCK_50    ; 20.000       ; -0.051     ; 5.299      ;
; 14.668   ; divisorClock:divisor_de_clock_inst|counter[5]                                                                            ; divisorClock:divisor_de_clock_inst|counter[9]                                                                        ; CLOCK_50     ; CLOCK_50    ; 20.000       ; -0.051     ; 5.299      ;
; 14.668   ; divisorClock:divisor_de_clock_inst|counter[5]                                                                            ; divisorClock:divisor_de_clock_inst|counter[10]                                                                       ; CLOCK_50     ; CLOCK_50    ; 20.000       ; -0.051     ; 5.299      ;
; 14.676   ; divisorClock:divisor_de_clock_inst|counter[5]                                                                            ; divisorClock:divisor_de_clock_inst|counter[5]                                                                        ; CLOCK_50     ; CLOCK_50    ; 20.000       ; -0.043     ; 5.299      ;
; 14.691   ; divisorClock:divisor_de_clock_inst|counter[3]                                                                            ; divisorClock:divisor_de_clock_inst|counter[17]                                                                       ; CLOCK_50     ; CLOCK_50    ; 20.000       ; -0.557     ; 4.770      ;
; 14.691   ; divisorClock:divisor_de_clock_inst|counter[3]                                                                            ; divisorClock:divisor_de_clock_inst|counter[21]                                                                       ; CLOCK_50     ; CLOCK_50    ; 20.000       ; -0.557     ; 4.770      ;
; 14.691   ; divisorClock:divisor_de_clock_inst|counter[3]                                                                            ; divisorClock:divisor_de_clock_inst|counter[11]                                                                       ; CLOCK_50     ; CLOCK_50    ; 20.000       ; -0.557     ; 4.770      ;
; 14.691   ; divisorClock:divisor_de_clock_inst|counter[3]                                                                            ; divisorClock:divisor_de_clock_inst|counter[12]                                                                       ; CLOCK_50     ; CLOCK_50    ; 20.000       ; -0.557     ; 4.770      ;
; 14.691   ; divisorClock:divisor_de_clock_inst|counter[3]                                                                            ; divisorClock:divisor_de_clock_inst|counter[13]                                                                       ; CLOCK_50     ; CLOCK_50    ; 20.000       ; -0.557     ; 4.770      ;
; 14.691   ; divisorClock:divisor_de_clock_inst|counter[3]                                                                            ; divisorClock:divisor_de_clock_inst|counter[14]                                                                       ; CLOCK_50     ; CLOCK_50    ; 20.000       ; -0.557     ; 4.770      ;
; 14.691   ; divisorClock:divisor_de_clock_inst|counter[3]                                                                            ; divisorClock:divisor_de_clock_inst|counter[15]                                                                       ; CLOCK_50     ; CLOCK_50    ; 20.000       ; -0.557     ; 4.770      ;
; 14.691   ; divisorClock:divisor_de_clock_inst|counter[3]                                                                            ; divisorClock:divisor_de_clock_inst|counter[16]                                                                       ; CLOCK_50     ; CLOCK_50    ; 20.000       ; -0.557     ; 4.770      ;
; 14.691   ; divisorClock:divisor_de_clock_inst|counter[3]                                                                            ; divisorClock:divisor_de_clock_inst|counter[18]                                                                       ; CLOCK_50     ; CLOCK_50    ; 20.000       ; -0.557     ; 4.770      ;
; 14.691   ; divisorClock:divisor_de_clock_inst|counter[3]                                                                            ; divisorClock:divisor_de_clock_inst|counter[19]                                                                       ; CLOCK_50     ; CLOCK_50    ; 20.000       ; -0.557     ; 4.770      ;
; 14.691   ; divisorClock:divisor_de_clock_inst|counter[3]                                                                            ; divisorClock:divisor_de_clock_inst|counter[20]                                                                       ; CLOCK_50     ; CLOCK_50    ; 20.000       ; -0.557     ; 4.770      ;
; 14.691   ; divisorClock:divisor_de_clock_inst|counter[3]                                                                            ; divisorClock:divisor_de_clock_inst|counter[22]                                                                       ; CLOCK_50     ; CLOCK_50    ; 20.000       ; -0.557     ; 4.770      ;
; 14.778   ; divisorClock:divisor_de_clock_inst|counter[4]                                                                            ; divisorClock:divisor_de_clock_inst|counter[5]                                                                        ; CLOCK_50     ; CLOCK_50    ; 20.000       ; -0.704     ; 4.536      ;
; 14.778   ; divisorClock:divisor_de_clock_inst|counter[4]                                                                            ; divisorClock:divisor_de_clock_inst|counter[6]                                                                        ; CLOCK_50     ; CLOCK_50    ; 20.000       ; -0.704     ; 4.536      ;
; 14.778   ; divisorClock:divisor_de_clock_inst|counter[4]                                                                            ; divisorClock:divisor_de_clock_inst|counter[7]                                                                        ; CLOCK_50     ; CLOCK_50    ; 20.000       ; -0.704     ; 4.536      ;
; 14.778   ; divisorClock:divisor_de_clock_inst|counter[4]                                                                            ; divisorClock:divisor_de_clock_inst|counter[8]                                                                        ; CLOCK_50     ; CLOCK_50    ; 20.000       ; -0.704     ; 4.536      ;
; 14.778   ; divisorClock:divisor_de_clock_inst|counter[4]                                                                            ; divisorClock:divisor_de_clock_inst|counter[9]                                                                        ; CLOCK_50     ; CLOCK_50    ; 20.000       ; -0.704     ; 4.536      ;
; 14.778   ; divisorClock:divisor_de_clock_inst|counter[4]                                                                            ; divisorClock:divisor_de_clock_inst|counter[10]                                                                       ; CLOCK_50     ; CLOCK_50    ; 20.000       ; -0.704     ; 4.536      ;
; 14.796   ; divisorClock:divisor_de_clock_inst|counter[2]                                                                            ; divisorClock:divisor_de_clock_inst|counter[0]                                                                        ; CLOCK_50     ; CLOCK_50    ; 20.000       ; -0.081     ; 5.141      ;
; 14.796   ; divisorClock:divisor_de_clock_inst|counter[2]                                                                            ; divisorClock:divisor_de_clock_inst|counter[1]                                                                        ; CLOCK_50     ; CLOCK_50    ; 20.000       ; -0.081     ; 5.141      ;
; 14.796   ; divisorClock:divisor_de_clock_inst|counter[2]                                                                            ; divisorClock:divisor_de_clock_inst|counter[2]                                                                        ; CLOCK_50     ; CLOCK_50    ; 20.000       ; -0.081     ; 5.141      ;
; 14.796   ; divisorClock:divisor_de_clock_inst|counter[2]                                                                            ; divisorClock:divisor_de_clock_inst|counter[3]                                                                        ; CLOCK_50     ; CLOCK_50    ; 20.000       ; -0.081     ; 5.141      ;
; 14.796   ; divisorClock:divisor_de_clock_inst|counter[2]                                                                            ; divisorClock:divisor_de_clock_inst|counter[4]                                                                        ; CLOCK_50     ; CLOCK_50    ; 20.000       ; -0.081     ; 5.141      ;
; 14.925   ; divisorClock:divisor_de_clock_inst|counter[0]                                                                            ; divisorClock:divisor_de_clock_inst|counter[0]                                                                        ; CLOCK_50     ; CLOCK_50    ; 20.000       ; -0.081     ; 5.012      ;
; 14.925   ; divisorClock:divisor_de_clock_inst|counter[0]                                                                            ; divisorClock:divisor_de_clock_inst|counter[1]                                                                        ; CLOCK_50     ; CLOCK_50    ; 20.000       ; -0.081     ; 5.012      ;
; 14.925   ; divisorClock:divisor_de_clock_inst|counter[0]                                                                            ; divisorClock:divisor_de_clock_inst|counter[2]                                                                        ; CLOCK_50     ; CLOCK_50    ; 20.000       ; -0.081     ; 5.012      ;
; 14.925   ; divisorClock:divisor_de_clock_inst|counter[0]                                                                            ; divisorClock:divisor_de_clock_inst|counter[3]                                                                        ; CLOCK_50     ; CLOCK_50    ; 20.000       ; -0.081     ; 5.012      ;
; 14.925   ; divisorClock:divisor_de_clock_inst|counter[0]                                                                            ; divisorClock:divisor_de_clock_inst|counter[4]                                                                        ; CLOCK_50     ; CLOCK_50    ; 20.000       ; -0.081     ; 5.012      ;
+----------+--------------------------------------------------------------------------------------------------------------------------+----------------------------------------------------------------------------------------------------------------------+--------------+-------------+--------------+------------+------------+


+-------------------------------------------------------------------------------------------------------------------------------------------------------------------------------+
; Slow 1200mV 85C Model Hold: 'CLOCK_50'                                                                                                                                        ;
+-------+------------------------------------------------+------------------------------------------------+--------------+-------------+--------------+------------+------------+
; Slack ; From Node                                      ; To Node                                        ; Launch Clock ; Latch Clock ; Relationship ; Clock Skew ; Data Delay ;
+-------+------------------------------------------------+------------------------------------------------+--------------+-------------+--------------+------------+------------+
; 0.641 ; divisorClock:divisor_de_clock_inst|counter[1]  ; divisorClock:divisor_de_clock_inst|counter[1]  ; CLOCK_50     ; CLOCK_50    ; 0.000        ; 0.081      ; 0.908      ;
; 0.646 ; divisorClock:divisor_de_clock_inst|counter[4]  ; divisorClock:divisor_de_clock_inst|counter[4]  ; CLOCK_50     ; CLOCK_50    ; 0.000        ; 0.081      ; 0.913      ;
; 0.647 ; divisorClock:divisor_de_clock_inst|counter[2]  ; divisorClock:divisor_de_clock_inst|counter[2]  ; CLOCK_50     ; CLOCK_50    ; 0.000        ; 0.081      ; 0.914      ;
; 0.658 ; divisorClock:divisor_de_clock_inst|counter[3]  ; divisorClock:divisor_de_clock_inst|counter[3]  ; CLOCK_50     ; CLOCK_50    ; 0.000        ; 0.081      ; 0.925      ;
; 0.662 ; divisorClock:divisor_de_clock_inst|counter[0]  ; divisorClock:divisor_de_clock_inst|counter[0]  ; CLOCK_50     ; CLOCK_50    ; 0.000        ; 0.081      ; 0.929      ;
; 0.686 ; divisorClock:divisor_de_clock_inst|counter[8]  ; divisorClock:divisor_de_clock_inst|counter[8]  ; CLOCK_50     ; CLOCK_50    ; 0.000        ; 0.043      ; 0.915      ;
; 0.687 ; divisorClock:divisor_de_clock_inst|counter[7]  ; divisorClock:divisor_de_clock_inst|counter[7]  ; CLOCK_50     ; CLOCK_50    ; 0.000        ; 0.043      ; 0.916      ;
; 0.688 ; divisorClock:divisor_de_clock_inst|counter[6]  ; divisorClock:divisor_de_clock_inst|counter[6]  ; CLOCK_50     ; CLOCK_50    ; 0.000        ; 0.043      ; 0.917      ;
; 0.689 ; divisorClock:divisor_de_clock_inst|counter[5]  ; divisorClock:divisor_de_clock_inst|counter[5]  ; CLOCK_50     ; CLOCK_50    ; 0.000        ; 0.043      ; 0.918      ;
; 0.697 ; divisorClock:divisor_de_clock_inst|counter[19] ; divisorClock:divisor_de_clock_inst|counter[19] ; CLOCK_50     ; CLOCK_50    ; 0.000        ; 0.043      ; 0.926      ;
; 0.700 ; divisorClock:divisor_de_clock_inst|counter[10] ; divisorClock:divisor_de_clock_inst|counter[10] ; CLOCK_50     ; CLOCK_50    ; 0.000        ; 0.043      ; 0.929      ;
; 0.701 ; divisorClock:divisor_de_clock_inst|counter[9]  ; divisorClock:divisor_de_clock_inst|counter[9]  ; CLOCK_50     ; CLOCK_50    ; 0.000        ; 0.043      ; 0.930      ;
; 0.701 ; divisorClock:divisor_de_clock_inst|counter[17] ; divisorClock:divisor_de_clock_inst|counter[17] ; CLOCK_50     ; CLOCK_50    ; 0.000        ; 0.043      ; 0.930      ;
; 0.702 ; divisorClock:divisor_de_clock_inst|counter[13] ; divisorClock:divisor_de_clock_inst|counter[13] ; CLOCK_50     ; CLOCK_50    ; 0.000        ; 0.043      ; 0.931      ;
; 0.702 ; divisorClock:divisor_de_clock_inst|counter[14] ; divisorClock:divisor_de_clock_inst|counter[14] ; CLOCK_50     ; CLOCK_50    ; 0.000        ; 0.043      ; 0.931      ;
; 0.703 ; divisorClock:divisor_de_clock_inst|counter[15] ; divisorClock:divisor_de_clock_inst|counter[15] ; CLOCK_50     ; CLOCK_50    ; 0.000        ; 0.043      ; 0.932      ;
; 0.703 ; divisorClock:divisor_de_clock_inst|counter[16] ; divisorClock:divisor_de_clock_inst|counter[16] ; CLOCK_50     ; CLOCK_50    ; 0.000        ; 0.043      ; 0.932      ;
; 0.704 ; divisorClock:divisor_de_clock_inst|counter[12] ; divisorClock:divisor_de_clock_inst|counter[12] ; CLOCK_50     ; CLOCK_50    ; 0.000        ; 0.043      ; 0.933      ;
; 0.705 ; divisorClock:divisor_de_clock_inst|counter[21] ; divisorClock:divisor_de_clock_inst|counter[21] ; CLOCK_50     ; CLOCK_50    ; 0.000        ; 0.043      ; 0.934      ;
; 0.705 ; divisorClock:divisor_de_clock_inst|counter[22] ; divisorClock:divisor_de_clock_inst|counter[22] ; CLOCK_50     ; CLOCK_50    ; 0.000        ; 0.043      ; 0.934      ;
; 0.707 ; divisorClock:divisor_de_clock_inst|counter[18] ; divisorClock:divisor_de_clock_inst|counter[18] ; CLOCK_50     ; CLOCK_50    ; 0.000        ; 0.043      ; 0.936      ;
; 0.717 ; divisorClock:divisor_de_clock_inst|counter[11] ; divisorClock:divisor_de_clock_inst|counter[11] ; CLOCK_50     ; CLOCK_50    ; 0.000        ; 0.043      ; 0.946      ;
; 0.830 ; divisorClock:divisor_de_clock_inst|counter[10] ; divisorClock:divisor_de_clock_inst|counter[11] ; CLOCK_50     ; CLOCK_50    ; 0.000        ; 0.240      ; 1.256      ;
; 0.835 ; divisorClock:divisor_de_clock_inst|counter[10] ; divisorClock:divisor_de_clock_inst|counter[12] ; CLOCK_50     ; CLOCK_50    ; 0.000        ; 0.240      ; 1.261      ;
; 0.842 ; divisorClock:divisor_de_clock_inst|counter[20] ; divisorClock:divisor_de_clock_inst|counter[20] ; CLOCK_50     ; CLOCK_50    ; 0.000        ; 0.043      ; 1.071      ;
; 0.942 ; divisorClock:divisor_de_clock_inst|counter[8]  ; divisorClock:divisor_de_clock_inst|counter[11] ; CLOCK_50     ; CLOCK_50    ; 0.000        ; 0.240      ; 1.368      ;
; 0.942 ; divisorClock:divisor_de_clock_inst|counter[9]  ; divisorClock:divisor_de_clock_inst|counter[11] ; CLOCK_50     ; CLOCK_50    ; 0.000        ; 0.240      ; 1.368      ;
; 0.947 ; divisorClock:divisor_de_clock_inst|counter[8]  ; divisorClock:divisor_de_clock_inst|counter[12] ; CLOCK_50     ; CLOCK_50    ; 0.000        ; 0.240      ; 1.373      ;
; 0.947 ; divisorClock:divisor_de_clock_inst|counter[9]  ; divisorClock:divisor_de_clock_inst|counter[12] ; CLOCK_50     ; CLOCK_50    ; 0.000        ; 0.240      ; 1.373      ;
; 0.956 ; divisorClock:divisor_de_clock_inst|counter[10] ; divisorClock:divisor_de_clock_inst|counter[13] ; CLOCK_50     ; CLOCK_50    ; 0.000        ; 0.240      ; 1.382      ;
; 0.959 ; divisorClock:divisor_de_clock_inst|counter[1]  ; divisorClock:divisor_de_clock_inst|counter[2]  ; CLOCK_50     ; CLOCK_50    ; 0.000        ; 0.081      ; 1.226      ;
; 0.961 ; divisorClock:divisor_de_clock_inst|counter[10] ; divisorClock:divisor_de_clock_inst|counter[14] ; CLOCK_50     ; CLOCK_50    ; 0.000        ; 0.240      ; 1.387      ;
; 0.970 ; divisorClock:divisor_de_clock_inst|counter[0]  ; divisorClock:divisor_de_clock_inst|counter[1]  ; CLOCK_50     ; CLOCK_50    ; 0.000        ; 0.081      ; 1.237      ;
; 0.974 ; divisorClock:divisor_de_clock_inst|counter[2]  ; divisorClock:divisor_de_clock_inst|counter[3]  ; CLOCK_50     ; CLOCK_50    ; 0.000        ; 0.081      ; 1.241      ;
; 0.975 ; divisorClock:divisor_de_clock_inst|counter[3]  ; divisorClock:divisor_de_clock_inst|counter[4]  ; CLOCK_50     ; CLOCK_50    ; 0.000        ; 0.081      ; 1.242      ;
; 0.975 ; divisorClock:divisor_de_clock_inst|counter[0]  ; divisorClock:divisor_de_clock_inst|counter[2]  ; CLOCK_50     ; CLOCK_50    ; 0.000        ; 0.081      ; 1.242      ;
; 0.979 ; divisorClock:divisor_de_clock_inst|counter[2]  ; divisorClock:divisor_de_clock_inst|counter[4]  ; CLOCK_50     ; CLOCK_50    ; 0.000        ; 0.081      ; 1.246      ;
; 0.996 ; divisorClock:divisor_de_clock_inst|counter[7]  ; divisorClock:divisor_de_clock_inst|counter[8]  ; CLOCK_50     ; CLOCK_50    ; 0.000        ; 0.051      ; 1.233      ;
; 0.998 ; divisorClock:divisor_de_clock_inst|counter[5]  ; divisorClock:divisor_de_clock_inst|counter[6]  ; CLOCK_50     ; CLOCK_50    ; 0.000        ; 0.051      ; 1.235      ;
; 1.005 ; divisorClock:divisor_de_clock_inst|counter[8]  ; divisorClock:divisor_de_clock_inst|counter[9]  ; CLOCK_50     ; CLOCK_50    ; 0.000        ; 0.051      ; 1.242      ;
; 1.007 ; divisorClock:divisor_de_clock_inst|counter[6]  ; divisorClock:divisor_de_clock_inst|counter[7]  ; CLOCK_50     ; CLOCK_50    ; 0.000        ; 0.051      ; 1.244      ;
; 1.008 ; divisorClock:divisor_de_clock_inst|counter[19] ; divisorClock:divisor_de_clock_inst|counter[20] ; CLOCK_50     ; CLOCK_50    ; 0.000        ; 0.049      ; 1.243      ;
; 1.010 ; divisorClock:divisor_de_clock_inst|counter[8]  ; divisorClock:divisor_de_clock_inst|counter[10] ; CLOCK_50     ; CLOCK_50    ; 0.000        ; 0.051      ; 1.247      ;
; 1.010 ; divisorClock:divisor_de_clock_inst|counter[9]  ; divisorClock:divisor_de_clock_inst|counter[10] ; CLOCK_50     ; CLOCK_50    ; 0.000        ; 0.051      ; 1.247      ;
; 1.012 ; divisorClock:divisor_de_clock_inst|counter[6]  ; divisorClock:divisor_de_clock_inst|counter[8]  ; CLOCK_50     ; CLOCK_50    ; 0.000        ; 0.051      ; 1.249      ;
; 1.013 ; divisorClock:divisor_de_clock_inst|counter[13] ; divisorClock:divisor_de_clock_inst|counter[14] ; CLOCK_50     ; CLOCK_50    ; 0.000        ; 0.049      ; 1.248      ;
; 1.013 ; divisorClock:divisor_de_clock_inst|counter[17] ; divisorClock:divisor_de_clock_inst|counter[18] ; CLOCK_50     ; CLOCK_50    ; 0.000        ; 0.049      ; 1.248      ;
; 1.014 ; divisorClock:divisor_de_clock_inst|counter[15] ; divisorClock:divisor_de_clock_inst|counter[16] ; CLOCK_50     ; CLOCK_50    ; 0.000        ; 0.049      ; 1.249      ;
; 1.016 ; divisorClock:divisor_de_clock_inst|counter[21] ; divisorClock:divisor_de_clock_inst|counter[22] ; CLOCK_50     ; CLOCK_50    ; 0.000        ; 0.049      ; 1.251      ;
; 1.023 ; divisorClock:divisor_de_clock_inst|counter[14] ; divisorClock:divisor_de_clock_inst|counter[15] ; CLOCK_50     ; CLOCK_50    ; 0.000        ; 0.049      ; 1.258      ;
; 1.024 ; divisorClock:divisor_de_clock_inst|counter[16] ; divisorClock:divisor_de_clock_inst|counter[17] ; CLOCK_50     ; CLOCK_50    ; 0.000        ; 0.049      ; 1.259      ;
; 1.025 ; divisorClock:divisor_de_clock_inst|counter[12] ; divisorClock:divisor_de_clock_inst|counter[13] ; CLOCK_50     ; CLOCK_50    ; 0.000        ; 0.049      ; 1.260      ;
; 1.028 ; divisorClock:divisor_de_clock_inst|counter[11] ; divisorClock:divisor_de_clock_inst|counter[12] ; CLOCK_50     ; CLOCK_50    ; 0.000        ; 0.049      ; 1.263      ;
; 1.028 ; divisorClock:divisor_de_clock_inst|counter[14] ; divisorClock:divisor_de_clock_inst|counter[16] ; CLOCK_50     ; CLOCK_50    ; 0.000        ; 0.049      ; 1.263      ;
; 1.028 ; divisorClock:divisor_de_clock_inst|counter[18] ; divisorClock:divisor_de_clock_inst|counter[19] ; CLOCK_50     ; CLOCK_50    ; 0.000        ; 0.049      ; 1.263      ;
; 1.029 ; divisorClock:divisor_de_clock_inst|counter[16] ; divisorClock:divisor_de_clock_inst|counter[18] ; CLOCK_50     ; CLOCK_50    ; 0.000        ; 0.049      ; 1.264      ;
; 1.030 ; divisorClock:divisor_de_clock_inst|counter[12] ; divisorClock:divisor_de_clock_inst|counter[14] ; CLOCK_50     ; CLOCK_50    ; 0.000        ; 0.049      ; 1.265      ;
; 1.033 ; divisorClock:divisor_de_clock_inst|counter[18] ; divisorClock:divisor_de_clock_inst|counter[20] ; CLOCK_50     ; CLOCK_50    ; 0.000        ; 0.049      ; 1.268      ;
; 1.054 ; divisorClock:divisor_de_clock_inst|counter[7]  ; divisorClock:divisor_de_clock_inst|counter[11] ; CLOCK_50     ; CLOCK_50    ; 0.000        ; 0.240      ; 1.480      ;
; 1.059 ; divisorClock:divisor_de_clock_inst|counter[7]  ; divisorClock:divisor_de_clock_inst|counter[12] ; CLOCK_50     ; CLOCK_50    ; 0.000        ; 0.240      ; 1.485      ;
; 1.068 ; divisorClock:divisor_de_clock_inst|counter[8]  ; divisorClock:divisor_de_clock_inst|counter[13] ; CLOCK_50     ; CLOCK_50    ; 0.000        ; 0.240      ; 1.494      ;
; 1.068 ; divisorClock:divisor_de_clock_inst|counter[9]  ; divisorClock:divisor_de_clock_inst|counter[13] ; CLOCK_50     ; CLOCK_50    ; 0.000        ; 0.240      ; 1.494      ;
; 1.070 ; divisorClock:divisor_de_clock_inst|counter[6]  ; divisorClock:divisor_de_clock_inst|counter[11] ; CLOCK_50     ; CLOCK_50    ; 0.000        ; 0.240      ; 1.496      ;
; 1.073 ; divisorClock:divisor_de_clock_inst|counter[8]  ; divisorClock:divisor_de_clock_inst|counter[14] ; CLOCK_50     ; CLOCK_50    ; 0.000        ; 0.240      ; 1.499      ;
; 1.073 ; divisorClock:divisor_de_clock_inst|counter[9]  ; divisorClock:divisor_de_clock_inst|counter[14] ; CLOCK_50     ; CLOCK_50    ; 0.000        ; 0.240      ; 1.499      ;
; 1.075 ; divisorClock:divisor_de_clock_inst|counter[6]  ; divisorClock:divisor_de_clock_inst|counter[12] ; CLOCK_50     ; CLOCK_50    ; 0.000        ; 0.240      ; 1.501      ;
; 1.080 ; divisorClock:divisor_de_clock_inst|counter[1]  ; divisorClock:divisor_de_clock_inst|counter[3]  ; CLOCK_50     ; CLOCK_50    ; 0.000        ; 0.081      ; 1.347      ;
; 1.082 ; divisorClock:divisor_de_clock_inst|counter[10] ; divisorClock:divisor_de_clock_inst|counter[15] ; CLOCK_50     ; CLOCK_50    ; 0.000        ; 0.240      ; 1.508      ;
; 1.085 ; divisorClock:divisor_de_clock_inst|counter[1]  ; divisorClock:divisor_de_clock_inst|counter[4]  ; CLOCK_50     ; CLOCK_50    ; 0.000        ; 0.081      ; 1.352      ;
; 1.087 ; divisorClock:divisor_de_clock_inst|counter[10] ; divisorClock:divisor_de_clock_inst|counter[16] ; CLOCK_50     ; CLOCK_50    ; 0.000        ; 0.240      ; 1.513      ;
; 1.096 ; divisorClock:divisor_de_clock_inst|counter[0]  ; divisorClock:divisor_de_clock_inst|counter[3]  ; CLOCK_50     ; CLOCK_50    ; 0.000        ; 0.081      ; 1.363      ;
; 1.101 ; divisorClock:divisor_de_clock_inst|counter[0]  ; divisorClock:divisor_de_clock_inst|counter[4]  ; CLOCK_50     ; CLOCK_50    ; 0.000        ; 0.081      ; 1.368      ;
; 1.117 ; divisorClock:divisor_de_clock_inst|counter[7]  ; divisorClock:divisor_de_clock_inst|counter[9]  ; CLOCK_50     ; CLOCK_50    ; 0.000        ; 0.051      ; 1.354      ;
; 1.119 ; divisorClock:divisor_de_clock_inst|counter[5]  ; divisorClock:divisor_de_clock_inst|counter[7]  ; CLOCK_50     ; CLOCK_50    ; 0.000        ; 0.051      ; 1.356      ;
; 1.122 ; divisorClock:divisor_de_clock_inst|counter[7]  ; divisorClock:divisor_de_clock_inst|counter[10] ; CLOCK_50     ; CLOCK_50    ; 0.000        ; 0.051      ; 1.359      ;
; 1.124 ; divisorClock:divisor_de_clock_inst|counter[5]  ; divisorClock:divisor_de_clock_inst|counter[8]  ; CLOCK_50     ; CLOCK_50    ; 0.000        ; 0.051      ; 1.361      ;
; 1.129 ; divisorClock:divisor_de_clock_inst|counter[19] ; divisorClock:divisor_de_clock_inst|counter[21] ; CLOCK_50     ; CLOCK_50    ; 0.000        ; 0.049      ; 1.364      ;
; 1.133 ; divisorClock:divisor_de_clock_inst|counter[6]  ; divisorClock:divisor_de_clock_inst|counter[9]  ; CLOCK_50     ; CLOCK_50    ; 0.000        ; 0.051      ; 1.370      ;
; 1.134 ; divisorClock:divisor_de_clock_inst|counter[13] ; divisorClock:divisor_de_clock_inst|counter[15] ; CLOCK_50     ; CLOCK_50    ; 0.000        ; 0.049      ; 1.369      ;
; 1.134 ; divisorClock:divisor_de_clock_inst|counter[19] ; divisorClock:divisor_de_clock_inst|counter[22] ; CLOCK_50     ; CLOCK_50    ; 0.000        ; 0.049      ; 1.369      ;
; 1.134 ; divisorClock:divisor_de_clock_inst|counter[17] ; divisorClock:divisor_de_clock_inst|counter[19] ; CLOCK_50     ; CLOCK_50    ; 0.000        ; 0.049      ; 1.369      ;
; 1.135 ; divisorClock:divisor_de_clock_inst|counter[15] ; divisorClock:divisor_de_clock_inst|counter[17] ; CLOCK_50     ; CLOCK_50    ; 0.000        ; 0.049      ; 1.370      ;
; 1.138 ; divisorClock:divisor_de_clock_inst|counter[6]  ; divisorClock:divisor_de_clock_inst|counter[10] ; CLOCK_50     ; CLOCK_50    ; 0.000        ; 0.051      ; 1.375      ;
; 1.139 ; divisorClock:divisor_de_clock_inst|counter[13] ; divisorClock:divisor_de_clock_inst|counter[16] ; CLOCK_50     ; CLOCK_50    ; 0.000        ; 0.049      ; 1.374      ;
; 1.139 ; divisorClock:divisor_de_clock_inst|counter[17] ; divisorClock:divisor_de_clock_inst|counter[20] ; CLOCK_50     ; CLOCK_50    ; 0.000        ; 0.049      ; 1.374      ;
; 1.140 ; divisorClock:divisor_de_clock_inst|counter[15] ; divisorClock:divisor_de_clock_inst|counter[18] ; CLOCK_50     ; CLOCK_50    ; 0.000        ; 0.049      ; 1.375      ;
; 1.149 ; divisorClock:divisor_de_clock_inst|counter[11] ; divisorClock:divisor_de_clock_inst|counter[13] ; CLOCK_50     ; CLOCK_50    ; 0.000        ; 0.049      ; 1.384      ;
; 1.149 ; divisorClock:divisor_de_clock_inst|counter[14] ; divisorClock:divisor_de_clock_inst|counter[17] ; CLOCK_50     ; CLOCK_50    ; 0.000        ; 0.049      ; 1.384      ;
; 1.150 ; divisorClock:divisor_de_clock_inst|counter[16] ; divisorClock:divisor_de_clock_inst|counter[19] ; CLOCK_50     ; CLOCK_50    ; 0.000        ; 0.049      ; 1.385      ;
; 1.151 ; divisorClock:divisor_de_clock_inst|counter[12] ; divisorClock:divisor_de_clock_inst|counter[15] ; CLOCK_50     ; CLOCK_50    ; 0.000        ; 0.049      ; 1.386      ;
; 1.154 ; divisorClock:divisor_de_clock_inst|counter[11] ; divisorClock:divisor_de_clock_inst|counter[14] ; CLOCK_50     ; CLOCK_50    ; 0.000        ; 0.049      ; 1.389      ;
; 1.154 ; divisorClock:divisor_de_clock_inst|counter[14] ; divisorClock:divisor_de_clock_inst|counter[18] ; CLOCK_50     ; CLOCK_50    ; 0.000        ; 0.049      ; 1.389      ;
; 1.154 ; divisorClock:divisor_de_clock_inst|counter[18] ; divisorClock:divisor_de_clock_inst|counter[21] ; CLOCK_50     ; CLOCK_50    ; 0.000        ; 0.049      ; 1.389      ;
; 1.155 ; divisorClock:divisor_de_clock_inst|counter[16] ; divisorClock:divisor_de_clock_inst|counter[20] ; CLOCK_50     ; CLOCK_50    ; 0.000        ; 0.049      ; 1.390      ;
; 1.156 ; divisorClock:divisor_de_clock_inst|counter[12] ; divisorClock:divisor_de_clock_inst|counter[16] ; CLOCK_50     ; CLOCK_50    ; 0.000        ; 0.049      ; 1.391      ;
; 1.159 ; divisorClock:divisor_de_clock_inst|counter[18] ; divisorClock:divisor_de_clock_inst|counter[22] ; CLOCK_50     ; CLOCK_50    ; 0.000        ; 0.049      ; 1.394      ;
; 1.163 ; divisorClock:divisor_de_clock_inst|counter[20] ; divisorClock:divisor_de_clock_inst|counter[21] ; CLOCK_50     ; CLOCK_50    ; 0.000        ; 0.049      ; 1.398      ;
; 1.168 ; divisorClock:divisor_de_clock_inst|counter[20] ; divisorClock:divisor_de_clock_inst|counter[22] ; CLOCK_50     ; CLOCK_50    ; 0.000        ; 0.049      ; 1.403      ;
; 1.180 ; divisorClock:divisor_de_clock_inst|counter[7]  ; divisorClock:divisor_de_clock_inst|counter[13] ; CLOCK_50     ; CLOCK_50    ; 0.000        ; 0.240      ; 1.606      ;
; 1.182 ; divisorClock:divisor_de_clock_inst|counter[5]  ; divisorClock:divisor_de_clock_inst|counter[11] ; CLOCK_50     ; CLOCK_50    ; 0.000        ; 0.240      ; 1.608      ;
+-------+------------------------------------------------+------------------------------------------------+--------------+-------------+--------------+------------+------------+


-----------------------------------------------
; Slow 1200mV 85C Model Metastability Summary ;
-----------------------------------------------
No synchronizer chains to report.


+------------------------------------------------+
; Slow 1200mV 0C Model Fmax Summary              ;
+----------+-----------------+------------+------+
; Fmax     ; Restricted Fmax ; Clock Name ; Note ;
+----------+-----------------+------------+------+
; 8.24 MHz ; 8.24 MHz        ; CLOCK_50   ;      ;
+----------+-----------------+------------+------+
This panel reports FMAX for every clock in the design, regardless of the user-specified clock periods.  FMAX is only computed for paths where the source and destination registers or ports are driven by the same clock.  Paths of different clocks, including generated clocks, are ignored.  For paths between a clock and its inversion, FMAX is computed as if the rising and falling edges are scaled along with FMAX, such that the duty cycle (in terms of a percentage) is maintained. Altera recommends that you always use clock constraints and other slack reports for sign-off analysis.


+-------------------------------------+
; Slow 1200mV 0C Model Setup Summary  ;
+----------+----------+---------------+
; Clock    ; Slack    ; End Point TNS ;
+----------+----------+---------------+
; CLOCK_50 ; -101.329 ; -101.329      ;
+----------+----------+---------------+


+-----------------------------------+
; Slow 1200mV 0C Model Hold Summary ;
+----------+-------+----------------+
; Clock    ; Slack ; End Point TNS  ;
+----------+-------+----------------+
; CLOCK_50 ; 0.586 ; 0.000          ;
+----------+-------+----------------+


-----------------------------------------
; Slow 1200mV 0C Model Recovery Summary ;
-----------------------------------------
No paths to report.


----------------------------------------
; Slow 1200mV 0C Model Removal Summary ;
----------------------------------------
No paths to report.


+--------------------------------------------------+
; Slow 1200mV 0C Model Minimum Pulse Width Summary ;
+----------+-------+-------------------------------+
; Clock    ; Slack ; End Point TNS                 ;
+----------+-------+-------------------------------+
; CLOCK_50 ; 9.605 ; 0.000                         ;
+----------+-------+-------------------------------+


+----------------------------------------------------------------------------------------------------------------------------------------------------------------------------------------------------------------------------------------------------------------------------------------------------------------------------------+
; Slow 1200mV 0C Model Setup: 'CLOCK_50'                                                                                                                                                                                                                                                                                           ;
+----------+--------------------------------------------------------------------------------------------------------------------------+----------------------------------------------------------------------------------------------------------------------+--------------+-------------+--------------+------------+------------+
; Slack    ; From Node                                                                                                                ; To Node                                                                                                              ; Launch Clock ; Latch Clock ; Relationship ; Clock Skew ; Data Delay ;
+----------+--------------------------------------------------------------------------------------------------------------------------+----------------------------------------------------------------------------------------------------------------------+--------------+-------------+--------------+------------+------------+
; -101.329 ; memoriaROM:memoria_de_instrucao_inst|altsyncram:rom_rtl_0|altsyncram_7m71:auto_generated|ram_block1a0~porta_address_reg0 ; memoriaRAM:memoria_de_dados_inst|altsyncram:ram_rtl_0|altsyncram_qsd1:auto_generated|ram_block1a0~portb_address_reg0 ; CLOCK_50     ; CLOCK_50    ; 20.000       ; -0.163     ; 121.216    ;
; 14.550   ; divisorClock:divisor_de_clock_inst|counter[1]                                                                            ; divisorClock:divisor_de_clock_inst|counter[5]                                                                        ; CLOCK_50     ; CLOCK_50    ; 20.000       ; -0.608     ; 4.861      ;
; 14.550   ; divisorClock:divisor_de_clock_inst|counter[1]                                                                            ; divisorClock:divisor_de_clock_inst|counter[6]                                                                        ; CLOCK_50     ; CLOCK_50    ; 20.000       ; -0.608     ; 4.861      ;
; 14.550   ; divisorClock:divisor_de_clock_inst|counter[1]                                                                            ; divisorClock:divisor_de_clock_inst|counter[7]                                                                        ; CLOCK_50     ; CLOCK_50    ; 20.000       ; -0.608     ; 4.861      ;
; 14.550   ; divisorClock:divisor_de_clock_inst|counter[1]                                                                            ; divisorClock:divisor_de_clock_inst|counter[8]                                                                        ; CLOCK_50     ; CLOCK_50    ; 20.000       ; -0.608     ; 4.861      ;
; 14.550   ; divisorClock:divisor_de_clock_inst|counter[1]                                                                            ; divisorClock:divisor_de_clock_inst|counter[9]                                                                        ; CLOCK_50     ; CLOCK_50    ; 20.000       ; -0.608     ; 4.861      ;
; 14.550   ; divisorClock:divisor_de_clock_inst|counter[1]                                                                            ; divisorClock:divisor_de_clock_inst|counter[10]                                                                       ; CLOCK_50     ; CLOCK_50    ; 20.000       ; -0.608     ; 4.861      ;
; 14.684   ; divisorClock:divisor_de_clock_inst|counter[2]                                                                            ; divisorClock:divisor_de_clock_inst|counter[5]                                                                        ; CLOCK_50     ; CLOCK_50    ; 20.000       ; -0.608     ; 4.727      ;
; 14.684   ; divisorClock:divisor_de_clock_inst|counter[2]                                                                            ; divisorClock:divisor_de_clock_inst|counter[6]                                                                        ; CLOCK_50     ; CLOCK_50    ; 20.000       ; -0.608     ; 4.727      ;
; 14.684   ; divisorClock:divisor_de_clock_inst|counter[2]                                                                            ; divisorClock:divisor_de_clock_inst|counter[7]                                                                        ; CLOCK_50     ; CLOCK_50    ; 20.000       ; -0.608     ; 4.727      ;
; 14.684   ; divisorClock:divisor_de_clock_inst|counter[2]                                                                            ; divisorClock:divisor_de_clock_inst|counter[8]                                                                        ; CLOCK_50     ; CLOCK_50    ; 20.000       ; -0.608     ; 4.727      ;
; 14.684   ; divisorClock:divisor_de_clock_inst|counter[2]                                                                            ; divisorClock:divisor_de_clock_inst|counter[9]                                                                        ; CLOCK_50     ; CLOCK_50    ; 20.000       ; -0.608     ; 4.727      ;
; 14.684   ; divisorClock:divisor_de_clock_inst|counter[2]                                                                            ; divisorClock:divisor_de_clock_inst|counter[10]                                                                       ; CLOCK_50     ; CLOCK_50    ; 20.000       ; -0.608     ; 4.727      ;
; 14.800   ; divisorClock:divisor_de_clock_inst|counter[0]                                                                            ; divisorClock:divisor_de_clock_inst|counter[5]                                                                        ; CLOCK_50     ; CLOCK_50    ; 20.000       ; -0.608     ; 4.611      ;
; 14.800   ; divisorClock:divisor_de_clock_inst|counter[0]                                                                            ; divisorClock:divisor_de_clock_inst|counter[6]                                                                        ; CLOCK_50     ; CLOCK_50    ; 20.000       ; -0.608     ; 4.611      ;
; 14.800   ; divisorClock:divisor_de_clock_inst|counter[0]                                                                            ; divisorClock:divisor_de_clock_inst|counter[7]                                                                        ; CLOCK_50     ; CLOCK_50    ; 20.000       ; -0.608     ; 4.611      ;
; 14.800   ; divisorClock:divisor_de_clock_inst|counter[0]                                                                            ; divisorClock:divisor_de_clock_inst|counter[8]                                                                        ; CLOCK_50     ; CLOCK_50    ; 20.000       ; -0.608     ; 4.611      ;
; 14.800   ; divisorClock:divisor_de_clock_inst|counter[0]                                                                            ; divisorClock:divisor_de_clock_inst|counter[9]                                                                        ; CLOCK_50     ; CLOCK_50    ; 20.000       ; -0.608     ; 4.611      ;
; 14.800   ; divisorClock:divisor_de_clock_inst|counter[0]                                                                            ; divisorClock:divisor_de_clock_inst|counter[10]                                                                       ; CLOCK_50     ; CLOCK_50    ; 20.000       ; -0.608     ; 4.611      ;
; 14.834   ; divisorClock:divisor_de_clock_inst|counter[3]                                                                            ; divisorClock:divisor_de_clock_inst|counter[5]                                                                        ; CLOCK_50     ; CLOCK_50    ; 20.000       ; -0.608     ; 4.577      ;
; 14.834   ; divisorClock:divisor_de_clock_inst|counter[3]                                                                            ; divisorClock:divisor_de_clock_inst|counter[6]                                                                        ; CLOCK_50     ; CLOCK_50    ; 20.000       ; -0.608     ; 4.577      ;
; 14.834   ; divisorClock:divisor_de_clock_inst|counter[3]                                                                            ; divisorClock:divisor_de_clock_inst|counter[7]                                                                        ; CLOCK_50     ; CLOCK_50    ; 20.000       ; -0.608     ; 4.577      ;
; 14.834   ; divisorClock:divisor_de_clock_inst|counter[3]                                                                            ; divisorClock:divisor_de_clock_inst|counter[8]                                                                        ; CLOCK_50     ; CLOCK_50    ; 20.000       ; -0.608     ; 4.577      ;
; 14.834   ; divisorClock:divisor_de_clock_inst|counter[3]                                                                            ; divisorClock:divisor_de_clock_inst|counter[9]                                                                        ; CLOCK_50     ; CLOCK_50    ; 20.000       ; -0.608     ; 4.577      ;
; 14.834   ; divisorClock:divisor_de_clock_inst|counter[3]                                                                            ; divisorClock:divisor_de_clock_inst|counter[10]                                                                       ; CLOCK_50     ; CLOCK_50    ; 20.000       ; -0.608     ; 4.577      ;
; 14.860   ; divisorClock:divisor_de_clock_inst|counter[1]                                                                            ; divisorClock:divisor_de_clock_inst|counter[17]                                                                       ; CLOCK_50     ; CLOCK_50    ; 20.000       ; -0.482     ; 4.677      ;
; 14.860   ; divisorClock:divisor_de_clock_inst|counter[1]                                                                            ; divisorClock:divisor_de_clock_inst|counter[21]                                                                       ; CLOCK_50     ; CLOCK_50    ; 20.000       ; -0.482     ; 4.677      ;
; 14.860   ; divisorClock:divisor_de_clock_inst|counter[1]                                                                            ; divisorClock:divisor_de_clock_inst|counter[11]                                                                       ; CLOCK_50     ; CLOCK_50    ; 20.000       ; -0.482     ; 4.677      ;
; 14.860   ; divisorClock:divisor_de_clock_inst|counter[1]                                                                            ; divisorClock:divisor_de_clock_inst|counter[12]                                                                       ; CLOCK_50     ; CLOCK_50    ; 20.000       ; -0.482     ; 4.677      ;
; 14.860   ; divisorClock:divisor_de_clock_inst|counter[1]                                                                            ; divisorClock:divisor_de_clock_inst|counter[13]                                                                       ; CLOCK_50     ; CLOCK_50    ; 20.000       ; -0.482     ; 4.677      ;
; 14.860   ; divisorClock:divisor_de_clock_inst|counter[1]                                                                            ; divisorClock:divisor_de_clock_inst|counter[14]                                                                       ; CLOCK_50     ; CLOCK_50    ; 20.000       ; -0.482     ; 4.677      ;
; 14.860   ; divisorClock:divisor_de_clock_inst|counter[1]                                                                            ; divisorClock:divisor_de_clock_inst|counter[15]                                                                       ; CLOCK_50     ; CLOCK_50    ; 20.000       ; -0.482     ; 4.677      ;
; 14.860   ; divisorClock:divisor_de_clock_inst|counter[1]                                                                            ; divisorClock:divisor_de_clock_inst|counter[16]                                                                       ; CLOCK_50     ; CLOCK_50    ; 20.000       ; -0.482     ; 4.677      ;
; 14.860   ; divisorClock:divisor_de_clock_inst|counter[1]                                                                            ; divisorClock:divisor_de_clock_inst|counter[18]                                                                       ; CLOCK_50     ; CLOCK_50    ; 20.000       ; -0.482     ; 4.677      ;
; 14.860   ; divisorClock:divisor_de_clock_inst|counter[1]                                                                            ; divisorClock:divisor_de_clock_inst|counter[19]                                                                       ; CLOCK_50     ; CLOCK_50    ; 20.000       ; -0.482     ; 4.677      ;
; 14.860   ; divisorClock:divisor_de_clock_inst|counter[1]                                                                            ; divisorClock:divisor_de_clock_inst|counter[20]                                                                       ; CLOCK_50     ; CLOCK_50    ; 20.000       ; -0.482     ; 4.677      ;
; 14.860   ; divisorClock:divisor_de_clock_inst|counter[1]                                                                            ; divisorClock:divisor_de_clock_inst|counter[22]                                                                       ; CLOCK_50     ; CLOCK_50    ; 20.000       ; -0.482     ; 4.677      ;
; 14.994   ; divisorClock:divisor_de_clock_inst|counter[2]                                                                            ; divisorClock:divisor_de_clock_inst|counter[17]                                                                       ; CLOCK_50     ; CLOCK_50    ; 20.000       ; -0.482     ; 4.543      ;
; 14.994   ; divisorClock:divisor_de_clock_inst|counter[2]                                                                            ; divisorClock:divisor_de_clock_inst|counter[21]                                                                       ; CLOCK_50     ; CLOCK_50    ; 20.000       ; -0.482     ; 4.543      ;
; 14.994   ; divisorClock:divisor_de_clock_inst|counter[2]                                                                            ; divisorClock:divisor_de_clock_inst|counter[11]                                                                       ; CLOCK_50     ; CLOCK_50    ; 20.000       ; -0.482     ; 4.543      ;
; 14.994   ; divisorClock:divisor_de_clock_inst|counter[2]                                                                            ; divisorClock:divisor_de_clock_inst|counter[12]                                                                       ; CLOCK_50     ; CLOCK_50    ; 20.000       ; -0.482     ; 4.543      ;
; 14.994   ; divisorClock:divisor_de_clock_inst|counter[2]                                                                            ; divisorClock:divisor_de_clock_inst|counter[13]                                                                       ; CLOCK_50     ; CLOCK_50    ; 20.000       ; -0.482     ; 4.543      ;
; 14.994   ; divisorClock:divisor_de_clock_inst|counter[2]                                                                            ; divisorClock:divisor_de_clock_inst|counter[14]                                                                       ; CLOCK_50     ; CLOCK_50    ; 20.000       ; -0.482     ; 4.543      ;
; 14.994   ; divisorClock:divisor_de_clock_inst|counter[2]                                                                            ; divisorClock:divisor_de_clock_inst|counter[15]                                                                       ; CLOCK_50     ; CLOCK_50    ; 20.000       ; -0.482     ; 4.543      ;
; 14.994   ; divisorClock:divisor_de_clock_inst|counter[2]                                                                            ; divisorClock:divisor_de_clock_inst|counter[16]                                                                       ; CLOCK_50     ; CLOCK_50    ; 20.000       ; -0.482     ; 4.543      ;
; 14.994   ; divisorClock:divisor_de_clock_inst|counter[2]                                                                            ; divisorClock:divisor_de_clock_inst|counter[18]                                                                       ; CLOCK_50     ; CLOCK_50    ; 20.000       ; -0.482     ; 4.543      ;
; 14.994   ; divisorClock:divisor_de_clock_inst|counter[2]                                                                            ; divisorClock:divisor_de_clock_inst|counter[19]                                                                       ; CLOCK_50     ; CLOCK_50    ; 20.000       ; -0.482     ; 4.543      ;
; 14.994   ; divisorClock:divisor_de_clock_inst|counter[2]                                                                            ; divisorClock:divisor_de_clock_inst|counter[20]                                                                       ; CLOCK_50     ; CLOCK_50    ; 20.000       ; -0.482     ; 4.543      ;
; 14.994   ; divisorClock:divisor_de_clock_inst|counter[2]                                                                            ; divisorClock:divisor_de_clock_inst|counter[22]                                                                       ; CLOCK_50     ; CLOCK_50    ; 20.000       ; -0.482     ; 4.543      ;
; 15.085   ; divisorClock:divisor_de_clock_inst|counter[1]                                                                            ; divisorClock:divisor_de_clock_inst|counter[0]                                                                        ; CLOCK_50     ; CLOCK_50    ; 20.000       ; -0.073     ; 4.861      ;
; 15.085   ; divisorClock:divisor_de_clock_inst|counter[1]                                                                            ; divisorClock:divisor_de_clock_inst|counter[1]                                                                        ; CLOCK_50     ; CLOCK_50    ; 20.000       ; -0.073     ; 4.861      ;
; 15.085   ; divisorClock:divisor_de_clock_inst|counter[1]                                                                            ; divisorClock:divisor_de_clock_inst|counter[2]                                                                        ; CLOCK_50     ; CLOCK_50    ; 20.000       ; -0.073     ; 4.861      ;
; 15.085   ; divisorClock:divisor_de_clock_inst|counter[1]                                                                            ; divisorClock:divisor_de_clock_inst|counter[3]                                                                        ; CLOCK_50     ; CLOCK_50    ; 20.000       ; -0.073     ; 4.861      ;
; 15.085   ; divisorClock:divisor_de_clock_inst|counter[1]                                                                            ; divisorClock:divisor_de_clock_inst|counter[4]                                                                        ; CLOCK_50     ; CLOCK_50    ; 20.000       ; -0.073     ; 4.861      ;
; 15.103   ; divisorClock:divisor_de_clock_inst|counter[5]                                                                            ; divisorClock:divisor_de_clock_inst|counter[6]                                                                        ; CLOCK_50     ; CLOCK_50    ; 20.000       ; -0.044     ; 4.872      ;
; 15.103   ; divisorClock:divisor_de_clock_inst|counter[5]                                                                            ; divisorClock:divisor_de_clock_inst|counter[7]                                                                        ; CLOCK_50     ; CLOCK_50    ; 20.000       ; -0.044     ; 4.872      ;
; 15.103   ; divisorClock:divisor_de_clock_inst|counter[5]                                                                            ; divisorClock:divisor_de_clock_inst|counter[8]                                                                        ; CLOCK_50     ; CLOCK_50    ; 20.000       ; -0.044     ; 4.872      ;
; 15.103   ; divisorClock:divisor_de_clock_inst|counter[5]                                                                            ; divisorClock:divisor_de_clock_inst|counter[9]                                                                        ; CLOCK_50     ; CLOCK_50    ; 20.000       ; -0.044     ; 4.872      ;
; 15.103   ; divisorClock:divisor_de_clock_inst|counter[5]                                                                            ; divisorClock:divisor_de_clock_inst|counter[10]                                                                       ; CLOCK_50     ; CLOCK_50    ; 20.000       ; -0.044     ; 4.872      ;
; 15.108   ; divisorClock:divisor_de_clock_inst|counter[5]                                                                            ; divisorClock:divisor_de_clock_inst|counter[5]                                                                        ; CLOCK_50     ; CLOCK_50    ; 20.000       ; -0.039     ; 4.872      ;
; 15.110   ; divisorClock:divisor_de_clock_inst|counter[0]                                                                            ; divisorClock:divisor_de_clock_inst|counter[17]                                                                       ; CLOCK_50     ; CLOCK_50    ; 20.000       ; -0.482     ; 4.427      ;
; 15.110   ; divisorClock:divisor_de_clock_inst|counter[0]                                                                            ; divisorClock:divisor_de_clock_inst|counter[21]                                                                       ; CLOCK_50     ; CLOCK_50    ; 20.000       ; -0.482     ; 4.427      ;
; 15.110   ; divisorClock:divisor_de_clock_inst|counter[0]                                                                            ; divisorClock:divisor_de_clock_inst|counter[11]                                                                       ; CLOCK_50     ; CLOCK_50    ; 20.000       ; -0.482     ; 4.427      ;
; 15.110   ; divisorClock:divisor_de_clock_inst|counter[0]                                                                            ; divisorClock:divisor_de_clock_inst|counter[12]                                                                       ; CLOCK_50     ; CLOCK_50    ; 20.000       ; -0.482     ; 4.427      ;
; 15.110   ; divisorClock:divisor_de_clock_inst|counter[0]                                                                            ; divisorClock:divisor_de_clock_inst|counter[13]                                                                       ; CLOCK_50     ; CLOCK_50    ; 20.000       ; -0.482     ; 4.427      ;
; 15.110   ; divisorClock:divisor_de_clock_inst|counter[0]                                                                            ; divisorClock:divisor_de_clock_inst|counter[14]                                                                       ; CLOCK_50     ; CLOCK_50    ; 20.000       ; -0.482     ; 4.427      ;
; 15.110   ; divisorClock:divisor_de_clock_inst|counter[0]                                                                            ; divisorClock:divisor_de_clock_inst|counter[15]                                                                       ; CLOCK_50     ; CLOCK_50    ; 20.000       ; -0.482     ; 4.427      ;
; 15.110   ; divisorClock:divisor_de_clock_inst|counter[0]                                                                            ; divisorClock:divisor_de_clock_inst|counter[16]                                                                       ; CLOCK_50     ; CLOCK_50    ; 20.000       ; -0.482     ; 4.427      ;
; 15.110   ; divisorClock:divisor_de_clock_inst|counter[0]                                                                            ; divisorClock:divisor_de_clock_inst|counter[18]                                                                       ; CLOCK_50     ; CLOCK_50    ; 20.000       ; -0.482     ; 4.427      ;
; 15.110   ; divisorClock:divisor_de_clock_inst|counter[0]                                                                            ; divisorClock:divisor_de_clock_inst|counter[19]                                                                       ; CLOCK_50     ; CLOCK_50    ; 20.000       ; -0.482     ; 4.427      ;
; 15.110   ; divisorClock:divisor_de_clock_inst|counter[0]                                                                            ; divisorClock:divisor_de_clock_inst|counter[20]                                                                       ; CLOCK_50     ; CLOCK_50    ; 20.000       ; -0.482     ; 4.427      ;
; 15.110   ; divisorClock:divisor_de_clock_inst|counter[0]                                                                            ; divisorClock:divisor_de_clock_inst|counter[22]                                                                       ; CLOCK_50     ; CLOCK_50    ; 20.000       ; -0.482     ; 4.427      ;
; 15.144   ; divisorClock:divisor_de_clock_inst|counter[3]                                                                            ; divisorClock:divisor_de_clock_inst|counter[17]                                                                       ; CLOCK_50     ; CLOCK_50    ; 20.000       ; -0.482     ; 4.393      ;
; 15.144   ; divisorClock:divisor_de_clock_inst|counter[3]                                                                            ; divisorClock:divisor_de_clock_inst|counter[21]                                                                       ; CLOCK_50     ; CLOCK_50    ; 20.000       ; -0.482     ; 4.393      ;
; 15.144   ; divisorClock:divisor_de_clock_inst|counter[3]                                                                            ; divisorClock:divisor_de_clock_inst|counter[11]                                                                       ; CLOCK_50     ; CLOCK_50    ; 20.000       ; -0.482     ; 4.393      ;
; 15.144   ; divisorClock:divisor_de_clock_inst|counter[3]                                                                            ; divisorClock:divisor_de_clock_inst|counter[12]                                                                       ; CLOCK_50     ; CLOCK_50    ; 20.000       ; -0.482     ; 4.393      ;
; 15.144   ; divisorClock:divisor_de_clock_inst|counter[3]                                                                            ; divisorClock:divisor_de_clock_inst|counter[13]                                                                       ; CLOCK_50     ; CLOCK_50    ; 20.000       ; -0.482     ; 4.393      ;
; 15.144   ; divisorClock:divisor_de_clock_inst|counter[3]                                                                            ; divisorClock:divisor_de_clock_inst|counter[14]                                                                       ; CLOCK_50     ; CLOCK_50    ; 20.000       ; -0.482     ; 4.393      ;
; 15.144   ; divisorClock:divisor_de_clock_inst|counter[3]                                                                            ; divisorClock:divisor_de_clock_inst|counter[15]                                                                       ; CLOCK_50     ; CLOCK_50    ; 20.000       ; -0.482     ; 4.393      ;
; 15.144   ; divisorClock:divisor_de_clock_inst|counter[3]                                                                            ; divisorClock:divisor_de_clock_inst|counter[16]                                                                       ; CLOCK_50     ; CLOCK_50    ; 20.000       ; -0.482     ; 4.393      ;
; 15.144   ; divisorClock:divisor_de_clock_inst|counter[3]                                                                            ; divisorClock:divisor_de_clock_inst|counter[18]                                                                       ; CLOCK_50     ; CLOCK_50    ; 20.000       ; -0.482     ; 4.393      ;
; 15.144   ; divisorClock:divisor_de_clock_inst|counter[3]                                                                            ; divisorClock:divisor_de_clock_inst|counter[19]                                                                       ; CLOCK_50     ; CLOCK_50    ; 20.000       ; -0.482     ; 4.393      ;
; 15.144   ; divisorClock:divisor_de_clock_inst|counter[3]                                                                            ; divisorClock:divisor_de_clock_inst|counter[20]                                                                       ; CLOCK_50     ; CLOCK_50    ; 20.000       ; -0.482     ; 4.393      ;
; 15.144   ; divisorClock:divisor_de_clock_inst|counter[3]                                                                            ; divisorClock:divisor_de_clock_inst|counter[22]                                                                       ; CLOCK_50     ; CLOCK_50    ; 20.000       ; -0.482     ; 4.393      ;
; 15.219   ; divisorClock:divisor_de_clock_inst|counter[2]                                                                            ; divisorClock:divisor_de_clock_inst|counter[0]                                                                        ; CLOCK_50     ; CLOCK_50    ; 20.000       ; -0.073     ; 4.727      ;
; 15.219   ; divisorClock:divisor_de_clock_inst|counter[2]                                                                            ; divisorClock:divisor_de_clock_inst|counter[1]                                                                        ; CLOCK_50     ; CLOCK_50    ; 20.000       ; -0.073     ; 4.727      ;
; 15.219   ; divisorClock:divisor_de_clock_inst|counter[2]                                                                            ; divisorClock:divisor_de_clock_inst|counter[2]                                                                        ; CLOCK_50     ; CLOCK_50    ; 20.000       ; -0.073     ; 4.727      ;
; 15.219   ; divisorClock:divisor_de_clock_inst|counter[2]                                                                            ; divisorClock:divisor_de_clock_inst|counter[3]                                                                        ; CLOCK_50     ; CLOCK_50    ; 20.000       ; -0.073     ; 4.727      ;
; 15.219   ; divisorClock:divisor_de_clock_inst|counter[2]                                                                            ; divisorClock:divisor_de_clock_inst|counter[4]                                                                        ; CLOCK_50     ; CLOCK_50    ; 20.000       ; -0.073     ; 4.727      ;
; 15.230   ; divisorClock:divisor_de_clock_inst|counter[4]                                                                            ; divisorClock:divisor_de_clock_inst|counter[5]                                                                        ; CLOCK_50     ; CLOCK_50    ; 20.000       ; -0.608     ; 4.181      ;
; 15.230   ; divisorClock:divisor_de_clock_inst|counter[4]                                                                            ; divisorClock:divisor_de_clock_inst|counter[6]                                                                        ; CLOCK_50     ; CLOCK_50    ; 20.000       ; -0.608     ; 4.181      ;
; 15.230   ; divisorClock:divisor_de_clock_inst|counter[4]                                                                            ; divisorClock:divisor_de_clock_inst|counter[7]                                                                        ; CLOCK_50     ; CLOCK_50    ; 20.000       ; -0.608     ; 4.181      ;
; 15.230   ; divisorClock:divisor_de_clock_inst|counter[4]                                                                            ; divisorClock:divisor_de_clock_inst|counter[8]                                                                        ; CLOCK_50     ; CLOCK_50    ; 20.000       ; -0.608     ; 4.181      ;
; 15.230   ; divisorClock:divisor_de_clock_inst|counter[4]                                                                            ; divisorClock:divisor_de_clock_inst|counter[9]                                                                        ; CLOCK_50     ; CLOCK_50    ; 20.000       ; -0.608     ; 4.181      ;
; 15.230   ; divisorClock:divisor_de_clock_inst|counter[4]                                                                            ; divisorClock:divisor_de_clock_inst|counter[10]                                                                       ; CLOCK_50     ; CLOCK_50    ; 20.000       ; -0.608     ; 4.181      ;
; 15.335   ; divisorClock:divisor_de_clock_inst|counter[0]                                                                            ; divisorClock:divisor_de_clock_inst|counter[0]                                                                        ; CLOCK_50     ; CLOCK_50    ; 20.000       ; -0.073     ; 4.611      ;
; 15.335   ; divisorClock:divisor_de_clock_inst|counter[0]                                                                            ; divisorClock:divisor_de_clock_inst|counter[1]                                                                        ; CLOCK_50     ; CLOCK_50    ; 20.000       ; -0.073     ; 4.611      ;
; 15.335   ; divisorClock:divisor_de_clock_inst|counter[0]                                                                            ; divisorClock:divisor_de_clock_inst|counter[2]                                                                        ; CLOCK_50     ; CLOCK_50    ; 20.000       ; -0.073     ; 4.611      ;
; 15.335   ; divisorClock:divisor_de_clock_inst|counter[0]                                                                            ; divisorClock:divisor_de_clock_inst|counter[3]                                                                        ; CLOCK_50     ; CLOCK_50    ; 20.000       ; -0.073     ; 4.611      ;
; 15.335   ; divisorClock:divisor_de_clock_inst|counter[0]                                                                            ; divisorClock:divisor_de_clock_inst|counter[4]                                                                        ; CLOCK_50     ; CLOCK_50    ; 20.000       ; -0.073     ; 4.611      ;
+----------+--------------------------------------------------------------------------------------------------------------------------+----------------------------------------------------------------------------------------------------------------------+--------------+-------------+--------------+------------+------------+


+-------------------------------------------------------------------------------------------------------------------------------------------------------------------------------+
; Slow 1200mV 0C Model Hold: 'CLOCK_50'                                                                                                                                         ;
+-------+------------------------------------------------+------------------------------------------------+--------------+-------------+--------------+------------+------------+
; Slack ; From Node                                      ; To Node                                        ; Launch Clock ; Latch Clock ; Relationship ; Clock Skew ; Data Delay ;
+-------+------------------------------------------------+------------------------------------------------+--------------+-------------+--------------+------------+------------+
; 0.586 ; divisorClock:divisor_de_clock_inst|counter[1]  ; divisorClock:divisor_de_clock_inst|counter[1]  ; CLOCK_50     ; CLOCK_50    ; 0.000        ; 0.073      ; 0.830      ;
; 0.590 ; divisorClock:divisor_de_clock_inst|counter[4]  ; divisorClock:divisor_de_clock_inst|counter[4]  ; CLOCK_50     ; CLOCK_50    ; 0.000        ; 0.073      ; 0.834      ;
; 0.591 ; divisorClock:divisor_de_clock_inst|counter[2]  ; divisorClock:divisor_de_clock_inst|counter[2]  ; CLOCK_50     ; CLOCK_50    ; 0.000        ; 0.073      ; 0.835      ;
; 0.602 ; divisorClock:divisor_de_clock_inst|counter[3]  ; divisorClock:divisor_de_clock_inst|counter[3]  ; CLOCK_50     ; CLOCK_50    ; 0.000        ; 0.073      ; 0.846      ;
; 0.605 ; divisorClock:divisor_de_clock_inst|counter[0]  ; divisorClock:divisor_de_clock_inst|counter[0]  ; CLOCK_50     ; CLOCK_50    ; 0.000        ; 0.073      ; 0.849      ;
; 0.626 ; divisorClock:divisor_de_clock_inst|counter[6]  ; divisorClock:divisor_de_clock_inst|counter[6]  ; CLOCK_50     ; CLOCK_50    ; 0.000        ; 0.039      ; 0.836      ;
; 0.626 ; divisorClock:divisor_de_clock_inst|counter[8]  ; divisorClock:divisor_de_clock_inst|counter[8]  ; CLOCK_50     ; CLOCK_50    ; 0.000        ; 0.039      ; 0.836      ;
; 0.627 ; divisorClock:divisor_de_clock_inst|counter[7]  ; divisorClock:divisor_de_clock_inst|counter[7]  ; CLOCK_50     ; CLOCK_50    ; 0.000        ; 0.039      ; 0.837      ;
; 0.628 ; divisorClock:divisor_de_clock_inst|counter[5]  ; divisorClock:divisor_de_clock_inst|counter[5]  ; CLOCK_50     ; CLOCK_50    ; 0.000        ; 0.039      ; 0.838      ;
; 0.637 ; divisorClock:divisor_de_clock_inst|counter[19] ; divisorClock:divisor_de_clock_inst|counter[19] ; CLOCK_50     ; CLOCK_50    ; 0.000        ; 0.039      ; 0.847      ;
; 0.638 ; divisorClock:divisor_de_clock_inst|counter[10] ; divisorClock:divisor_de_clock_inst|counter[10] ; CLOCK_50     ; CLOCK_50    ; 0.000        ; 0.039      ; 0.848      ;
; 0.639 ; divisorClock:divisor_de_clock_inst|counter[17] ; divisorClock:divisor_de_clock_inst|counter[17] ; CLOCK_50     ; CLOCK_50    ; 0.000        ; 0.039      ; 0.849      ;
; 0.640 ; divisorClock:divisor_de_clock_inst|counter[9]  ; divisorClock:divisor_de_clock_inst|counter[9]  ; CLOCK_50     ; CLOCK_50    ; 0.000        ; 0.039      ; 0.850      ;
; 0.640 ; divisorClock:divisor_de_clock_inst|counter[14] ; divisorClock:divisor_de_clock_inst|counter[14] ; CLOCK_50     ; CLOCK_50    ; 0.000        ; 0.039      ; 0.850      ;
; 0.640 ; divisorClock:divisor_de_clock_inst|counter[16] ; divisorClock:divisor_de_clock_inst|counter[16] ; CLOCK_50     ; CLOCK_50    ; 0.000        ; 0.039      ; 0.850      ;
; 0.641 ; divisorClock:divisor_de_clock_inst|counter[13] ; divisorClock:divisor_de_clock_inst|counter[13] ; CLOCK_50     ; CLOCK_50    ; 0.000        ; 0.039      ; 0.851      ;
; 0.642 ; divisorClock:divisor_de_clock_inst|counter[12] ; divisorClock:divisor_de_clock_inst|counter[12] ; CLOCK_50     ; CLOCK_50    ; 0.000        ; 0.039      ; 0.852      ;
; 0.642 ; divisorClock:divisor_de_clock_inst|counter[15] ; divisorClock:divisor_de_clock_inst|counter[15] ; CLOCK_50     ; CLOCK_50    ; 0.000        ; 0.039      ; 0.852      ;
; 0.643 ; divisorClock:divisor_de_clock_inst|counter[22] ; divisorClock:divisor_de_clock_inst|counter[22] ; CLOCK_50     ; CLOCK_50    ; 0.000        ; 0.039      ; 0.853      ;
; 0.644 ; divisorClock:divisor_de_clock_inst|counter[21] ; divisorClock:divisor_de_clock_inst|counter[21] ; CLOCK_50     ; CLOCK_50    ; 0.000        ; 0.039      ; 0.854      ;
; 0.645 ; divisorClock:divisor_de_clock_inst|counter[18] ; divisorClock:divisor_de_clock_inst|counter[18] ; CLOCK_50     ; CLOCK_50    ; 0.000        ; 0.039      ; 0.855      ;
; 0.653 ; divisorClock:divisor_de_clock_inst|counter[11] ; divisorClock:divisor_de_clock_inst|counter[11] ; CLOCK_50     ; CLOCK_50    ; 0.000        ; 0.039      ; 0.863      ;
; 0.755 ; divisorClock:divisor_de_clock_inst|counter[10] ; divisorClock:divisor_de_clock_inst|counter[11] ; CLOCK_50     ; CLOCK_50    ; 0.000        ; 0.210      ; 1.136      ;
; 0.766 ; divisorClock:divisor_de_clock_inst|counter[10] ; divisorClock:divisor_de_clock_inst|counter[12] ; CLOCK_50     ; CLOCK_50    ; 0.000        ; 0.210      ; 1.147      ;
; 0.780 ; divisorClock:divisor_de_clock_inst|counter[20] ; divisorClock:divisor_de_clock_inst|counter[20] ; CLOCK_50     ; CLOCK_50    ; 0.000        ; 0.039      ; 0.990      ;
; 0.853 ; divisorClock:divisor_de_clock_inst|counter[8]  ; divisorClock:divisor_de_clock_inst|counter[11] ; CLOCK_50     ; CLOCK_50    ; 0.000        ; 0.210      ; 1.234      ;
; 0.855 ; divisorClock:divisor_de_clock_inst|counter[9]  ; divisorClock:divisor_de_clock_inst|counter[11] ; CLOCK_50     ; CLOCK_50    ; 0.000        ; 0.210      ; 1.236      ;
; 0.864 ; divisorClock:divisor_de_clock_inst|counter[8]  ; divisorClock:divisor_de_clock_inst|counter[12] ; CLOCK_50     ; CLOCK_50    ; 0.000        ; 0.210      ; 1.245      ;
; 0.865 ; divisorClock:divisor_de_clock_inst|counter[10] ; divisorClock:divisor_de_clock_inst|counter[13] ; CLOCK_50     ; CLOCK_50    ; 0.000        ; 0.210      ; 1.246      ;
; 0.866 ; divisorClock:divisor_de_clock_inst|counter[9]  ; divisorClock:divisor_de_clock_inst|counter[12] ; CLOCK_50     ; CLOCK_50    ; 0.000        ; 0.210      ; 1.247      ;
; 0.872 ; divisorClock:divisor_de_clock_inst|counter[1]  ; divisorClock:divisor_de_clock_inst|counter[2]  ; CLOCK_50     ; CLOCK_50    ; 0.000        ; 0.073      ; 1.116      ;
; 0.874 ; divisorClock:divisor_de_clock_inst|counter[0]  ; divisorClock:divisor_de_clock_inst|counter[1]  ; CLOCK_50     ; CLOCK_50    ; 0.000        ; 0.073      ; 1.118      ;
; 0.876 ; divisorClock:divisor_de_clock_inst|counter[10] ; divisorClock:divisor_de_clock_inst|counter[14] ; CLOCK_50     ; CLOCK_50    ; 0.000        ; 0.210      ; 1.257      ;
; 0.879 ; divisorClock:divisor_de_clock_inst|counter[2]  ; divisorClock:divisor_de_clock_inst|counter[3]  ; CLOCK_50     ; CLOCK_50    ; 0.000        ; 0.073      ; 1.123      ;
; 0.885 ; divisorClock:divisor_de_clock_inst|counter[0]  ; divisorClock:divisor_de_clock_inst|counter[2]  ; CLOCK_50     ; CLOCK_50    ; 0.000        ; 0.073      ; 1.129      ;
; 0.889 ; divisorClock:divisor_de_clock_inst|counter[3]  ; divisorClock:divisor_de_clock_inst|counter[4]  ; CLOCK_50     ; CLOCK_50    ; 0.000        ; 0.073      ; 1.133      ;
; 0.890 ; divisorClock:divisor_de_clock_inst|counter[2]  ; divisorClock:divisor_de_clock_inst|counter[4]  ; CLOCK_50     ; CLOCK_50    ; 0.000        ; 0.073      ; 1.134      ;
; 0.909 ; divisorClock:divisor_de_clock_inst|counter[6]  ; divisorClock:divisor_de_clock_inst|counter[7]  ; CLOCK_50     ; CLOCK_50    ; 0.000        ; 0.044      ; 1.124      ;
; 0.909 ; divisorClock:divisor_de_clock_inst|counter[8]  ; divisorClock:divisor_de_clock_inst|counter[9]  ; CLOCK_50     ; CLOCK_50    ; 0.000        ; 0.044      ; 1.124      ;
; 0.909 ; divisorClock:divisor_de_clock_inst|counter[7]  ; divisorClock:divisor_de_clock_inst|counter[8]  ; CLOCK_50     ; CLOCK_50    ; 0.000        ; 0.044      ; 1.124      ;
; 0.910 ; divisorClock:divisor_de_clock_inst|counter[5]  ; divisorClock:divisor_de_clock_inst|counter[6]  ; CLOCK_50     ; CLOCK_50    ; 0.000        ; 0.044      ; 1.125      ;
; 0.918 ; divisorClock:divisor_de_clock_inst|counter[19] ; divisorClock:divisor_de_clock_inst|counter[20] ; CLOCK_50     ; CLOCK_50    ; 0.000        ; 0.045      ; 1.134      ;
; 0.919 ; divisorClock:divisor_de_clock_inst|counter[17] ; divisorClock:divisor_de_clock_inst|counter[18] ; CLOCK_50     ; CLOCK_50    ; 0.000        ; 0.045      ; 1.135      ;
; 0.920 ; divisorClock:divisor_de_clock_inst|counter[6]  ; divisorClock:divisor_de_clock_inst|counter[8]  ; CLOCK_50     ; CLOCK_50    ; 0.000        ; 0.044      ; 1.135      ;
; 0.920 ; divisorClock:divisor_de_clock_inst|counter[8]  ; divisorClock:divisor_de_clock_inst|counter[10] ; CLOCK_50     ; CLOCK_50    ; 0.000        ; 0.044      ; 1.135      ;
; 0.922 ; divisorClock:divisor_de_clock_inst|counter[9]  ; divisorClock:divisor_de_clock_inst|counter[10] ; CLOCK_50     ; CLOCK_50    ; 0.000        ; 0.044      ; 1.137      ;
; 0.922 ; divisorClock:divisor_de_clock_inst|counter[13] ; divisorClock:divisor_de_clock_inst|counter[14] ; CLOCK_50     ; CLOCK_50    ; 0.000        ; 0.045      ; 1.138      ;
; 0.922 ; divisorClock:divisor_de_clock_inst|counter[14] ; divisorClock:divisor_de_clock_inst|counter[15] ; CLOCK_50     ; CLOCK_50    ; 0.000        ; 0.045      ; 1.138      ;
; 0.922 ; divisorClock:divisor_de_clock_inst|counter[16] ; divisorClock:divisor_de_clock_inst|counter[17] ; CLOCK_50     ; CLOCK_50    ; 0.000        ; 0.045      ; 1.138      ;
; 0.923 ; divisorClock:divisor_de_clock_inst|counter[15] ; divisorClock:divisor_de_clock_inst|counter[16] ; CLOCK_50     ; CLOCK_50    ; 0.000        ; 0.045      ; 1.139      ;
; 0.924 ; divisorClock:divisor_de_clock_inst|counter[12] ; divisorClock:divisor_de_clock_inst|counter[13] ; CLOCK_50     ; CLOCK_50    ; 0.000        ; 0.045      ; 1.140      ;
; 0.925 ; divisorClock:divisor_de_clock_inst|counter[21] ; divisorClock:divisor_de_clock_inst|counter[22] ; CLOCK_50     ; CLOCK_50    ; 0.000        ; 0.045      ; 1.141      ;
; 0.927 ; divisorClock:divisor_de_clock_inst|counter[18] ; divisorClock:divisor_de_clock_inst|counter[19] ; CLOCK_50     ; CLOCK_50    ; 0.000        ; 0.045      ; 1.143      ;
; 0.933 ; divisorClock:divisor_de_clock_inst|counter[14] ; divisorClock:divisor_de_clock_inst|counter[16] ; CLOCK_50     ; CLOCK_50    ; 0.000        ; 0.045      ; 1.149      ;
; 0.933 ; divisorClock:divisor_de_clock_inst|counter[16] ; divisorClock:divisor_de_clock_inst|counter[18] ; CLOCK_50     ; CLOCK_50    ; 0.000        ; 0.045      ; 1.149      ;
; 0.934 ; divisorClock:divisor_de_clock_inst|counter[11] ; divisorClock:divisor_de_clock_inst|counter[12] ; CLOCK_50     ; CLOCK_50    ; 0.000        ; 0.045      ; 1.150      ;
; 0.935 ; divisorClock:divisor_de_clock_inst|counter[12] ; divisorClock:divisor_de_clock_inst|counter[14] ; CLOCK_50     ; CLOCK_50    ; 0.000        ; 0.045      ; 1.151      ;
; 0.938 ; divisorClock:divisor_de_clock_inst|counter[18] ; divisorClock:divisor_de_clock_inst|counter[20] ; CLOCK_50     ; CLOCK_50    ; 0.000        ; 0.045      ; 1.154      ;
; 0.952 ; divisorClock:divisor_de_clock_inst|counter[7]  ; divisorClock:divisor_de_clock_inst|counter[11] ; CLOCK_50     ; CLOCK_50    ; 0.000        ; 0.210      ; 1.333      ;
; 0.963 ; divisorClock:divisor_de_clock_inst|counter[6]  ; divisorClock:divisor_de_clock_inst|counter[11] ; CLOCK_50     ; CLOCK_50    ; 0.000        ; 0.210      ; 1.344      ;
; 0.963 ; divisorClock:divisor_de_clock_inst|counter[8]  ; divisorClock:divisor_de_clock_inst|counter[13] ; CLOCK_50     ; CLOCK_50    ; 0.000        ; 0.210      ; 1.344      ;
; 0.963 ; divisorClock:divisor_de_clock_inst|counter[7]  ; divisorClock:divisor_de_clock_inst|counter[12] ; CLOCK_50     ; CLOCK_50    ; 0.000        ; 0.210      ; 1.344      ;
; 0.965 ; divisorClock:divisor_de_clock_inst|counter[9]  ; divisorClock:divisor_de_clock_inst|counter[13] ; CLOCK_50     ; CLOCK_50    ; 0.000        ; 0.210      ; 1.346      ;
; 0.971 ; divisorClock:divisor_de_clock_inst|counter[1]  ; divisorClock:divisor_de_clock_inst|counter[3]  ; CLOCK_50     ; CLOCK_50    ; 0.000        ; 0.073      ; 1.215      ;
; 0.974 ; divisorClock:divisor_de_clock_inst|counter[6]  ; divisorClock:divisor_de_clock_inst|counter[12] ; CLOCK_50     ; CLOCK_50    ; 0.000        ; 0.210      ; 1.355      ;
; 0.974 ; divisorClock:divisor_de_clock_inst|counter[8]  ; divisorClock:divisor_de_clock_inst|counter[14] ; CLOCK_50     ; CLOCK_50    ; 0.000        ; 0.210      ; 1.355      ;
; 0.975 ; divisorClock:divisor_de_clock_inst|counter[10] ; divisorClock:divisor_de_clock_inst|counter[15] ; CLOCK_50     ; CLOCK_50    ; 0.000        ; 0.210      ; 1.356      ;
; 0.976 ; divisorClock:divisor_de_clock_inst|counter[9]  ; divisorClock:divisor_de_clock_inst|counter[14] ; CLOCK_50     ; CLOCK_50    ; 0.000        ; 0.210      ; 1.357      ;
; 0.982 ; divisorClock:divisor_de_clock_inst|counter[1]  ; divisorClock:divisor_de_clock_inst|counter[4]  ; CLOCK_50     ; CLOCK_50    ; 0.000        ; 0.073      ; 1.226      ;
; 0.984 ; divisorClock:divisor_de_clock_inst|counter[0]  ; divisorClock:divisor_de_clock_inst|counter[3]  ; CLOCK_50     ; CLOCK_50    ; 0.000        ; 0.073      ; 1.228      ;
; 0.986 ; divisorClock:divisor_de_clock_inst|counter[10] ; divisorClock:divisor_de_clock_inst|counter[16] ; CLOCK_50     ; CLOCK_50    ; 0.000        ; 0.210      ; 1.367      ;
; 0.995 ; divisorClock:divisor_de_clock_inst|counter[0]  ; divisorClock:divisor_de_clock_inst|counter[4]  ; CLOCK_50     ; CLOCK_50    ; 0.000        ; 0.073      ; 1.239      ;
; 1.008 ; divisorClock:divisor_de_clock_inst|counter[7]  ; divisorClock:divisor_de_clock_inst|counter[9]  ; CLOCK_50     ; CLOCK_50    ; 0.000        ; 0.044      ; 1.223      ;
; 1.009 ; divisorClock:divisor_de_clock_inst|counter[5]  ; divisorClock:divisor_de_clock_inst|counter[7]  ; CLOCK_50     ; CLOCK_50    ; 0.000        ; 0.044      ; 1.224      ;
; 1.017 ; divisorClock:divisor_de_clock_inst|counter[19] ; divisorClock:divisor_de_clock_inst|counter[21] ; CLOCK_50     ; CLOCK_50    ; 0.000        ; 0.045      ; 1.233      ;
; 1.018 ; divisorClock:divisor_de_clock_inst|counter[17] ; divisorClock:divisor_de_clock_inst|counter[19] ; CLOCK_50     ; CLOCK_50    ; 0.000        ; 0.045      ; 1.234      ;
; 1.019 ; divisorClock:divisor_de_clock_inst|counter[6]  ; divisorClock:divisor_de_clock_inst|counter[9]  ; CLOCK_50     ; CLOCK_50    ; 0.000        ; 0.044      ; 1.234      ;
; 1.019 ; divisorClock:divisor_de_clock_inst|counter[7]  ; divisorClock:divisor_de_clock_inst|counter[10] ; CLOCK_50     ; CLOCK_50    ; 0.000        ; 0.044      ; 1.234      ;
; 1.020 ; divisorClock:divisor_de_clock_inst|counter[5]  ; divisorClock:divisor_de_clock_inst|counter[8]  ; CLOCK_50     ; CLOCK_50    ; 0.000        ; 0.044      ; 1.235      ;
; 1.021 ; divisorClock:divisor_de_clock_inst|counter[13] ; divisorClock:divisor_de_clock_inst|counter[15] ; CLOCK_50     ; CLOCK_50    ; 0.000        ; 0.045      ; 1.237      ;
; 1.022 ; divisorClock:divisor_de_clock_inst|counter[15] ; divisorClock:divisor_de_clock_inst|counter[17] ; CLOCK_50     ; CLOCK_50    ; 0.000        ; 0.045      ; 1.238      ;
; 1.028 ; divisorClock:divisor_de_clock_inst|counter[19] ; divisorClock:divisor_de_clock_inst|counter[22] ; CLOCK_50     ; CLOCK_50    ; 0.000        ; 0.045      ; 1.244      ;
; 1.029 ; divisorClock:divisor_de_clock_inst|counter[17] ; divisorClock:divisor_de_clock_inst|counter[20] ; CLOCK_50     ; CLOCK_50    ; 0.000        ; 0.045      ; 1.245      ;
; 1.030 ; divisorClock:divisor_de_clock_inst|counter[6]  ; divisorClock:divisor_de_clock_inst|counter[10] ; CLOCK_50     ; CLOCK_50    ; 0.000        ; 0.044      ; 1.245      ;
; 1.032 ; divisorClock:divisor_de_clock_inst|counter[13] ; divisorClock:divisor_de_clock_inst|counter[16] ; CLOCK_50     ; CLOCK_50    ; 0.000        ; 0.045      ; 1.248      ;
; 1.032 ; divisorClock:divisor_de_clock_inst|counter[14] ; divisorClock:divisor_de_clock_inst|counter[17] ; CLOCK_50     ; CLOCK_50    ; 0.000        ; 0.045      ; 1.248      ;
; 1.032 ; divisorClock:divisor_de_clock_inst|counter[16] ; divisorClock:divisor_de_clock_inst|counter[19] ; CLOCK_50     ; CLOCK_50    ; 0.000        ; 0.045      ; 1.248      ;
; 1.033 ; divisorClock:divisor_de_clock_inst|counter[11] ; divisorClock:divisor_de_clock_inst|counter[13] ; CLOCK_50     ; CLOCK_50    ; 0.000        ; 0.045      ; 1.249      ;
; 1.033 ; divisorClock:divisor_de_clock_inst|counter[15] ; divisorClock:divisor_de_clock_inst|counter[18] ; CLOCK_50     ; CLOCK_50    ; 0.000        ; 0.045      ; 1.249      ;
; 1.034 ; divisorClock:divisor_de_clock_inst|counter[12] ; divisorClock:divisor_de_clock_inst|counter[15] ; CLOCK_50     ; CLOCK_50    ; 0.000        ; 0.045      ; 1.250      ;
; 1.037 ; divisorClock:divisor_de_clock_inst|counter[18] ; divisorClock:divisor_de_clock_inst|counter[21] ; CLOCK_50     ; CLOCK_50    ; 0.000        ; 0.045      ; 1.253      ;
; 1.043 ; divisorClock:divisor_de_clock_inst|counter[14] ; divisorClock:divisor_de_clock_inst|counter[18] ; CLOCK_50     ; CLOCK_50    ; 0.000        ; 0.045      ; 1.259      ;
; 1.043 ; divisorClock:divisor_de_clock_inst|counter[16] ; divisorClock:divisor_de_clock_inst|counter[20] ; CLOCK_50     ; CLOCK_50    ; 0.000        ; 0.045      ; 1.259      ;
; 1.044 ; divisorClock:divisor_de_clock_inst|counter[11] ; divisorClock:divisor_de_clock_inst|counter[14] ; CLOCK_50     ; CLOCK_50    ; 0.000        ; 0.045      ; 1.260      ;
; 1.045 ; divisorClock:divisor_de_clock_inst|counter[12] ; divisorClock:divisor_de_clock_inst|counter[16] ; CLOCK_50     ; CLOCK_50    ; 0.000        ; 0.045      ; 1.261      ;
; 1.048 ; divisorClock:divisor_de_clock_inst|counter[18] ; divisorClock:divisor_de_clock_inst|counter[22] ; CLOCK_50     ; CLOCK_50    ; 0.000        ; 0.045      ; 1.264      ;
; 1.062 ; divisorClock:divisor_de_clock_inst|counter[7]  ; divisorClock:divisor_de_clock_inst|counter[13] ; CLOCK_50     ; CLOCK_50    ; 0.000        ; 0.210      ; 1.443      ;
; 1.062 ; divisorClock:divisor_de_clock_inst|counter[20] ; divisorClock:divisor_de_clock_inst|counter[21] ; CLOCK_50     ; CLOCK_50    ; 0.000        ; 0.045      ; 1.278      ;
; 1.063 ; divisorClock:divisor_de_clock_inst|counter[5]  ; divisorClock:divisor_de_clock_inst|counter[11] ; CLOCK_50     ; CLOCK_50    ; 0.000        ; 0.210      ; 1.444      ;
; 1.073 ; divisorClock:divisor_de_clock_inst|counter[6]  ; divisorClock:divisor_de_clock_inst|counter[13] ; CLOCK_50     ; CLOCK_50    ; 0.000        ; 0.210      ; 1.454      ;
+-------+------------------------------------------------+------------------------------------------------+--------------+-------------+--------------+------------+------------+


----------------------------------------------
; Slow 1200mV 0C Model Metastability Summary ;
----------------------------------------------
No synchronizer chains to report.


+------------------------------------+
; Fast 1200mV 0C Model Setup Summary ;
+----------+---------+---------------+
; Clock    ; Slack   ; End Point TNS ;
+----------+---------+---------------+
; CLOCK_50 ; -46.585 ; -46.585       ;
+----------+---------+---------------+


+-----------------------------------+
; Fast 1200mV 0C Model Hold Summary ;
+----------+-------+----------------+
; Clock    ; Slack ; End Point TNS  ;
+----------+-------+----------------+
; CLOCK_50 ; 0.291 ; 0.000          ;
+----------+-------+----------------+


-----------------------------------------
; Fast 1200mV 0C Model Recovery Summary ;
-----------------------------------------
No paths to report.


----------------------------------------
; Fast 1200mV 0C Model Removal Summary ;
----------------------------------------
No paths to report.


+--------------------------------------------------+
; Fast 1200mV 0C Model Minimum Pulse Width Summary ;
+----------+-------+-------------------------------+
; Clock    ; Slack ; End Point TNS                 ;
+----------+-------+-------------------------------+
; CLOCK_50 ; 9.374 ; 0.000                         ;
+----------+-------+-------------------------------+


+---------------------------------------------------------------------------------------------------------------------------------------------------------------------------------------------------------------------------------------------------------------------------------------------------------------------------------+
; Fast 1200mV 0C Model Setup: 'CLOCK_50'                                                                                                                                                                                                                                                                                          ;
+---------+--------------------------------------------------------------------------------------------------------------------------+----------------------------------------------------------------------------------------------------------------------+--------------+-------------+--------------+------------+------------+
; Slack   ; From Node                                                                                                                ; To Node                                                                                                              ; Launch Clock ; Latch Clock ; Relationship ; Clock Skew ; Data Delay ;
+---------+--------------------------------------------------------------------------------------------------------------------------+----------------------------------------------------------------------------------------------------------------------+--------------+-------------+--------------+------------+------------+
; -46.585 ; memoriaROM:memoria_de_instrucao_inst|altsyncram:rom_rtl_0|altsyncram_7m71:auto_generated|ram_block1a0~porta_address_reg0 ; memoriaRAM:memoria_de_dados_inst|altsyncram:ram_rtl_0|altsyncram_qsd1:auto_generated|ram_block1a0~portb_address_reg0 ; CLOCK_50     ; CLOCK_50    ; 20.000       ; -0.103     ; 66.511     ;
; 17.122  ; divisorClock:divisor_de_clock_inst|counter[1]                                                                            ; divisorClock:divisor_de_clock_inst|counter[5]                                                                        ; CLOCK_50     ; CLOCK_50    ; 20.000       ; -0.416     ; 2.469      ;
; 17.122  ; divisorClock:divisor_de_clock_inst|counter[1]                                                                            ; divisorClock:divisor_de_clock_inst|counter[6]                                                                        ; CLOCK_50     ; CLOCK_50    ; 20.000       ; -0.416     ; 2.469      ;
; 17.122  ; divisorClock:divisor_de_clock_inst|counter[1]                                                                            ; divisorClock:divisor_de_clock_inst|counter[7]                                                                        ; CLOCK_50     ; CLOCK_50    ; 20.000       ; -0.416     ; 2.469      ;
; 17.122  ; divisorClock:divisor_de_clock_inst|counter[1]                                                                            ; divisorClock:divisor_de_clock_inst|counter[8]                                                                        ; CLOCK_50     ; CLOCK_50    ; 20.000       ; -0.416     ; 2.469      ;
; 17.122  ; divisorClock:divisor_de_clock_inst|counter[1]                                                                            ; divisorClock:divisor_de_clock_inst|counter[9]                                                                        ; CLOCK_50     ; CLOCK_50    ; 20.000       ; -0.416     ; 2.469      ;
; 17.122  ; divisorClock:divisor_de_clock_inst|counter[1]                                                                            ; divisorClock:divisor_de_clock_inst|counter[10]                                                                       ; CLOCK_50     ; CLOCK_50    ; 20.000       ; -0.416     ; 2.469      ;
; 17.214  ; divisorClock:divisor_de_clock_inst|counter[2]                                                                            ; divisorClock:divisor_de_clock_inst|counter[5]                                                                        ; CLOCK_50     ; CLOCK_50    ; 20.000       ; -0.416     ; 2.377      ;
; 17.214  ; divisorClock:divisor_de_clock_inst|counter[2]                                                                            ; divisorClock:divisor_de_clock_inst|counter[6]                                                                        ; CLOCK_50     ; CLOCK_50    ; 20.000       ; -0.416     ; 2.377      ;
; 17.214  ; divisorClock:divisor_de_clock_inst|counter[2]                                                                            ; divisorClock:divisor_de_clock_inst|counter[7]                                                                        ; CLOCK_50     ; CLOCK_50    ; 20.000       ; -0.416     ; 2.377      ;
; 17.214  ; divisorClock:divisor_de_clock_inst|counter[2]                                                                            ; divisorClock:divisor_de_clock_inst|counter[8]                                                                        ; CLOCK_50     ; CLOCK_50    ; 20.000       ; -0.416     ; 2.377      ;
; 17.214  ; divisorClock:divisor_de_clock_inst|counter[2]                                                                            ; divisorClock:divisor_de_clock_inst|counter[9]                                                                        ; CLOCK_50     ; CLOCK_50    ; 20.000       ; -0.416     ; 2.377      ;
; 17.214  ; divisorClock:divisor_de_clock_inst|counter[2]                                                                            ; divisorClock:divisor_de_clock_inst|counter[10]                                                                       ; CLOCK_50     ; CLOCK_50    ; 20.000       ; -0.416     ; 2.377      ;
; 17.261  ; divisorClock:divisor_de_clock_inst|counter[1]                                                                            ; divisorClock:divisor_de_clock_inst|counter[17]                                                                       ; CLOCK_50     ; CLOCK_50    ; 20.000       ; -0.351     ; 2.395      ;
; 17.261  ; divisorClock:divisor_de_clock_inst|counter[1]                                                                            ; divisorClock:divisor_de_clock_inst|counter[21]                                                                       ; CLOCK_50     ; CLOCK_50    ; 20.000       ; -0.351     ; 2.395      ;
; 17.261  ; divisorClock:divisor_de_clock_inst|counter[1]                                                                            ; divisorClock:divisor_de_clock_inst|counter[11]                                                                       ; CLOCK_50     ; CLOCK_50    ; 20.000       ; -0.351     ; 2.395      ;
; 17.261  ; divisorClock:divisor_de_clock_inst|counter[1]                                                                            ; divisorClock:divisor_de_clock_inst|counter[12]                                                                       ; CLOCK_50     ; CLOCK_50    ; 20.000       ; -0.351     ; 2.395      ;
; 17.261  ; divisorClock:divisor_de_clock_inst|counter[1]                                                                            ; divisorClock:divisor_de_clock_inst|counter[13]                                                                       ; CLOCK_50     ; CLOCK_50    ; 20.000       ; -0.351     ; 2.395      ;
; 17.261  ; divisorClock:divisor_de_clock_inst|counter[1]                                                                            ; divisorClock:divisor_de_clock_inst|counter[14]                                                                       ; CLOCK_50     ; CLOCK_50    ; 20.000       ; -0.351     ; 2.395      ;
; 17.261  ; divisorClock:divisor_de_clock_inst|counter[1]                                                                            ; divisorClock:divisor_de_clock_inst|counter[15]                                                                       ; CLOCK_50     ; CLOCK_50    ; 20.000       ; -0.351     ; 2.395      ;
; 17.261  ; divisorClock:divisor_de_clock_inst|counter[1]                                                                            ; divisorClock:divisor_de_clock_inst|counter[16]                                                                       ; CLOCK_50     ; CLOCK_50    ; 20.000       ; -0.351     ; 2.395      ;
; 17.261  ; divisorClock:divisor_de_clock_inst|counter[1]                                                                            ; divisorClock:divisor_de_clock_inst|counter[18]                                                                       ; CLOCK_50     ; CLOCK_50    ; 20.000       ; -0.351     ; 2.395      ;
; 17.261  ; divisorClock:divisor_de_clock_inst|counter[1]                                                                            ; divisorClock:divisor_de_clock_inst|counter[19]                                                                       ; CLOCK_50     ; CLOCK_50    ; 20.000       ; -0.351     ; 2.395      ;
; 17.261  ; divisorClock:divisor_de_clock_inst|counter[1]                                                                            ; divisorClock:divisor_de_clock_inst|counter[20]                                                                       ; CLOCK_50     ; CLOCK_50    ; 20.000       ; -0.351     ; 2.395      ;
; 17.261  ; divisorClock:divisor_de_clock_inst|counter[1]                                                                            ; divisorClock:divisor_de_clock_inst|counter[22]                                                                       ; CLOCK_50     ; CLOCK_50    ; 20.000       ; -0.351     ; 2.395      ;
; 17.263  ; divisorClock:divisor_de_clock_inst|counter[0]                                                                            ; divisorClock:divisor_de_clock_inst|counter[5]                                                                        ; CLOCK_50     ; CLOCK_50    ; 20.000       ; -0.416     ; 2.328      ;
; 17.263  ; divisorClock:divisor_de_clock_inst|counter[0]                                                                            ; divisorClock:divisor_de_clock_inst|counter[6]                                                                        ; CLOCK_50     ; CLOCK_50    ; 20.000       ; -0.416     ; 2.328      ;
; 17.263  ; divisorClock:divisor_de_clock_inst|counter[0]                                                                            ; divisorClock:divisor_de_clock_inst|counter[7]                                                                        ; CLOCK_50     ; CLOCK_50    ; 20.000       ; -0.416     ; 2.328      ;
; 17.263  ; divisorClock:divisor_de_clock_inst|counter[0]                                                                            ; divisorClock:divisor_de_clock_inst|counter[8]                                                                        ; CLOCK_50     ; CLOCK_50    ; 20.000       ; -0.416     ; 2.328      ;
; 17.263  ; divisorClock:divisor_de_clock_inst|counter[0]                                                                            ; divisorClock:divisor_de_clock_inst|counter[9]                                                                        ; CLOCK_50     ; CLOCK_50    ; 20.000       ; -0.416     ; 2.328      ;
; 17.263  ; divisorClock:divisor_de_clock_inst|counter[0]                                                                            ; divisorClock:divisor_de_clock_inst|counter[10]                                                                       ; CLOCK_50     ; CLOCK_50    ; 20.000       ; -0.416     ; 2.328      ;
; 17.284  ; divisorClock:divisor_de_clock_inst|counter[3]                                                                            ; divisorClock:divisor_de_clock_inst|counter[5]                                                                        ; CLOCK_50     ; CLOCK_50    ; 20.000       ; -0.416     ; 2.307      ;
; 17.284  ; divisorClock:divisor_de_clock_inst|counter[3]                                                                            ; divisorClock:divisor_de_clock_inst|counter[6]                                                                        ; CLOCK_50     ; CLOCK_50    ; 20.000       ; -0.416     ; 2.307      ;
; 17.284  ; divisorClock:divisor_de_clock_inst|counter[3]                                                                            ; divisorClock:divisor_de_clock_inst|counter[7]                                                                        ; CLOCK_50     ; CLOCK_50    ; 20.000       ; -0.416     ; 2.307      ;
; 17.284  ; divisorClock:divisor_de_clock_inst|counter[3]                                                                            ; divisorClock:divisor_de_clock_inst|counter[8]                                                                        ; CLOCK_50     ; CLOCK_50    ; 20.000       ; -0.416     ; 2.307      ;
; 17.284  ; divisorClock:divisor_de_clock_inst|counter[3]                                                                            ; divisorClock:divisor_de_clock_inst|counter[9]                                                                        ; CLOCK_50     ; CLOCK_50    ; 20.000       ; -0.416     ; 2.307      ;
; 17.284  ; divisorClock:divisor_de_clock_inst|counter[3]                                                                            ; divisorClock:divisor_de_clock_inst|counter[10]                                                                       ; CLOCK_50     ; CLOCK_50    ; 20.000       ; -0.416     ; 2.307      ;
; 17.353  ; divisorClock:divisor_de_clock_inst|counter[2]                                                                            ; divisorClock:divisor_de_clock_inst|counter[17]                                                                       ; CLOCK_50     ; CLOCK_50    ; 20.000       ; -0.351     ; 2.303      ;
; 17.353  ; divisorClock:divisor_de_clock_inst|counter[2]                                                                            ; divisorClock:divisor_de_clock_inst|counter[21]                                                                       ; CLOCK_50     ; CLOCK_50    ; 20.000       ; -0.351     ; 2.303      ;
; 17.353  ; divisorClock:divisor_de_clock_inst|counter[2]                                                                            ; divisorClock:divisor_de_clock_inst|counter[11]                                                                       ; CLOCK_50     ; CLOCK_50    ; 20.000       ; -0.351     ; 2.303      ;
; 17.353  ; divisorClock:divisor_de_clock_inst|counter[2]                                                                            ; divisorClock:divisor_de_clock_inst|counter[12]                                                                       ; CLOCK_50     ; CLOCK_50    ; 20.000       ; -0.351     ; 2.303      ;
; 17.353  ; divisorClock:divisor_de_clock_inst|counter[2]                                                                            ; divisorClock:divisor_de_clock_inst|counter[13]                                                                       ; CLOCK_50     ; CLOCK_50    ; 20.000       ; -0.351     ; 2.303      ;
; 17.353  ; divisorClock:divisor_de_clock_inst|counter[2]                                                                            ; divisorClock:divisor_de_clock_inst|counter[14]                                                                       ; CLOCK_50     ; CLOCK_50    ; 20.000       ; -0.351     ; 2.303      ;
; 17.353  ; divisorClock:divisor_de_clock_inst|counter[2]                                                                            ; divisorClock:divisor_de_clock_inst|counter[15]                                                                       ; CLOCK_50     ; CLOCK_50    ; 20.000       ; -0.351     ; 2.303      ;
; 17.353  ; divisorClock:divisor_de_clock_inst|counter[2]                                                                            ; divisorClock:divisor_de_clock_inst|counter[16]                                                                       ; CLOCK_50     ; CLOCK_50    ; 20.000       ; -0.351     ; 2.303      ;
; 17.353  ; divisorClock:divisor_de_clock_inst|counter[2]                                                                            ; divisorClock:divisor_de_clock_inst|counter[18]                                                                       ; CLOCK_50     ; CLOCK_50    ; 20.000       ; -0.351     ; 2.303      ;
; 17.353  ; divisorClock:divisor_de_clock_inst|counter[2]                                                                            ; divisorClock:divisor_de_clock_inst|counter[19]                                                                       ; CLOCK_50     ; CLOCK_50    ; 20.000       ; -0.351     ; 2.303      ;
; 17.353  ; divisorClock:divisor_de_clock_inst|counter[2]                                                                            ; divisorClock:divisor_de_clock_inst|counter[20]                                                                       ; CLOCK_50     ; CLOCK_50    ; 20.000       ; -0.351     ; 2.303      ;
; 17.353  ; divisorClock:divisor_de_clock_inst|counter[2]                                                                            ; divisorClock:divisor_de_clock_inst|counter[22]                                                                       ; CLOCK_50     ; CLOCK_50    ; 20.000       ; -0.351     ; 2.303      ;
; 17.402  ; divisorClock:divisor_de_clock_inst|counter[0]                                                                            ; divisorClock:divisor_de_clock_inst|counter[17]                                                                       ; CLOCK_50     ; CLOCK_50    ; 20.000       ; -0.351     ; 2.254      ;
; 17.402  ; divisorClock:divisor_de_clock_inst|counter[0]                                                                            ; divisorClock:divisor_de_clock_inst|counter[21]                                                                       ; CLOCK_50     ; CLOCK_50    ; 20.000       ; -0.351     ; 2.254      ;
; 17.402  ; divisorClock:divisor_de_clock_inst|counter[0]                                                                            ; divisorClock:divisor_de_clock_inst|counter[11]                                                                       ; CLOCK_50     ; CLOCK_50    ; 20.000       ; -0.351     ; 2.254      ;
; 17.402  ; divisorClock:divisor_de_clock_inst|counter[0]                                                                            ; divisorClock:divisor_de_clock_inst|counter[12]                                                                       ; CLOCK_50     ; CLOCK_50    ; 20.000       ; -0.351     ; 2.254      ;
; 17.402  ; divisorClock:divisor_de_clock_inst|counter[0]                                                                            ; divisorClock:divisor_de_clock_inst|counter[13]                                                                       ; CLOCK_50     ; CLOCK_50    ; 20.000       ; -0.351     ; 2.254      ;
; 17.402  ; divisorClock:divisor_de_clock_inst|counter[0]                                                                            ; divisorClock:divisor_de_clock_inst|counter[14]                                                                       ; CLOCK_50     ; CLOCK_50    ; 20.000       ; -0.351     ; 2.254      ;
; 17.402  ; divisorClock:divisor_de_clock_inst|counter[0]                                                                            ; divisorClock:divisor_de_clock_inst|counter[15]                                                                       ; CLOCK_50     ; CLOCK_50    ; 20.000       ; -0.351     ; 2.254      ;
; 17.402  ; divisorClock:divisor_de_clock_inst|counter[0]                                                                            ; divisorClock:divisor_de_clock_inst|counter[16]                                                                       ; CLOCK_50     ; CLOCK_50    ; 20.000       ; -0.351     ; 2.254      ;
; 17.402  ; divisorClock:divisor_de_clock_inst|counter[0]                                                                            ; divisorClock:divisor_de_clock_inst|counter[18]                                                                       ; CLOCK_50     ; CLOCK_50    ; 20.000       ; -0.351     ; 2.254      ;
; 17.402  ; divisorClock:divisor_de_clock_inst|counter[0]                                                                            ; divisorClock:divisor_de_clock_inst|counter[19]                                                                       ; CLOCK_50     ; CLOCK_50    ; 20.000       ; -0.351     ; 2.254      ;
; 17.402  ; divisorClock:divisor_de_clock_inst|counter[0]                                                                            ; divisorClock:divisor_de_clock_inst|counter[20]                                                                       ; CLOCK_50     ; CLOCK_50    ; 20.000       ; -0.351     ; 2.254      ;
; 17.402  ; divisorClock:divisor_de_clock_inst|counter[0]                                                                            ; divisorClock:divisor_de_clock_inst|counter[22]                                                                       ; CLOCK_50     ; CLOCK_50    ; 20.000       ; -0.351     ; 2.254      ;
; 17.423  ; divisorClock:divisor_de_clock_inst|counter[3]                                                                            ; divisorClock:divisor_de_clock_inst|counter[17]                                                                       ; CLOCK_50     ; CLOCK_50    ; 20.000       ; -0.351     ; 2.233      ;
; 17.423  ; divisorClock:divisor_de_clock_inst|counter[3]                                                                            ; divisorClock:divisor_de_clock_inst|counter[21]                                                                       ; CLOCK_50     ; CLOCK_50    ; 20.000       ; -0.351     ; 2.233      ;
; 17.423  ; divisorClock:divisor_de_clock_inst|counter[3]                                                                            ; divisorClock:divisor_de_clock_inst|counter[11]                                                                       ; CLOCK_50     ; CLOCK_50    ; 20.000       ; -0.351     ; 2.233      ;
; 17.423  ; divisorClock:divisor_de_clock_inst|counter[3]                                                                            ; divisorClock:divisor_de_clock_inst|counter[12]                                                                       ; CLOCK_50     ; CLOCK_50    ; 20.000       ; -0.351     ; 2.233      ;
; 17.423  ; divisorClock:divisor_de_clock_inst|counter[3]                                                                            ; divisorClock:divisor_de_clock_inst|counter[13]                                                                       ; CLOCK_50     ; CLOCK_50    ; 20.000       ; -0.351     ; 2.233      ;
; 17.423  ; divisorClock:divisor_de_clock_inst|counter[3]                                                                            ; divisorClock:divisor_de_clock_inst|counter[14]                                                                       ; CLOCK_50     ; CLOCK_50    ; 20.000       ; -0.351     ; 2.233      ;
; 17.423  ; divisorClock:divisor_de_clock_inst|counter[3]                                                                            ; divisorClock:divisor_de_clock_inst|counter[15]                                                                       ; CLOCK_50     ; CLOCK_50    ; 20.000       ; -0.351     ; 2.233      ;
; 17.423  ; divisorClock:divisor_de_clock_inst|counter[3]                                                                            ; divisorClock:divisor_de_clock_inst|counter[16]                                                                       ; CLOCK_50     ; CLOCK_50    ; 20.000       ; -0.351     ; 2.233      ;
; 17.423  ; divisorClock:divisor_de_clock_inst|counter[3]                                                                            ; divisorClock:divisor_de_clock_inst|counter[18]                                                                       ; CLOCK_50     ; CLOCK_50    ; 20.000       ; -0.351     ; 2.233      ;
; 17.423  ; divisorClock:divisor_de_clock_inst|counter[3]                                                                            ; divisorClock:divisor_de_clock_inst|counter[19]                                                                       ; CLOCK_50     ; CLOCK_50    ; 20.000       ; -0.351     ; 2.233      ;
; 17.423  ; divisorClock:divisor_de_clock_inst|counter[3]                                                                            ; divisorClock:divisor_de_clock_inst|counter[20]                                                                       ; CLOCK_50     ; CLOCK_50    ; 20.000       ; -0.351     ; 2.233      ;
; 17.423  ; divisorClock:divisor_de_clock_inst|counter[3]                                                                            ; divisorClock:divisor_de_clock_inst|counter[22]                                                                       ; CLOCK_50     ; CLOCK_50    ; 20.000       ; -0.351     ; 2.233      ;
; 17.485  ; divisorClock:divisor_de_clock_inst|counter[4]                                                                            ; divisorClock:divisor_de_clock_inst|counter[5]                                                                        ; CLOCK_50     ; CLOCK_50    ; 20.000       ; -0.416     ; 2.106      ;
; 17.485  ; divisorClock:divisor_de_clock_inst|counter[4]                                                                            ; divisorClock:divisor_de_clock_inst|counter[6]                                                                        ; CLOCK_50     ; CLOCK_50    ; 20.000       ; -0.416     ; 2.106      ;
; 17.485  ; divisorClock:divisor_de_clock_inst|counter[4]                                                                            ; divisorClock:divisor_de_clock_inst|counter[7]                                                                        ; CLOCK_50     ; CLOCK_50    ; 20.000       ; -0.416     ; 2.106      ;
; 17.485  ; divisorClock:divisor_de_clock_inst|counter[4]                                                                            ; divisorClock:divisor_de_clock_inst|counter[8]                                                                        ; CLOCK_50     ; CLOCK_50    ; 20.000       ; -0.416     ; 2.106      ;
; 17.485  ; divisorClock:divisor_de_clock_inst|counter[4]                                                                            ; divisorClock:divisor_de_clock_inst|counter[9]                                                                        ; CLOCK_50     ; CLOCK_50    ; 20.000       ; -0.416     ; 2.106      ;
; 17.485  ; divisorClock:divisor_de_clock_inst|counter[4]                                                                            ; divisorClock:divisor_de_clock_inst|counter[10]                                                                       ; CLOCK_50     ; CLOCK_50    ; 20.000       ; -0.416     ; 2.106      ;
; 17.495  ; divisorClock:divisor_de_clock_inst|counter[1]                                                                            ; divisorClock:divisor_de_clock_inst|counter[0]                                                                        ; CLOCK_50     ; CLOCK_50    ; 20.000       ; -0.043     ; 2.469      ;
; 17.495  ; divisorClock:divisor_de_clock_inst|counter[1]                                                                            ; divisorClock:divisor_de_clock_inst|counter[1]                                                                        ; CLOCK_50     ; CLOCK_50    ; 20.000       ; -0.043     ; 2.469      ;
; 17.495  ; divisorClock:divisor_de_clock_inst|counter[1]                                                                            ; divisorClock:divisor_de_clock_inst|counter[2]                                                                        ; CLOCK_50     ; CLOCK_50    ; 20.000       ; -0.043     ; 2.469      ;
; 17.495  ; divisorClock:divisor_de_clock_inst|counter[1]                                                                            ; divisorClock:divisor_de_clock_inst|counter[3]                                                                        ; CLOCK_50     ; CLOCK_50    ; 20.000       ; -0.043     ; 2.469      ;
; 17.495  ; divisorClock:divisor_de_clock_inst|counter[1]                                                                            ; divisorClock:divisor_de_clock_inst|counter[4]                                                                        ; CLOCK_50     ; CLOCK_50    ; 20.000       ; -0.043     ; 2.469      ;
; 17.502  ; divisorClock:divisor_de_clock_inst|counter[5]                                                                            ; divisorClock:divisor_de_clock_inst|counter[6]                                                                        ; CLOCK_50     ; CLOCK_50    ; 20.000       ; -0.025     ; 2.480      ;
; 17.502  ; divisorClock:divisor_de_clock_inst|counter[5]                                                                            ; divisorClock:divisor_de_clock_inst|counter[7]                                                                        ; CLOCK_50     ; CLOCK_50    ; 20.000       ; -0.025     ; 2.480      ;
; 17.502  ; divisorClock:divisor_de_clock_inst|counter[5]                                                                            ; divisorClock:divisor_de_clock_inst|counter[8]                                                                        ; CLOCK_50     ; CLOCK_50    ; 20.000       ; -0.025     ; 2.480      ;
; 17.502  ; divisorClock:divisor_de_clock_inst|counter[5]                                                                            ; divisorClock:divisor_de_clock_inst|counter[9]                                                                        ; CLOCK_50     ; CLOCK_50    ; 20.000       ; -0.025     ; 2.480      ;
; 17.502  ; divisorClock:divisor_de_clock_inst|counter[5]                                                                            ; divisorClock:divisor_de_clock_inst|counter[10]                                                                       ; CLOCK_50     ; CLOCK_50    ; 20.000       ; -0.025     ; 2.480      ;
; 17.505  ; divisorClock:divisor_de_clock_inst|counter[5]                                                                            ; divisorClock:divisor_de_clock_inst|counter[5]                                                                        ; CLOCK_50     ; CLOCK_50    ; 20.000       ; -0.022     ; 2.480      ;
; 17.587  ; divisorClock:divisor_de_clock_inst|counter[2]                                                                            ; divisorClock:divisor_de_clock_inst|counter[0]                                                                        ; CLOCK_50     ; CLOCK_50    ; 20.000       ; -0.043     ; 2.377      ;
; 17.587  ; divisorClock:divisor_de_clock_inst|counter[2]                                                                            ; divisorClock:divisor_de_clock_inst|counter[1]                                                                        ; CLOCK_50     ; CLOCK_50    ; 20.000       ; -0.043     ; 2.377      ;
; 17.587  ; divisorClock:divisor_de_clock_inst|counter[2]                                                                            ; divisorClock:divisor_de_clock_inst|counter[2]                                                                        ; CLOCK_50     ; CLOCK_50    ; 20.000       ; -0.043     ; 2.377      ;
; 17.587  ; divisorClock:divisor_de_clock_inst|counter[2]                                                                            ; divisorClock:divisor_de_clock_inst|counter[3]                                                                        ; CLOCK_50     ; CLOCK_50    ; 20.000       ; -0.043     ; 2.377      ;
; 17.587  ; divisorClock:divisor_de_clock_inst|counter[2]                                                                            ; divisorClock:divisor_de_clock_inst|counter[4]                                                                        ; CLOCK_50     ; CLOCK_50    ; 20.000       ; -0.043     ; 2.377      ;
; 17.619  ; divisorClock:divisor_de_clock_inst|counter[5]                                                                            ; divisorClock:divisor_de_clock_inst|counter[17]                                                                       ; CLOCK_50     ; CLOCK_50    ; 20.000       ; 0.018      ; 2.406      ;
; 17.619  ; divisorClock:divisor_de_clock_inst|counter[5]                                                                            ; divisorClock:divisor_de_clock_inst|counter[21]                                                                       ; CLOCK_50     ; CLOCK_50    ; 20.000       ; 0.018      ; 2.406      ;
; 17.619  ; divisorClock:divisor_de_clock_inst|counter[5]                                                                            ; divisorClock:divisor_de_clock_inst|counter[11]                                                                       ; CLOCK_50     ; CLOCK_50    ; 20.000       ; 0.018      ; 2.406      ;
; 17.619  ; divisorClock:divisor_de_clock_inst|counter[5]                                                                            ; divisorClock:divisor_de_clock_inst|counter[12]                                                                       ; CLOCK_50     ; CLOCK_50    ; 20.000       ; 0.018      ; 2.406      ;
; 17.619  ; divisorClock:divisor_de_clock_inst|counter[5]                                                                            ; divisorClock:divisor_de_clock_inst|counter[13]                                                                       ; CLOCK_50     ; CLOCK_50    ; 20.000       ; 0.018      ; 2.406      ;
+---------+--------------------------------------------------------------------------------------------------------------------------+----------------------------------------------------------------------------------------------------------------------+--------------+-------------+--------------+------------+------------+


+-------------------------------------------------------------------------------------------------------------------------------------------------------------------------------+
; Fast 1200mV 0C Model Hold: 'CLOCK_50'                                                                                                                                         ;
+-------+------------------------------------------------+------------------------------------------------+--------------+-------------+--------------+------------+------------+
; Slack ; From Node                                      ; To Node                                        ; Launch Clock ; Latch Clock ; Relationship ; Clock Skew ; Data Delay ;
+-------+------------------------------------------------+------------------------------------------------+--------------+-------------+--------------+------------+------------+
; 0.291 ; divisorClock:divisor_de_clock_inst|counter[1]  ; divisorClock:divisor_de_clock_inst|counter[1]  ; CLOCK_50     ; CLOCK_50    ; 0.000        ; 0.043      ; 0.418      ;
; 0.292 ; divisorClock:divisor_de_clock_inst|counter[4]  ; divisorClock:divisor_de_clock_inst|counter[4]  ; CLOCK_50     ; CLOCK_50    ; 0.000        ; 0.043      ; 0.419      ;
; 0.293 ; divisorClock:divisor_de_clock_inst|counter[2]  ; divisorClock:divisor_de_clock_inst|counter[2]  ; CLOCK_50     ; CLOCK_50    ; 0.000        ; 0.043      ; 0.420      ;
; 0.299 ; divisorClock:divisor_de_clock_inst|counter[3]  ; divisorClock:divisor_de_clock_inst|counter[3]  ; CLOCK_50     ; CLOCK_50    ; 0.000        ; 0.043      ; 0.426      ;
; 0.300 ; divisorClock:divisor_de_clock_inst|counter[0]  ; divisorClock:divisor_de_clock_inst|counter[0]  ; CLOCK_50     ; CLOCK_50    ; 0.000        ; 0.043      ; 0.427      ;
; 0.316 ; divisorClock:divisor_de_clock_inst|counter[7]  ; divisorClock:divisor_de_clock_inst|counter[7]  ; CLOCK_50     ; CLOCK_50    ; 0.000        ; 0.022      ; 0.422      ;
; 0.317 ; divisorClock:divisor_de_clock_inst|counter[8]  ; divisorClock:divisor_de_clock_inst|counter[8]  ; CLOCK_50     ; CLOCK_50    ; 0.000        ; 0.022      ; 0.423      ;
; 0.317 ; divisorClock:divisor_de_clock_inst|counter[6]  ; divisorClock:divisor_de_clock_inst|counter[6]  ; CLOCK_50     ; CLOCK_50    ; 0.000        ; 0.022      ; 0.423      ;
; 0.318 ; divisorClock:divisor_de_clock_inst|counter[5]  ; divisorClock:divisor_de_clock_inst|counter[5]  ; CLOCK_50     ; CLOCK_50    ; 0.000        ; 0.022      ; 0.424      ;
; 0.320 ; divisorClock:divisor_de_clock_inst|counter[19] ; divisorClock:divisor_de_clock_inst|counter[19] ; CLOCK_50     ; CLOCK_50    ; 0.000        ; 0.022      ; 0.426      ;
; 0.322 ; divisorClock:divisor_de_clock_inst|counter[9]  ; divisorClock:divisor_de_clock_inst|counter[9]  ; CLOCK_50     ; CLOCK_50    ; 0.000        ; 0.022      ; 0.428      ;
; 0.323 ; divisorClock:divisor_de_clock_inst|counter[10] ; divisorClock:divisor_de_clock_inst|counter[10] ; CLOCK_50     ; CLOCK_50    ; 0.000        ; 0.022      ; 0.429      ;
; 0.323 ; divisorClock:divisor_de_clock_inst|counter[12] ; divisorClock:divisor_de_clock_inst|counter[12] ; CLOCK_50     ; CLOCK_50    ; 0.000        ; 0.022      ; 0.429      ;
; 0.323 ; divisorClock:divisor_de_clock_inst|counter[17] ; divisorClock:divisor_de_clock_inst|counter[17] ; CLOCK_50     ; CLOCK_50    ; 0.000        ; 0.022      ; 0.429      ;
; 0.324 ; divisorClock:divisor_de_clock_inst|counter[13] ; divisorClock:divisor_de_clock_inst|counter[13] ; CLOCK_50     ; CLOCK_50    ; 0.000        ; 0.022      ; 0.430      ;
; 0.324 ; divisorClock:divisor_de_clock_inst|counter[14] ; divisorClock:divisor_de_clock_inst|counter[14] ; CLOCK_50     ; CLOCK_50    ; 0.000        ; 0.022      ; 0.430      ;
; 0.324 ; divisorClock:divisor_de_clock_inst|counter[16] ; divisorClock:divisor_de_clock_inst|counter[16] ; CLOCK_50     ; CLOCK_50    ; 0.000        ; 0.022      ; 0.430      ;
; 0.325 ; divisorClock:divisor_de_clock_inst|counter[15] ; divisorClock:divisor_de_clock_inst|counter[15] ; CLOCK_50     ; CLOCK_50    ; 0.000        ; 0.022      ; 0.431      ;
; 0.326 ; divisorClock:divisor_de_clock_inst|counter[18] ; divisorClock:divisor_de_clock_inst|counter[18] ; CLOCK_50     ; CLOCK_50    ; 0.000        ; 0.022      ; 0.432      ;
; 0.326 ; divisorClock:divisor_de_clock_inst|counter[22] ; divisorClock:divisor_de_clock_inst|counter[22] ; CLOCK_50     ; CLOCK_50    ; 0.000        ; 0.022      ; 0.432      ;
; 0.326 ; divisorClock:divisor_de_clock_inst|counter[21] ; divisorClock:divisor_de_clock_inst|counter[21] ; CLOCK_50     ; CLOCK_50    ; 0.000        ; 0.022      ; 0.432      ;
; 0.330 ; divisorClock:divisor_de_clock_inst|counter[11] ; divisorClock:divisor_de_clock_inst|counter[11] ; CLOCK_50     ; CLOCK_50    ; 0.000        ; 0.022      ; 0.436      ;
; 0.379 ; divisorClock:divisor_de_clock_inst|counter[20] ; divisorClock:divisor_de_clock_inst|counter[20] ; CLOCK_50     ; CLOCK_50    ; 0.000        ; 0.022      ; 0.485      ;
; 0.388 ; divisorClock:divisor_de_clock_inst|counter[10] ; divisorClock:divisor_de_clock_inst|counter[11] ; CLOCK_50     ; CLOCK_50    ; 0.000        ; 0.115      ; 0.587      ;
; 0.391 ; divisorClock:divisor_de_clock_inst|counter[10] ; divisorClock:divisor_de_clock_inst|counter[12] ; CLOCK_50     ; CLOCK_50    ; 0.000        ; 0.115      ; 0.590      ;
; 0.440 ; divisorClock:divisor_de_clock_inst|counter[1]  ; divisorClock:divisor_de_clock_inst|counter[2]  ; CLOCK_50     ; CLOCK_50    ; 0.000        ; 0.043      ; 0.567      ;
; 0.441 ; divisorClock:divisor_de_clock_inst|counter[9]  ; divisorClock:divisor_de_clock_inst|counter[11] ; CLOCK_50     ; CLOCK_50    ; 0.000        ; 0.115      ; 0.640      ;
; 0.444 ; divisorClock:divisor_de_clock_inst|counter[9]  ; divisorClock:divisor_de_clock_inst|counter[12] ; CLOCK_50     ; CLOCK_50    ; 0.000        ; 0.115      ; 0.643      ;
; 0.446 ; divisorClock:divisor_de_clock_inst|counter[21] ; divisorClock:divisor_de_clock_inst|counter[0]  ; CLOCK_50     ; CLOCK_50    ; 0.000        ; 0.351      ; 0.881      ;
; 0.446 ; divisorClock:divisor_de_clock_inst|counter[21] ; divisorClock:divisor_de_clock_inst|counter[1]  ; CLOCK_50     ; CLOCK_50    ; 0.000        ; 0.351      ; 0.881      ;
; 0.446 ; divisorClock:divisor_de_clock_inst|counter[21] ; divisorClock:divisor_de_clock_inst|counter[2]  ; CLOCK_50     ; CLOCK_50    ; 0.000        ; 0.351      ; 0.881      ;
; 0.446 ; divisorClock:divisor_de_clock_inst|counter[21] ; divisorClock:divisor_de_clock_inst|counter[3]  ; CLOCK_50     ; CLOCK_50    ; 0.000        ; 0.351      ; 0.881      ;
; 0.446 ; divisorClock:divisor_de_clock_inst|counter[21] ; divisorClock:divisor_de_clock_inst|counter[4]  ; CLOCK_50     ; CLOCK_50    ; 0.000        ; 0.351      ; 0.881      ;
; 0.448 ; divisorClock:divisor_de_clock_inst|counter[8]  ; divisorClock:divisor_de_clock_inst|counter[11] ; CLOCK_50     ; CLOCK_50    ; 0.000        ; 0.115      ; 0.647      ;
; 0.448 ; divisorClock:divisor_de_clock_inst|counter[3]  ; divisorClock:divisor_de_clock_inst|counter[4]  ; CLOCK_50     ; CLOCK_50    ; 0.000        ; 0.043      ; 0.575      ;
; 0.449 ; divisorClock:divisor_de_clock_inst|counter[0]  ; divisorClock:divisor_de_clock_inst|counter[1]  ; CLOCK_50     ; CLOCK_50    ; 0.000        ; 0.043      ; 0.576      ;
; 0.451 ; divisorClock:divisor_de_clock_inst|counter[8]  ; divisorClock:divisor_de_clock_inst|counter[12] ; CLOCK_50     ; CLOCK_50    ; 0.000        ; 0.115      ; 0.650      ;
; 0.451 ; divisorClock:divisor_de_clock_inst|counter[2]  ; divisorClock:divisor_de_clock_inst|counter[3]  ; CLOCK_50     ; CLOCK_50    ; 0.000        ; 0.043      ; 0.578      ;
; 0.452 ; divisorClock:divisor_de_clock_inst|counter[0]  ; divisorClock:divisor_de_clock_inst|counter[2]  ; CLOCK_50     ; CLOCK_50    ; 0.000        ; 0.043      ; 0.579      ;
; 0.454 ; divisorClock:divisor_de_clock_inst|counter[10] ; divisorClock:divisor_de_clock_inst|counter[13] ; CLOCK_50     ; CLOCK_50    ; 0.000        ; 0.115      ; 0.653      ;
; 0.454 ; divisorClock:divisor_de_clock_inst|counter[2]  ; divisorClock:divisor_de_clock_inst|counter[4]  ; CLOCK_50     ; CLOCK_50    ; 0.000        ; 0.043      ; 0.581      ;
; 0.457 ; divisorClock:divisor_de_clock_inst|counter[10] ; divisorClock:divisor_de_clock_inst|counter[14] ; CLOCK_50     ; CLOCK_50    ; 0.000        ; 0.115      ; 0.656      ;
; 0.462 ; divisorClock:divisor_de_clock_inst|counter[7]  ; divisorClock:divisor_de_clock_inst|counter[8]  ; CLOCK_50     ; CLOCK_50    ; 0.000        ; 0.025      ; 0.571      ;
; 0.464 ; divisorClock:divisor_de_clock_inst|counter[5]  ; divisorClock:divisor_de_clock_inst|counter[6]  ; CLOCK_50     ; CLOCK_50    ; 0.000        ; 0.025      ; 0.573      ;
; 0.465 ; divisorClock:divisor_de_clock_inst|counter[19] ; divisorClock:divisor_de_clock_inst|counter[20] ; CLOCK_50     ; CLOCK_50    ; 0.000        ; 0.026      ; 0.575      ;
; 0.468 ; divisorClock:divisor_de_clock_inst|counter[9]  ; divisorClock:divisor_de_clock_inst|counter[10] ; CLOCK_50     ; CLOCK_50    ; 0.000        ; 0.025      ; 0.577      ;
; 0.468 ; divisorClock:divisor_de_clock_inst|counter[17] ; divisorClock:divisor_de_clock_inst|counter[18] ; CLOCK_50     ; CLOCK_50    ; 0.000        ; 0.026      ; 0.578      ;
; 0.469 ; divisorClock:divisor_de_clock_inst|counter[13] ; divisorClock:divisor_de_clock_inst|counter[14] ; CLOCK_50     ; CLOCK_50    ; 0.000        ; 0.026      ; 0.579      ;
; 0.470 ; divisorClock:divisor_de_clock_inst|counter[15] ; divisorClock:divisor_de_clock_inst|counter[16] ; CLOCK_50     ; CLOCK_50    ; 0.000        ; 0.026      ; 0.580      ;
; 0.471 ; divisorClock:divisor_de_clock_inst|counter[21] ; divisorClock:divisor_de_clock_inst|counter[22] ; CLOCK_50     ; CLOCK_50    ; 0.000        ; 0.026      ; 0.581      ;
; 0.472 ; divisorClock:divisor_de_clock_inst|counter[8]  ; divisorClock:divisor_de_clock_inst|counter[9]  ; CLOCK_50     ; CLOCK_50    ; 0.000        ; 0.025      ; 0.581      ;
; 0.472 ; divisorClock:divisor_de_clock_inst|counter[6]  ; divisorClock:divisor_de_clock_inst|counter[7]  ; CLOCK_50     ; CLOCK_50    ; 0.000        ; 0.025      ; 0.581      ;
; 0.475 ; divisorClock:divisor_de_clock_inst|counter[8]  ; divisorClock:divisor_de_clock_inst|counter[10] ; CLOCK_50     ; CLOCK_50    ; 0.000        ; 0.025      ; 0.584      ;
; 0.475 ; divisorClock:divisor_de_clock_inst|counter[6]  ; divisorClock:divisor_de_clock_inst|counter[8]  ; CLOCK_50     ; CLOCK_50    ; 0.000        ; 0.025      ; 0.584      ;
; 0.475 ; divisorClock:divisor_de_clock_inst|counter[11] ; divisorClock:divisor_de_clock_inst|counter[12] ; CLOCK_50     ; CLOCK_50    ; 0.000        ; 0.026      ; 0.585      ;
; 0.477 ; divisorClock:divisor_de_clock_inst|counter[12] ; divisorClock:divisor_de_clock_inst|counter[13] ; CLOCK_50     ; CLOCK_50    ; 0.000        ; 0.026      ; 0.587      ;
; 0.478 ; divisorClock:divisor_de_clock_inst|counter[14] ; divisorClock:divisor_de_clock_inst|counter[15] ; CLOCK_50     ; CLOCK_50    ; 0.000        ; 0.026      ; 0.588      ;
; 0.478 ; divisorClock:divisor_de_clock_inst|counter[16] ; divisorClock:divisor_de_clock_inst|counter[17] ; CLOCK_50     ; CLOCK_50    ; 0.000        ; 0.026      ; 0.588      ;
; 0.480 ; divisorClock:divisor_de_clock_inst|counter[12] ; divisorClock:divisor_de_clock_inst|counter[14] ; CLOCK_50     ; CLOCK_50    ; 0.000        ; 0.026      ; 0.590      ;
; 0.480 ; divisorClock:divisor_de_clock_inst|counter[18] ; divisorClock:divisor_de_clock_inst|counter[19] ; CLOCK_50     ; CLOCK_50    ; 0.000        ; 0.026      ; 0.590      ;
; 0.481 ; divisorClock:divisor_de_clock_inst|counter[14] ; divisorClock:divisor_de_clock_inst|counter[16] ; CLOCK_50     ; CLOCK_50    ; 0.000        ; 0.026      ; 0.591      ;
; 0.481 ; divisorClock:divisor_de_clock_inst|counter[16] ; divisorClock:divisor_de_clock_inst|counter[18] ; CLOCK_50     ; CLOCK_50    ; 0.000        ; 0.026      ; 0.591      ;
; 0.483 ; divisorClock:divisor_de_clock_inst|counter[18] ; divisorClock:divisor_de_clock_inst|counter[20] ; CLOCK_50     ; CLOCK_50    ; 0.000        ; 0.026      ; 0.593      ;
; 0.501 ; divisorClock:divisor_de_clock_inst|counter[7]  ; divisorClock:divisor_de_clock_inst|counter[11] ; CLOCK_50     ; CLOCK_50    ; 0.000        ; 0.115      ; 0.700      ;
; 0.503 ; divisorClock:divisor_de_clock_inst|counter[1]  ; divisorClock:divisor_de_clock_inst|counter[3]  ; CLOCK_50     ; CLOCK_50    ; 0.000        ; 0.043      ; 0.630      ;
; 0.504 ; divisorClock:divisor_de_clock_inst|counter[7]  ; divisorClock:divisor_de_clock_inst|counter[12] ; CLOCK_50     ; CLOCK_50    ; 0.000        ; 0.115      ; 0.703      ;
; 0.506 ; divisorClock:divisor_de_clock_inst|counter[1]  ; divisorClock:divisor_de_clock_inst|counter[4]  ; CLOCK_50     ; CLOCK_50    ; 0.000        ; 0.043      ; 0.633      ;
; 0.507 ; divisorClock:divisor_de_clock_inst|counter[9]  ; divisorClock:divisor_de_clock_inst|counter[13] ; CLOCK_50     ; CLOCK_50    ; 0.000        ; 0.115      ; 0.706      ;
; 0.510 ; divisorClock:divisor_de_clock_inst|counter[9]  ; divisorClock:divisor_de_clock_inst|counter[14] ; CLOCK_50     ; CLOCK_50    ; 0.000        ; 0.115      ; 0.709      ;
; 0.514 ; divisorClock:divisor_de_clock_inst|counter[8]  ; divisorClock:divisor_de_clock_inst|counter[13] ; CLOCK_50     ; CLOCK_50    ; 0.000        ; 0.115      ; 0.713      ;
; 0.514 ; divisorClock:divisor_de_clock_inst|counter[6]  ; divisorClock:divisor_de_clock_inst|counter[11] ; CLOCK_50     ; CLOCK_50    ; 0.000        ; 0.115      ; 0.713      ;
; 0.515 ; divisorClock:divisor_de_clock_inst|counter[0]  ; divisorClock:divisor_de_clock_inst|counter[3]  ; CLOCK_50     ; CLOCK_50    ; 0.000        ; 0.043      ; 0.642      ;
; 0.517 ; divisorClock:divisor_de_clock_inst|counter[8]  ; divisorClock:divisor_de_clock_inst|counter[14] ; CLOCK_50     ; CLOCK_50    ; 0.000        ; 0.115      ; 0.716      ;
; 0.517 ; divisorClock:divisor_de_clock_inst|counter[6]  ; divisorClock:divisor_de_clock_inst|counter[12] ; CLOCK_50     ; CLOCK_50    ; 0.000        ; 0.115      ; 0.716      ;
; 0.518 ; divisorClock:divisor_de_clock_inst|counter[0]  ; divisorClock:divisor_de_clock_inst|counter[4]  ; CLOCK_50     ; CLOCK_50    ; 0.000        ; 0.043      ; 0.645      ;
; 0.520 ; divisorClock:divisor_de_clock_inst|counter[10] ; divisorClock:divisor_de_clock_inst|counter[15] ; CLOCK_50     ; CLOCK_50    ; 0.000        ; 0.115      ; 0.719      ;
; 0.523 ; divisorClock:divisor_de_clock_inst|counter[10] ; divisorClock:divisor_de_clock_inst|counter[16] ; CLOCK_50     ; CLOCK_50    ; 0.000        ; 0.115      ; 0.722      ;
; 0.525 ; divisorClock:divisor_de_clock_inst|counter[7]  ; divisorClock:divisor_de_clock_inst|counter[9]  ; CLOCK_50     ; CLOCK_50    ; 0.000        ; 0.025      ; 0.634      ;
; 0.527 ; divisorClock:divisor_de_clock_inst|counter[5]  ; divisorClock:divisor_de_clock_inst|counter[7]  ; CLOCK_50     ; CLOCK_50    ; 0.000        ; 0.025      ; 0.636      ;
; 0.528 ; divisorClock:divisor_de_clock_inst|counter[7]  ; divisorClock:divisor_de_clock_inst|counter[10] ; CLOCK_50     ; CLOCK_50    ; 0.000        ; 0.025      ; 0.637      ;
; 0.528 ; divisorClock:divisor_de_clock_inst|counter[19] ; divisorClock:divisor_de_clock_inst|counter[21] ; CLOCK_50     ; CLOCK_50    ; 0.000        ; 0.026      ; 0.638      ;
; 0.530 ; divisorClock:divisor_de_clock_inst|counter[5]  ; divisorClock:divisor_de_clock_inst|counter[8]  ; CLOCK_50     ; CLOCK_50    ; 0.000        ; 0.025      ; 0.639      ;
; 0.531 ; divisorClock:divisor_de_clock_inst|counter[19] ; divisorClock:divisor_de_clock_inst|counter[22] ; CLOCK_50     ; CLOCK_50    ; 0.000        ; 0.026      ; 0.641      ;
; 0.531 ; divisorClock:divisor_de_clock_inst|counter[17] ; divisorClock:divisor_de_clock_inst|counter[19] ; CLOCK_50     ; CLOCK_50    ; 0.000        ; 0.026      ; 0.641      ;
; 0.532 ; divisorClock:divisor_de_clock_inst|counter[13] ; divisorClock:divisor_de_clock_inst|counter[15] ; CLOCK_50     ; CLOCK_50    ; 0.000        ; 0.026      ; 0.642      ;
; 0.533 ; divisorClock:divisor_de_clock_inst|counter[15] ; divisorClock:divisor_de_clock_inst|counter[17] ; CLOCK_50     ; CLOCK_50    ; 0.000        ; 0.026      ; 0.643      ;
; 0.533 ; divisorClock:divisor_de_clock_inst|counter[20] ; divisorClock:divisor_de_clock_inst|counter[21] ; CLOCK_50     ; CLOCK_50    ; 0.000        ; 0.026      ; 0.643      ;
; 0.534 ; divisorClock:divisor_de_clock_inst|counter[17] ; divisorClock:divisor_de_clock_inst|counter[20] ; CLOCK_50     ; CLOCK_50    ; 0.000        ; 0.026      ; 0.644      ;
; 0.535 ; divisorClock:divisor_de_clock_inst|counter[13] ; divisorClock:divisor_de_clock_inst|counter[16] ; CLOCK_50     ; CLOCK_50    ; 0.000        ; 0.026      ; 0.645      ;
; 0.536 ; divisorClock:divisor_de_clock_inst|counter[15] ; divisorClock:divisor_de_clock_inst|counter[18] ; CLOCK_50     ; CLOCK_50    ; 0.000        ; 0.026      ; 0.646      ;
; 0.536 ; divisorClock:divisor_de_clock_inst|counter[20] ; divisorClock:divisor_de_clock_inst|counter[22] ; CLOCK_50     ; CLOCK_50    ; 0.000        ; 0.026      ; 0.646      ;
; 0.538 ; divisorClock:divisor_de_clock_inst|counter[6]  ; divisorClock:divisor_de_clock_inst|counter[9]  ; CLOCK_50     ; CLOCK_50    ; 0.000        ; 0.025      ; 0.647      ;
; 0.538 ; divisorClock:divisor_de_clock_inst|counter[11] ; divisorClock:divisor_de_clock_inst|counter[13] ; CLOCK_50     ; CLOCK_50    ; 0.000        ; 0.026      ; 0.648      ;
; 0.541 ; divisorClock:divisor_de_clock_inst|counter[6]  ; divisorClock:divisor_de_clock_inst|counter[10] ; CLOCK_50     ; CLOCK_50    ; 0.000        ; 0.025      ; 0.650      ;
; 0.541 ; divisorClock:divisor_de_clock_inst|counter[11] ; divisorClock:divisor_de_clock_inst|counter[14] ; CLOCK_50     ; CLOCK_50    ; 0.000        ; 0.026      ; 0.651      ;
; 0.543 ; divisorClock:divisor_de_clock_inst|counter[12] ; divisorClock:divisor_de_clock_inst|counter[15] ; CLOCK_50     ; CLOCK_50    ; 0.000        ; 0.026      ; 0.653      ;
; 0.544 ; divisorClock:divisor_de_clock_inst|counter[14] ; divisorClock:divisor_de_clock_inst|counter[17] ; CLOCK_50     ; CLOCK_50    ; 0.000        ; 0.026      ; 0.654      ;
; 0.544 ; divisorClock:divisor_de_clock_inst|counter[16] ; divisorClock:divisor_de_clock_inst|counter[19] ; CLOCK_50     ; CLOCK_50    ; 0.000        ; 0.026      ; 0.654      ;
; 0.546 ; divisorClock:divisor_de_clock_inst|counter[12] ; divisorClock:divisor_de_clock_inst|counter[16] ; CLOCK_50     ; CLOCK_50    ; 0.000        ; 0.026      ; 0.656      ;
; 0.546 ; divisorClock:divisor_de_clock_inst|counter[18] ; divisorClock:divisor_de_clock_inst|counter[21] ; CLOCK_50     ; CLOCK_50    ; 0.000        ; 0.026      ; 0.656      ;
+-------+------------------------------------------------+------------------------------------------------+--------------+-------------+--------------+------------+------------+


----------------------------------------------
; Fast 1200mV 0C Model Metastability Summary ;
----------------------------------------------
No synchronizer chains to report.


+--------------------------------------------------------------------------------+
; Multicorner Timing Analysis Summary                                            ;
+------------------+----------+-------+----------+---------+---------------------+
; Clock            ; Setup    ; Hold  ; Recovery ; Removal ; Minimum Pulse Width ;
+------------------+----------+-------+----------+---------+---------------------+
; Worst-case Slack ; -114.404 ; 0.291 ; N/A      ; N/A     ; 9.374               ;
;  CLOCK_50        ; -114.404 ; 0.291 ; N/A      ; N/A     ; 9.374               ;
; Design-wide TNS  ; -114.404 ; 0.0   ; 0.0      ; 0.0     ; 0.0                 ;
;  CLOCK_50        ; -114.404 ; 0.000 ; N/A      ; N/A     ; 0.000               ;
+------------------+----------+-------+----------+---------+---------------------+


+----------------------------------------------------------------------------------------------------------------------------------------------------------------------------------------------------------------------------------------------------------------------------------------------------------------------------------------------------------------------------------------------------------------------+
; Board Trace Model Assignments                                                                                                                                                                                                                                                                                                                                                                                        ;
+-------------------+--------------+-------------------+-------------------------+-------------------------+---------------+---------------------+----------------+------------------+--------+------------------+------------------------+------------------------+--------------+---------------+-----------------+-------+---------------------+--------------------+---------------+-----------------+-------------+
; Pin               ; I/O Standard ; Near Tline Length ; Near Tline L per Length ; Near Tline C per Length ; Near Series R ; Near Differential R ; Near Pull-up R ; Near Pull-down R ; Near C ; Far Tline Length ; Far Tline L per Length ; Far Tline C per Length ; Far Series R ; Far Pull-up R ; Far Pull-down R ; Far C ; Termination Voltage ; Far Differential R ; EBD File Name ; EBD Signal Name ; EBD Far-end ;
+-------------------+--------------+-------------------+-------------------------+-------------------------+---------------+---------------------+----------------+------------------+--------+------------------+------------------------+------------------------+--------------+---------------+-----------------+-------+---------------------+--------------------+---------------+-----------------+-------------+
; saida_binario[0]  ; 2.5 V        ; 0 in              ; 0 H/in                  ; 0 F/in                  ; short         ; -                   ; open           ; open             ; open   ; 0 in             ; 0 H/in                 ; 0 F/in                 ; short        ; open          ; open            ; open  ; 0 V                 ; -                  ; n/a           ; n/a             ; n/a         ;
; saida_binario[1]  ; 2.5 V        ; 0 in              ; 0 H/in                  ; 0 F/in                  ; short         ; -                   ; open           ; open             ; open   ; 0 in             ; 0 H/in                 ; 0 F/in                 ; short        ; open          ; open            ; open  ; 0 V                 ; -                  ; n/a           ; n/a             ; n/a         ;
; saida_binario[2]  ; 2.5 V        ; 0 in              ; 0 H/in                  ; 0 F/in                  ; short         ; -                   ; open           ; open             ; open   ; 0 in             ; 0 H/in                 ; 0 F/in                 ; short        ; open          ; open            ; open  ; 0 V                 ; -                  ; n/a           ; n/a             ; n/a         ;
; saida_binario[3]  ; 2.5 V        ; 0 in              ; 0 H/in                  ; 0 F/in                  ; short         ; -                   ; open           ; open             ; open   ; 0 in             ; 0 H/in                 ; 0 F/in                 ; short        ; open          ; open            ; open  ; 0 V                 ; -                  ; n/a           ; n/a             ; n/a         ;
; saida_binario[4]  ; 2.5 V        ; 0 in              ; 0 H/in                  ; 0 F/in                  ; short         ; -                   ; open           ; open             ; open   ; 0 in             ; 0 H/in                 ; 0 F/in                 ; short        ; open          ; open            ; open  ; 0 V                 ; -                  ; n/a           ; n/a             ; n/a         ;
; saida_binario[5]  ; 2.5 V        ; 0 in              ; 0 H/in                  ; 0 F/in                  ; short         ; -                   ; open           ; open             ; open   ; 0 in             ; 0 H/in                 ; 0 F/in                 ; short        ; open          ; open            ; open  ; 0 V                 ; -                  ; n/a           ; n/a             ; n/a         ;
; saida_binario[6]  ; 2.5 V        ; 0 in              ; 0 H/in                  ; 0 F/in                  ; short         ; -                   ; open           ; open             ; open   ; 0 in             ; 0 H/in                 ; 0 F/in                 ; short        ; open          ; open            ; open  ; 0 V                 ; -                  ; n/a           ; n/a             ; n/a         ;
; saida_binario[7]  ; 2.5 V        ; 0 in              ; 0 H/in                  ; 0 F/in                  ; short         ; -                   ; open           ; open             ; open   ; 0 in             ; 0 H/in                 ; 0 F/in                 ; short        ; open          ; open            ; open  ; 0 V                 ; -                  ; n/a           ; n/a             ; n/a         ;
; saida_binario[8]  ; 2.5 V        ; 0 in              ; 0 H/in                  ; 0 F/in                  ; short         ; -                   ; open           ; open             ; open   ; 0 in             ; 0 H/in                 ; 0 F/in                 ; short        ; open          ; open            ; open  ; 0 V                 ; -                  ; n/a           ; n/a             ; n/a         ;
; saida_binario[9]  ; 2.5 V        ; 0 in              ; 0 H/in                  ; 0 F/in                  ; short         ; -                   ; open           ; open             ; open   ; 0 in             ; 0 H/in                 ; 0 F/in                 ; short        ; open          ; open            ; open  ; 0 V                 ; -                  ; n/a           ; n/a             ; n/a         ;
; saida_binario[10] ; 2.5 V        ; 0 in              ; 0 H/in                  ; 0 F/in                  ; short         ; -                   ; open           ; open             ; open   ; 0 in             ; 0 H/in                 ; 0 F/in                 ; short        ; open          ; open            ; open  ; 0 V                 ; -                  ; n/a           ; n/a             ; n/a         ;
; saida_binario[11] ; 2.5 V        ; 0 in              ; 0 H/in                  ; 0 F/in                  ; short         ; -                   ; open           ; open             ; open   ; 0 in             ; 0 H/in                 ; 0 F/in                 ; short        ; open          ; open            ; open  ; 0 V                 ; -                  ; n/a           ; n/a             ; n/a         ;
; saida_binario[12] ; 2.5 V        ; 0 in              ; 0 H/in                  ; 0 F/in                  ; short         ; -                   ; open           ; open             ; open   ; 0 in             ; 0 H/in                 ; 0 F/in                 ; short        ; open          ; open            ; open  ; 0 V                 ; -                  ; n/a           ; n/a             ; n/a         ;
; saida_binario[13] ; 2.5 V        ; 0 in              ; 0 H/in                  ; 0 F/in                  ; short         ; -                   ; open           ; open             ; open   ; 0 in             ; 0 H/in                 ; 0 F/in                 ; short        ; open          ; open            ; open  ; 0 V                 ; -                  ; n/a           ; n/a             ; n/a         ;
; saida_binario[14] ; 2.5 V        ; 0 in              ; 0 H/in                  ; 0 F/in                  ; short         ; -                   ; open           ; open             ; open   ; 0 in             ; 0 H/in                 ; 0 F/in                 ; short        ; open          ; open            ; open  ; 0 V                 ; -                  ; n/a           ; n/a             ; n/a         ;
; saida_binario[15] ; 2.5 V        ; 0 in              ; 0 H/in                  ; 0 F/in                  ; short         ; -                   ; open           ; open             ; open   ; 0 in             ; 0 H/in                 ; 0 F/in                 ; short        ; open          ; open            ; open  ; 0 V                 ; -                  ; n/a           ; n/a             ; n/a         ;
; saida_binario[16] ; 2.5 V        ; 0 in              ; 0 H/in                  ; 0 F/in                  ; short         ; -                   ; open           ; open             ; open   ; 0 in             ; 0 H/in                 ; 0 F/in                 ; short        ; open          ; open            ; open  ; 0 V                 ; -                  ; n/a           ; n/a             ; n/a         ;
; saida_binario[17] ; 2.5 V        ; 0 in              ; 0 H/in                  ; 0 F/in                  ; short         ; -                   ; open           ; open             ; open   ; 0 in             ; 0 H/in                 ; 0 F/in                 ; short        ; open          ; open            ; open  ; 0 V                 ; -                  ; n/a           ; n/a             ; n/a         ;
; saida_binario[18] ; 2.5 V        ; 0 in              ; 0 H/in                  ; 0 F/in                  ; short         ; -                   ; open           ; open             ; open   ; 0 in             ; 0 H/in                 ; 0 F/in                 ; short        ; open          ; open            ; open  ; 0 V                 ; -                  ; n/a           ; n/a             ; n/a         ;
; saida_binario[19] ; 2.5 V        ; 0 in              ; 0 H/in                  ; 0 F/in                  ; short         ; -                   ; open           ; open             ; open   ; 0 in             ; 0 H/in                 ; 0 F/in                 ; short        ; open          ; open            ; open  ; 0 V                 ; -                  ; n/a           ; n/a             ; n/a         ;
; saida_binario[20] ; 2.5 V        ; 0 in              ; 0 H/in                  ; 0 F/in                  ; short         ; -                   ; open           ; open             ; open   ; 0 in             ; 0 H/in                 ; 0 F/in                 ; short        ; open          ; open            ; open  ; 0 V                 ; -                  ; n/a           ; n/a             ; n/a         ;
; saida_binario[21] ; 2.5 V        ; 0 in              ; 0 H/in                  ; 0 F/in                  ; short         ; -                   ; open           ; open             ; open   ; 0 in             ; 0 H/in                 ; 0 F/in                 ; short        ; open          ; open            ; open  ; 0 V                 ; -                  ; n/a           ; n/a             ; n/a         ;
; saida_binario[22] ; 2.5 V        ; 0 in              ; 0 H/in                  ; 0 F/in                  ; short         ; -                   ; open           ; open             ; open   ; 0 in             ; 0 H/in                 ; 0 F/in                 ; short        ; open          ; open            ; open  ; 0 V                 ; -                  ; n/a           ; n/a             ; n/a         ;
; saida_binario[23] ; 2.5 V        ; 0 in              ; 0 H/in                  ; 0 F/in                  ; short         ; -                   ; open           ; open             ; open   ; 0 in             ; 0 H/in                 ; 0 F/in                 ; short        ; open          ; open            ; open  ; 0 V                 ; -                  ; n/a           ; n/a             ; n/a         ;
; saida_binario[24] ; 2.5 V        ; 0 in              ; 0 H/in                  ; 0 F/in                  ; short         ; -                   ; open           ; open             ; open   ; 0 in             ; 0 H/in                 ; 0 F/in                 ; short        ; open          ; open            ; open  ; 0 V                 ; -                  ; n/a           ; n/a             ; n/a         ;
; saida_binario[25] ; 2.5 V        ; 0 in              ; 0 H/in                  ; 0 F/in                  ; short         ; -                   ; open           ; open             ; open   ; 0 in             ; 0 H/in                 ; 0 F/in                 ; short        ; open          ; open            ; open  ; 0 V                 ; -                  ; n/a           ; n/a             ; n/a         ;
; saida_binario[26] ; 2.5 V        ; 0 in              ; 0 H/in                  ; 0 F/in                  ; short         ; -                   ; open           ; open             ; open   ; 0 in             ; 0 H/in                 ; 0 F/in                 ; short        ; open          ; open            ; open  ; 0 V                 ; -                  ; n/a           ; n/a             ; n/a         ;
; saida_binario[27] ; 2.5 V        ; 0 in              ; 0 H/in                  ; 0 F/in                  ; short         ; -                   ; open           ; open             ; open   ; 0 in             ; 0 H/in                 ; 0 F/in                 ; short        ; open          ; open            ; open  ; 0 V                 ; -                  ; n/a           ; n/a             ; n/a         ;
; saida_binario[28] ; 2.5 V        ; 0 in              ; 0 H/in                  ; 0 F/in                  ; short         ; -                   ; open           ; open             ; open   ; 0 in             ; 0 H/in                 ; 0 F/in                 ; short        ; open          ; open            ; open  ; 0 V                 ; -                  ; n/a           ; n/a             ; n/a         ;
; saida_binario[29] ; 2.5 V        ; 0 in              ; 0 H/in                  ; 0 F/in                  ; short         ; -                   ; open           ; open             ; open   ; 0 in             ; 0 H/in                 ; 0 F/in                 ; short        ; open          ; open            ; open  ; 0 V                 ; -                  ; n/a           ; n/a             ; n/a         ;
; saida_binario[30] ; 2.5 V        ; 0 in              ; 0 H/in                  ; 0 F/in                  ; short         ; -                   ; open           ; open             ; open   ; 0 in             ; 0 H/in                 ; 0 F/in                 ; short        ; open          ; open            ; open  ; 0 V                 ; -                  ; n/a           ; n/a             ; n/a         ;
; saida_binario[31] ; 2.5 V        ; 0 in              ; 0 H/in                  ; 0 F/in                  ; short         ; -                   ; open           ; open             ; open   ; 0 in             ; 0 H/in                 ; 0 F/in                 ; short        ; open          ; open            ; open  ; 0 V                 ; -                  ; n/a           ; n/a             ; n/a         ;
; led_zero          ; 2.5 V        ; 0 in              ; 0 H/in                  ; 0 F/in                  ; short         ; -                   ; open           ; open             ; open   ; 0 in             ; 0 H/in                 ; 0 F/in                 ; short        ; open          ; open            ; open  ; 0 V                 ; -                  ; n/a           ; n/a             ; n/a         ;
; led_negativo      ; 2.5 V        ; 0 in              ; 0 H/in                  ; 0 F/in                  ; short         ; -                   ; open           ; open             ; open   ; 0 in             ; 0 H/in                 ; 0 F/in                 ; short        ; open          ; open            ; open  ; 0 V                 ; -                  ; n/a           ; n/a             ; n/a         ;
; display3[0]       ; 2.5 V        ; 0 in              ; 0 H/in                  ; 0 F/in                  ; short         ; -                   ; open           ; open             ; open   ; 0 in             ; 0 H/in                 ; 0 F/in                 ; short        ; open          ; open            ; open  ; 0 V                 ; -                  ; n/a           ; n/a             ; n/a         ;
; display3[1]       ; 2.5 V        ; 0 in              ; 0 H/in                  ; 0 F/in                  ; short         ; -                   ; open           ; open             ; open   ; 0 in             ; 0 H/in                 ; 0 F/in                 ; short        ; open          ; open            ; open  ; 0 V                 ; -                  ; n/a           ; n/a             ; n/a         ;
; display3[2]       ; 2.5 V        ; 0 in              ; 0 H/in                  ; 0 F/in                  ; short         ; -                   ; open           ; open             ; open   ; 0 in             ; 0 H/in                 ; 0 F/in                 ; short        ; open          ; open            ; open  ; 0 V                 ; -                  ; n/a           ; n/a             ; n/a         ;
; display3[3]       ; 2.5 V        ; 0 in              ; 0 H/in                  ; 0 F/in                  ; short         ; -                   ; open           ; open             ; open   ; 0 in             ; 0 H/in                 ; 0 F/in                 ; short        ; open          ; open            ; open  ; 0 V                 ; -                  ; n/a           ; n/a             ; n/a         ;
; display3[4]       ; 2.5 V        ; 0 in              ; 0 H/in                  ; 0 F/in                  ; short         ; -                   ; open           ; open             ; open   ; 0 in             ; 0 H/in                 ; 0 F/in                 ; short        ; open          ; open            ; open  ; 0 V                 ; -                  ; n/a           ; n/a             ; n/a         ;
; display3[5]       ; 2.5 V        ; 0 in              ; 0 H/in                  ; 0 F/in                  ; short         ; -                   ; open           ; open             ; open   ; 0 in             ; 0 H/in                 ; 0 F/in                 ; short        ; open          ; open            ; open  ; 0 V                 ; -                  ; n/a           ; n/a             ; n/a         ;
; display3[6]       ; 2.5 V        ; 0 in              ; 0 H/in                  ; 0 F/in                  ; short         ; -                   ; open           ; open             ; open   ; 0 in             ; 0 H/in                 ; 0 F/in                 ; short        ; open          ; open            ; open  ; 0 V                 ; -                  ; n/a           ; n/a             ; n/a         ;
; display2[0]       ; 2.5 V        ; 0 in              ; 0 H/in                  ; 0 F/in                  ; short         ; -                   ; open           ; open             ; open   ; 0 in             ; 0 H/in                 ; 0 F/in                 ; short        ; open          ; open            ; open  ; 0 V                 ; -                  ; n/a           ; n/a             ; n/a         ;
; display2[1]       ; 2.5 V        ; 0 in              ; 0 H/in                  ; 0 F/in                  ; short         ; -                   ; open           ; open             ; open   ; 0 in             ; 0 H/in                 ; 0 F/in                 ; short        ; open          ; open            ; open  ; 0 V                 ; -                  ; n/a           ; n/a             ; n/a         ;
; display2[2]       ; 2.5 V        ; 0 in              ; 0 H/in                  ; 0 F/in                  ; short         ; -                   ; open           ; open             ; open   ; 0 in             ; 0 H/in                 ; 0 F/in                 ; short        ; open          ; open            ; open  ; 0 V                 ; -                  ; n/a           ; n/a             ; n/a         ;
; display2[3]       ; 2.5 V        ; 0 in              ; 0 H/in                  ; 0 F/in                  ; short         ; -                   ; open           ; open             ; open   ; 0 in             ; 0 H/in                 ; 0 F/in                 ; short        ; open          ; open            ; open  ; 0 V                 ; -                  ; n/a           ; n/a             ; n/a         ;
; display2[4]       ; 2.5 V        ; 0 in              ; 0 H/in                  ; 0 F/in                  ; short         ; -                   ; open           ; open             ; open   ; 0 in             ; 0 H/in                 ; 0 F/in                 ; short        ; open          ; open            ; open  ; 0 V                 ; -                  ; n/a           ; n/a             ; n/a         ;
; display2[5]       ; 2.5 V        ; 0 in              ; 0 H/in                  ; 0 F/in                  ; short         ; -                   ; open           ; open             ; open   ; 0 in             ; 0 H/in                 ; 0 F/in                 ; short        ; open          ; open            ; open  ; 0 V                 ; -                  ; n/a           ; n/a             ; n/a         ;
; display2[6]       ; 2.5 V        ; 0 in              ; 0 H/in                  ; 0 F/in                  ; short         ; -                   ; open           ; open             ; open   ; 0 in             ; 0 H/in                 ; 0 F/in                 ; short        ; open          ; open            ; open  ; 0 V                 ; -                  ; n/a           ; n/a             ; n/a         ;
; display1[0]       ; 2.5 V        ; 0 in              ; 0 H/in                  ; 0 F/in                  ; short         ; -                   ; open           ; open             ; open   ; 0 in             ; 0 H/in                 ; 0 F/in                 ; short        ; open          ; open            ; open  ; 0 V                 ; -                  ; n/a           ; n/a             ; n/a         ;
; display1[1]       ; 2.5 V        ; 0 in              ; 0 H/in                  ; 0 F/in                  ; short         ; -                   ; open           ; open             ; open   ; 0 in             ; 0 H/in                 ; 0 F/in                 ; short        ; open          ; open            ; open  ; 0 V                 ; -                  ; n/a           ; n/a             ; n/a         ;
; display1[2]       ; 2.5 V        ; 0 in              ; 0 H/in                  ; 0 F/in                  ; short         ; -                   ; open           ; open             ; open   ; 0 in             ; 0 H/in                 ; 0 F/in                 ; short        ; open          ; open            ; open  ; 0 V                 ; -                  ; n/a           ; n/a             ; n/a         ;
; display1[3]       ; 2.5 V        ; 0 in              ; 0 H/in                  ; 0 F/in                  ; short         ; -                   ; open           ; open             ; open   ; 0 in             ; 0 H/in                 ; 0 F/in                 ; short        ; open          ; open            ; open  ; 0 V                 ; -                  ; n/a           ; n/a             ; n/a         ;
; display1[4]       ; 2.5 V        ; 0 in              ; 0 H/in                  ; 0 F/in                  ; short         ; -                   ; open           ; open             ; open   ; 0 in             ; 0 H/in                 ; 0 F/in                 ; short        ; open          ; open            ; open  ; 0 V                 ; -                  ; n/a           ; n/a             ; n/a         ;
; display1[5]       ; 2.5 V        ; 0 in              ; 0 H/in                  ; 0 F/in                  ; short         ; -                   ; open           ; open             ; open   ; 0 in             ; 0 H/in                 ; 0 F/in                 ; short        ; open          ; open            ; open  ; 0 V                 ; -                  ; n/a           ; n/a             ; n/a         ;
; display1[6]       ; 2.5 V        ; 0 in              ; 0 H/in                  ; 0 F/in                  ; short         ; -                   ; open           ; open             ; open   ; 0 in             ; 0 H/in                 ; 0 F/in                 ; short        ; open          ; open            ; open  ; 0 V                 ; -                  ; n/a           ; n/a             ; n/a         ;
; display0[0]       ; 2.5 V        ; 0 in              ; 0 H/in                  ; 0 F/in                  ; short         ; -                   ; open           ; open             ; open   ; 0 in             ; 0 H/in                 ; 0 F/in                 ; short        ; open          ; open            ; open  ; 0 V                 ; -                  ; n/a           ; n/a             ; n/a         ;
; display0[1]       ; 2.5 V        ; 0 in              ; 0 H/in                  ; 0 F/in                  ; short         ; -                   ; open           ; open             ; open   ; 0 in             ; 0 H/in                 ; 0 F/in                 ; short        ; open          ; open            ; open  ; 0 V                 ; -                  ; n/a           ; n/a             ; n/a         ;
; display0[2]       ; 2.5 V        ; 0 in              ; 0 H/in                  ; 0 F/in                  ; short         ; -                   ; open           ; open             ; open   ; 0 in             ; 0 H/in                 ; 0 F/in                 ; short        ; open          ; open            ; open  ; 0 V                 ; -                  ; n/a           ; n/a             ; n/a         ;
; display0[3]       ; 2.5 V        ; 0 in              ; 0 H/in                  ; 0 F/in                  ; short         ; -                   ; open           ; open             ; open   ; 0 in             ; 0 H/in                 ; 0 F/in                 ; short        ; open          ; open            ; open  ; 0 V                 ; -                  ; n/a           ; n/a             ; n/a         ;
; display0[4]       ; 2.5 V        ; 0 in              ; 0 H/in                  ; 0 F/in                  ; short         ; -                   ; open           ; open             ; open   ; 0 in             ; 0 H/in                 ; 0 F/in                 ; short        ; open          ; open            ; open  ; 0 V                 ; -                  ; n/a           ; n/a             ; n/a         ;
; display0[5]       ; 2.5 V        ; 0 in              ; 0 H/in                  ; 0 F/in                  ; short         ; -                   ; open           ; open             ; open   ; 0 in             ; 0 H/in                 ; 0 F/in                 ; short        ; open          ; open            ; open  ; 0 V                 ; -                  ; n/a           ; n/a             ; n/a         ;
; display0[6]       ; 2.5 V        ; 0 in              ; 0 H/in                  ; 0 F/in                  ; short         ; -                   ; open           ; open             ; open   ; 0 in             ; 0 H/in                 ; 0 F/in                 ; short        ; open          ; open            ; open  ; 0 V                 ; -                  ; n/a           ; n/a             ; n/a         ;
; io_stall_flag     ; 2.5 V        ; 0 in              ; 0 H/in                  ; 0 F/in                  ; short         ; -                   ; open           ; open             ; open   ; 0 in             ; 0 H/in                 ; 0 F/in                 ; short        ; open          ; open            ; open  ; 0 V                 ; -                  ; n/a           ; n/a             ; n/a         ;
; ~ALTERA_DCLK~     ; 2.5 V        ; 0 in              ; 0 H/in                  ; 0 F/in                  ; short         ; -                   ; open           ; open             ; open   ; 0 in             ; 0 H/in                 ; 0 F/in                 ; short        ; open          ; open            ; open  ; 0 V                 ; -                  ; n/a           ; n/a             ; n/a         ;
; ~ALTERA_nCEO~     ; 2.5 V        ; 0 in              ; 0 H/in                  ; 0 F/in                  ; short         ; -                   ; open           ; open             ; open   ; 0 in             ; 0 H/in                 ; 0 F/in                 ; short        ; open          ; open            ; open  ; 0 V                 ; -                  ; n/a           ; n/a             ; n/a         ;
+-------------------+--------------+-------------------+-------------------------+-------------------------+---------------+---------------------+----------------+------------------+--------+------------------+------------------------+------------------------+--------------+---------------+-----------------+-------+---------------------+--------------------+---------------+-----------------+-------------+


+----------------------------------------------------------------------------+
; Input Transition Times                                                     ;
+-------------------------+--------------+-----------------+-----------------+
; Pin                     ; I/O Standard ; 10-90 Rise Time ; 90-10 Fall Time ;
+-------------------------+--------------+-----------------+-----------------+
; clock                   ; 2.5 V        ; 2000 ps         ; 2000 ps         ;
; reset_n                 ; 2.5 V        ; 2000 ps         ; 2000 ps         ;
; switches[0]             ; 2.5 V        ; 2000 ps         ; 2000 ps         ;
; switches[1]             ; 2.5 V        ; 2000 ps         ; 2000 ps         ;
; switches[2]             ; 2.5 V        ; 2000 ps         ; 2000 ps         ;
; switches[3]             ; 2.5 V        ; 2000 ps         ; 2000 ps         ;
; switches[4]             ; 2.5 V        ; 2000 ps         ; 2000 ps         ;
; switches[5]             ; 2.5 V        ; 2000 ps         ; 2000 ps         ;
; switches[6]             ; 2.5 V        ; 2000 ps         ; 2000 ps         ;
; switches[7]             ; 2.5 V        ; 2000 ps         ; 2000 ps         ;
; switches[8]             ; 2.5 V        ; 2000 ps         ; 2000 ps         ;
; switches[9]             ; 2.5 V        ; 2000 ps         ; 2000 ps         ;
; switches[10]            ; 2.5 V        ; 2000 ps         ; 2000 ps         ;
; switches[11]            ; 2.5 V        ; 2000 ps         ; 2000 ps         ;
; switches[12]            ; 2.5 V        ; 2000 ps         ; 2000 ps         ;
; switches[13]            ; 2.5 V        ; 2000 ps         ; 2000 ps         ;
; switches[14]            ; 2.5 V        ; 2000 ps         ; 2000 ps         ;
; switches[15]            ; 2.5 V        ; 2000 ps         ; 2000 ps         ;
; botaoEnter_n            ; 2.5 V        ; 2000 ps         ; 2000 ps         ;
; ~ALTERA_ASDO_DATA1~     ; 2.5 V        ; 2000 ps         ; 2000 ps         ;
; ~ALTERA_FLASH_nCE_nCSO~ ; 2.5 V        ; 2000 ps         ; 2000 ps         ;
; ~ALTERA_DATA0~          ; 2.5 V        ; 2000 ps         ; 2000 ps         ;
+-------------------------+--------------+-----------------+-----------------+


+------------------------------------------------------------------------------------------------------------------------------------------------------------------------------------------------------------------------------------------------------------------------------------------------------------------------------------------------------------------------------------------------------------------------------------------------------------------------------------------------------------------------------------------------------------------------------------------------------------------------------------------------------------------------------------------------+
; Signal Integrity Metrics (Slow 1200mv 0c Model)                                                                                                                                                                                                                                                                                                                                                                                                                                                                                                                                                                                                                                                ;
+-------------------+--------------+---------------------+---------------------+------------------------------+------------------------------+---------------------+---------------------+--------------------------------------+--------------------------------------+-----------------------------+-----------------------------+----------------------------+----------------------------+-----------------------------+-----------------------------+--------------------+--------------------+-------------------------------------+-------------------------------------+----------------------------+----------------------------+---------------------------+---------------------------+
; Pin               ; I/O Standard ; Board Delay on Rise ; Board Delay on Fall ; Steady State Voh at FPGA Pin ; Steady State Vol at FPGA Pin ; Voh Max at FPGA Pin ; Vol Min at FPGA Pin ; Ringback Voltage on Rise at FPGA Pin ; Ringback Voltage on Fall at FPGA Pin ; 10-90 Rise Time at FPGA Pin ; 90-10 Fall Time at FPGA Pin ; Monotonic Rise at FPGA Pin ; Monotonic Fall at FPGA Pin ; Steady State Voh at Far-end ; Steady State Vol at Far-end ; Voh Max at Far-end ; Vol Min at Far-end ; Ringback Voltage on Rise at Far-end ; Ringback Voltage on Fall at Far-end ; 10-90 Rise Time at Far-end ; 90-10 Fall Time at Far-end ; Monotonic Rise at Far-end ; Monotonic Fall at Far-end ;
+-------------------+--------------+---------------------+---------------------+------------------------------+------------------------------+---------------------+---------------------+--------------------------------------+--------------------------------------+-----------------------------+-----------------------------+----------------------------+----------------------------+-----------------------------+-----------------------------+--------------------+--------------------+-------------------------------------+-------------------------------------+----------------------------+----------------------------+---------------------------+---------------------------+
; saida_binario[0]  ; 2.5 V        ; 0 s                 ; 0 s                 ; 2.32 V                       ; 4.49e-09 V                   ; 2.38 V              ; -0.00552 V          ; 0.096 V                              ; 0.019 V                              ; 4.18e-10 s                  ; 3.59e-10 s                  ; No                         ; Yes                        ; 2.32 V                      ; 4.49e-09 V                  ; 2.38 V             ; -0.00552 V         ; 0.096 V                             ; 0.019 V                             ; 4.18e-10 s                 ; 3.59e-10 s                 ; No                        ; Yes                       ;
; saida_binario[1]  ; 2.5 V        ; 0 s                 ; 0 s                 ; 2.32 V                       ; 4.49e-09 V                   ; 2.38 V              ; -0.00552 V          ; 0.096 V                              ; 0.019 V                              ; 4.18e-10 s                  ; 3.59e-10 s                  ; No                         ; Yes                        ; 2.32 V                      ; 4.49e-09 V                  ; 2.38 V             ; -0.00552 V         ; 0.096 V                             ; 0.019 V                             ; 4.18e-10 s                 ; 3.59e-10 s                 ; No                        ; Yes                       ;
; saida_binario[2]  ; 2.5 V        ; 0 s                 ; 0 s                 ; 2.32 V                       ; 4.49e-09 V                   ; 2.38 V              ; -0.00552 V          ; 0.096 V                              ; 0.019 V                              ; 4.18e-10 s                  ; 3.59e-10 s                  ; No                         ; Yes                        ; 2.32 V                      ; 4.49e-09 V                  ; 2.38 V             ; -0.00552 V         ; 0.096 V                             ; 0.019 V                             ; 4.18e-10 s                 ; 3.59e-10 s                 ; No                        ; Yes                       ;
; saida_binario[3]  ; 2.5 V        ; 0 s                 ; 0 s                 ; 2.32 V                       ; 4.49e-09 V                   ; 2.38 V              ; -0.00552 V          ; 0.096 V                              ; 0.019 V                              ; 4.18e-10 s                  ; 3.59e-10 s                  ; No                         ; Yes                        ; 2.32 V                      ; 4.49e-09 V                  ; 2.38 V             ; -0.00552 V         ; 0.096 V                             ; 0.019 V                             ; 4.18e-10 s                 ; 3.59e-10 s                 ; No                        ; Yes                       ;
; saida_binario[4]  ; 2.5 V        ; 0 s                 ; 0 s                 ; 2.32 V                       ; 4.49e-09 V                   ; 2.38 V              ; -0.00552 V          ; 0.096 V                              ; 0.019 V                              ; 4.18e-10 s                  ; 3.59e-10 s                  ; No                         ; Yes                        ; 2.32 V                      ; 4.49e-09 V                  ; 2.38 V             ; -0.00552 V         ; 0.096 V                             ; 0.019 V                             ; 4.18e-10 s                 ; 3.59e-10 s                 ; No                        ; Yes                       ;
; saida_binario[5]  ; 2.5 V        ; 0 s                 ; 0 s                 ; 2.32 V                       ; 4.49e-09 V                   ; 2.38 V              ; -0.00552 V          ; 0.096 V                              ; 0.019 V                              ; 4.18e-10 s                  ; 3.59e-10 s                  ; No                         ; Yes                        ; 2.32 V                      ; 4.49e-09 V                  ; 2.38 V             ; -0.00552 V         ; 0.096 V                             ; 0.019 V                             ; 4.18e-10 s                 ; 3.59e-10 s                 ; No                        ; Yes                       ;
; saida_binario[6]  ; 2.5 V        ; 0 s                 ; 0 s                 ; 2.32 V                       ; 4.49e-09 V                   ; 2.38 V              ; -0.00552 V          ; 0.096 V                              ; 0.019 V                              ; 4.18e-10 s                  ; 3.59e-10 s                  ; No                         ; Yes                        ; 2.32 V                      ; 4.49e-09 V                  ; 2.38 V             ; -0.00552 V         ; 0.096 V                             ; 0.019 V                             ; 4.18e-10 s                 ; 3.59e-10 s                 ; No                        ; Yes                       ;
; saida_binario[7]  ; 2.5 V        ; 0 s                 ; 0 s                 ; 2.32 V                       ; 4.49e-09 V                   ; 2.38 V              ; -0.00552 V          ; 0.096 V                              ; 0.019 V                              ; 4.18e-10 s                  ; 3.59e-10 s                  ; No                         ; Yes                        ; 2.32 V                      ; 4.49e-09 V                  ; 2.38 V             ; -0.00552 V         ; 0.096 V                             ; 0.019 V                             ; 4.18e-10 s                 ; 3.59e-10 s                 ; No                        ; Yes                       ;
; saida_binario[8]  ; 2.5 V        ; 0 s                 ; 0 s                 ; 2.32 V                       ; 4.49e-09 V                   ; 2.38 V              ; -0.00552 V          ; 0.096 V                              ; 0.019 V                              ; 4.18e-10 s                  ; 3.59e-10 s                  ; No                         ; Yes                        ; 2.32 V                      ; 4.49e-09 V                  ; 2.38 V             ; -0.00552 V         ; 0.096 V                             ; 0.019 V                             ; 4.18e-10 s                 ; 3.59e-10 s                 ; No                        ; Yes                       ;
; saida_binario[9]  ; 2.5 V        ; 0 s                 ; 0 s                 ; 2.32 V                       ; 4.49e-09 V                   ; 2.33 V              ; -0.00467 V          ; 0.226 V                              ; 0.087 V                              ; 2.91e-09 s                  ; 2.74e-09 s                  ; Yes                        ; Yes                        ; 2.32 V                      ; 4.49e-09 V                  ; 2.33 V             ; -0.00467 V         ; 0.226 V                             ; 0.087 V                             ; 2.91e-09 s                 ; 2.74e-09 s                 ; Yes                       ; Yes                       ;
; saida_binario[10] ; 2.5 V        ; 0 s                 ; 0 s                 ; 2.32 V                       ; 4.49e-09 V                   ; 2.38 V              ; -0.00552 V          ; 0.096 V                              ; 0.019 V                              ; 4.18e-10 s                  ; 3.59e-10 s                  ; No                         ; Yes                        ; 2.32 V                      ; 4.49e-09 V                  ; 2.38 V             ; -0.00552 V         ; 0.096 V                             ; 0.019 V                             ; 4.18e-10 s                 ; 3.59e-10 s                 ; No                        ; Yes                       ;
; saida_binario[11] ; 2.5 V        ; 0 s                 ; 0 s                 ; 2.32 V                       ; 4.49e-09 V                   ; 2.38 V              ; -0.00552 V          ; 0.096 V                              ; 0.019 V                              ; 4.18e-10 s                  ; 3.59e-10 s                  ; No                         ; Yes                        ; 2.32 V                      ; 4.49e-09 V                  ; 2.38 V             ; -0.00552 V         ; 0.096 V                             ; 0.019 V                             ; 4.18e-10 s                 ; 3.59e-10 s                 ; No                        ; Yes                       ;
; saida_binario[12] ; 2.5 V        ; 0 s                 ; 0 s                 ; 2.32 V                       ; 4.49e-09 V                   ; 2.38 V              ; -0.00552 V          ; 0.096 V                              ; 0.019 V                              ; 4.18e-10 s                  ; 3.59e-10 s                  ; No                         ; Yes                        ; 2.32 V                      ; 4.49e-09 V                  ; 2.38 V             ; -0.00552 V         ; 0.096 V                             ; 0.019 V                             ; 4.18e-10 s                 ; 3.59e-10 s                 ; No                        ; Yes                       ;
; saida_binario[13] ; 2.5 V        ; 0 s                 ; 0 s                 ; 2.32 V                       ; 4.49e-09 V                   ; 2.38 V              ; -0.00552 V          ; 0.096 V                              ; 0.019 V                              ; 4.18e-10 s                  ; 3.59e-10 s                  ; No                         ; Yes                        ; 2.32 V                      ; 4.49e-09 V                  ; 2.38 V             ; -0.00552 V         ; 0.096 V                             ; 0.019 V                             ; 4.18e-10 s                 ; 3.59e-10 s                 ; No                        ; Yes                       ;
; saida_binario[14] ; 2.5 V        ; 0 s                 ; 0 s                 ; 2.32 V                       ; 4.49e-09 V                   ; 2.38 V              ; -0.00552 V          ; 0.096 V                              ; 0.019 V                              ; 4.18e-10 s                  ; 3.59e-10 s                  ; No                         ; Yes                        ; 2.32 V                      ; 4.49e-09 V                  ; 2.38 V             ; -0.00552 V         ; 0.096 V                             ; 0.019 V                             ; 4.18e-10 s                 ; 3.59e-10 s                 ; No                        ; Yes                       ;
; saida_binario[15] ; 2.5 V        ; 0 s                 ; 0 s                 ; 2.32 V                       ; 4.49e-09 V                   ; 2.33 V              ; -0.00467 V          ; 0.226 V                              ; 0.087 V                              ; 2.91e-09 s                  ; 2.74e-09 s                  ; Yes                        ; Yes                        ; 2.32 V                      ; 4.49e-09 V                  ; 2.33 V             ; -0.00467 V         ; 0.226 V                             ; 0.087 V                             ; 2.91e-09 s                 ; 2.74e-09 s                 ; Yes                       ; Yes                       ;
; saida_binario[16] ; 2.5 V        ; 0 s                 ; 0 s                 ; 2.32 V                       ; 4.49e-09 V                   ; 2.38 V              ; -0.00552 V          ; 0.096 V                              ; 0.019 V                              ; 4.18e-10 s                  ; 3.59e-10 s                  ; No                         ; Yes                        ; 2.32 V                      ; 4.49e-09 V                  ; 2.38 V             ; -0.00552 V         ; 0.096 V                             ; 0.019 V                             ; 4.18e-10 s                 ; 3.59e-10 s                 ; No                        ; Yes                       ;
; saida_binario[17] ; 2.5 V        ; 0 s                 ; 0 s                 ; 2.32 V                       ; 4.49e-09 V                   ; 2.38 V              ; -0.00552 V          ; 0.096 V                              ; 0.019 V                              ; 4.18e-10 s                  ; 3.59e-10 s                  ; No                         ; Yes                        ; 2.32 V                      ; 4.49e-09 V                  ; 2.38 V             ; -0.00552 V         ; 0.096 V                             ; 0.019 V                             ; 4.18e-10 s                 ; 3.59e-10 s                 ; No                        ; Yes                       ;
; saida_binario[18] ; 2.5 V        ; 0 s                 ; 0 s                 ; 2.32 V                       ; 4.49e-09 V                   ; 2.38 V              ; -0.00552 V          ; 0.096 V                              ; 0.019 V                              ; 4.18e-10 s                  ; 3.59e-10 s                  ; No                         ; Yes                        ; 2.32 V                      ; 4.49e-09 V                  ; 2.38 V             ; -0.00552 V         ; 0.096 V                             ; 0.019 V                             ; 4.18e-10 s                 ; 3.59e-10 s                 ; No                        ; Yes                       ;
; saida_binario[19] ; 2.5 V        ; 0 s                 ; 0 s                 ; 2.32 V                       ; 4.49e-09 V                   ; 2.38 V              ; -0.00552 V          ; 0.096 V                              ; 0.019 V                              ; 4.18e-10 s                  ; 3.59e-10 s                  ; No                         ; Yes                        ; 2.32 V                      ; 4.49e-09 V                  ; 2.38 V             ; -0.00552 V         ; 0.096 V                             ; 0.019 V                             ; 4.18e-10 s                 ; 3.59e-10 s                 ; No                        ; Yes                       ;
; saida_binario[20] ; 2.5 V        ; 0 s                 ; 0 s                 ; 2.32 V                       ; 4.49e-09 V                   ; 2.38 V              ; -0.00552 V          ; 0.096 V                              ; 0.019 V                              ; 4.18e-10 s                  ; 3.59e-10 s                  ; No                         ; Yes                        ; 2.32 V                      ; 4.49e-09 V                  ; 2.38 V             ; -0.00552 V         ; 0.096 V                             ; 0.019 V                             ; 4.18e-10 s                 ; 3.59e-10 s                 ; No                        ; Yes                       ;
; saida_binario[21] ; 2.5 V        ; 0 s                 ; 0 s                 ; 2.32 V                       ; 3.07e-09 V                   ; 2.37 V              ; -0.00994 V          ; 0.186 V                              ; 0.028 V                              ; 4.98e-10 s                  ; 4.96e-10 s                  ; Yes                        ; Yes                        ; 2.32 V                      ; 3.07e-09 V                  ; 2.37 V             ; -0.00994 V         ; 0.186 V                             ; 0.028 V                             ; 4.98e-10 s                 ; 4.96e-10 s                 ; Yes                       ; Yes                       ;
; saida_binario[22] ; 2.5 V        ; 0 s                 ; 0 s                 ; 2.32 V                       ; 4.49e-09 V                   ; 2.38 V              ; -0.00552 V          ; 0.096 V                              ; 0.019 V                              ; 4.18e-10 s                  ; 3.59e-10 s                  ; No                         ; Yes                        ; 2.32 V                      ; 4.49e-09 V                  ; 2.38 V             ; -0.00552 V         ; 0.096 V                             ; 0.019 V                             ; 4.18e-10 s                 ; 3.59e-10 s                 ; No                        ; Yes                       ;
; saida_binario[23] ; 2.5 V        ; 0 s                 ; 0 s                 ; 2.32 V                       ; 3.07e-09 V                   ; 2.37 V              ; -0.00994 V          ; 0.186 V                              ; 0.028 V                              ; 4.98e-10 s                  ; 4.96e-10 s                  ; Yes                        ; Yes                        ; 2.32 V                      ; 3.07e-09 V                  ; 2.37 V             ; -0.00994 V         ; 0.186 V                             ; 0.028 V                             ; 4.98e-10 s                 ; 4.96e-10 s                 ; Yes                       ; Yes                       ;
; saida_binario[24] ; 2.5 V        ; 0 s                 ; 0 s                 ; 2.32 V                       ; 4.49e-09 V                   ; 2.38 V              ; -0.00552 V          ; 0.096 V                              ; 0.019 V                              ; 4.18e-10 s                  ; 3.59e-10 s                  ; No                         ; Yes                        ; 2.32 V                      ; 4.49e-09 V                  ; 2.38 V             ; -0.00552 V         ; 0.096 V                             ; 0.019 V                             ; 4.18e-10 s                 ; 3.59e-10 s                 ; No                        ; Yes                       ;
; saida_binario[25] ; 2.5 V        ; 0 s                 ; 0 s                 ; 2.32 V                       ; 4.49e-09 V                   ; 2.38 V              ; -0.00552 V          ; 0.096 V                              ; 0.019 V                              ; 4.18e-10 s                  ; 3.59e-10 s                  ; No                         ; Yes                        ; 2.32 V                      ; 4.49e-09 V                  ; 2.38 V             ; -0.00552 V         ; 0.096 V                             ; 0.019 V                             ; 4.18e-10 s                 ; 3.59e-10 s                 ; No                        ; Yes                       ;
; saida_binario[26] ; 2.5 V        ; 0 s                 ; 0 s                 ; 2.32 V                       ; 4.49e-09 V                   ; 2.38 V              ; -0.00552 V          ; 0.096 V                              ; 0.019 V                              ; 4.18e-10 s                  ; 3.59e-10 s                  ; No                         ; Yes                        ; 2.32 V                      ; 4.49e-09 V                  ; 2.38 V             ; -0.00552 V         ; 0.096 V                             ; 0.019 V                             ; 4.18e-10 s                 ; 3.59e-10 s                 ; No                        ; Yes                       ;
; saida_binario[27] ; 2.5 V        ; 0 s                 ; 0 s                 ; 2.32 V                       ; 3.07e-09 V                   ; 2.37 V              ; -0.00994 V          ; 0.186 V                              ; 0.028 V                              ; 4.98e-10 s                  ; 4.96e-10 s                  ; Yes                        ; Yes                        ; 2.32 V                      ; 3.07e-09 V                  ; 2.37 V             ; -0.00994 V         ; 0.186 V                             ; 0.028 V                             ; 4.98e-10 s                 ; 4.96e-10 s                 ; Yes                       ; Yes                       ;
; saida_binario[28] ; 2.5 V        ; 0 s                 ; 0 s                 ; 2.32 V                       ; 4.49e-09 V                   ; 2.38 V              ; -0.00552 V          ; 0.096 V                              ; 0.019 V                              ; 4.18e-10 s                  ; 3.59e-10 s                  ; No                         ; Yes                        ; 2.32 V                      ; 4.49e-09 V                  ; 2.38 V             ; -0.00552 V         ; 0.096 V                             ; 0.019 V                             ; 4.18e-10 s                 ; 3.59e-10 s                 ; No                        ; Yes                       ;
; saida_binario[29] ; 2.5 V        ; 0 s                 ; 0 s                 ; 2.32 V                       ; 3.07e-09 V                   ; 2.33 V              ; -0.00496 V          ; 0.223 V                              ; 0.086 V                              ; 2.9e-09 s                   ; 2.73e-09 s                  ; Yes                        ; Yes                        ; 2.32 V                      ; 3.07e-09 V                  ; 2.33 V             ; -0.00496 V         ; 0.223 V                             ; 0.086 V                             ; 2.9e-09 s                  ; 2.73e-09 s                 ; Yes                       ; Yes                       ;
; saida_binario[30] ; 2.5 V        ; 0 s                 ; 0 s                 ; 2.32 V                       ; 3.07e-09 V                   ; 2.37 V              ; -0.00994 V          ; 0.186 V                              ; 0.028 V                              ; 4.98e-10 s                  ; 4.96e-10 s                  ; Yes                        ; Yes                        ; 2.32 V                      ; 3.07e-09 V                  ; 2.37 V             ; -0.00994 V         ; 0.186 V                             ; 0.028 V                             ; 4.98e-10 s                 ; 4.96e-10 s                 ; Yes                       ; Yes                       ;
; saida_binario[31] ; 2.5 V        ; 0 s                 ; 0 s                 ; 2.32 V                       ; 4.49e-09 V                   ; 2.38 V              ; -0.00552 V          ; 0.096 V                              ; 0.019 V                              ; 4.18e-10 s                  ; 3.59e-10 s                  ; No                         ; Yes                        ; 2.32 V                      ; 4.49e-09 V                  ; 2.38 V             ; -0.00552 V         ; 0.096 V                             ; 0.019 V                             ; 4.18e-10 s                 ; 3.59e-10 s                 ; No                        ; Yes                       ;
; led_zero          ; 2.5 V        ; 0 s                 ; 0 s                 ; 2.32 V                       ; 4.49e-09 V                   ; 2.38 V              ; -0.00552 V          ; 0.096 V                              ; 0.019 V                              ; 4.18e-10 s                  ; 3.59e-10 s                  ; No                         ; Yes                        ; 2.32 V                      ; 4.49e-09 V                  ; 2.38 V             ; -0.00552 V         ; 0.096 V                             ; 0.019 V                             ; 4.18e-10 s                 ; 3.59e-10 s                 ; No                        ; Yes                       ;
; led_negativo      ; 2.5 V        ; 0 s                 ; 0 s                 ; 2.32 V                       ; 4.49e-09 V                   ; 2.38 V              ; -0.00552 V          ; 0.096 V                              ; 0.019 V                              ; 4.18e-10 s                  ; 3.59e-10 s                  ; No                         ; Yes                        ; 2.32 V                      ; 4.49e-09 V                  ; 2.38 V             ; -0.00552 V         ; 0.096 V                             ; 0.019 V                             ; 4.18e-10 s                 ; 3.59e-10 s                 ; No                        ; Yes                       ;
; display3[0]       ; 2.5 V        ; 0 s                 ; 0 s                 ; 2.32 V                       ; 3.07e-09 V                   ; 2.37 V              ; -0.00994 V          ; 0.186 V                              ; 0.028 V                              ; 4.98e-10 s                  ; 4.96e-10 s                  ; Yes                        ; Yes                        ; 2.32 V                      ; 3.07e-09 V                  ; 2.37 V             ; -0.00994 V         ; 0.186 V                             ; 0.028 V                             ; 4.98e-10 s                 ; 4.96e-10 s                 ; Yes                       ; Yes                       ;
; display3[1]       ; 2.5 V        ; 0 s                 ; 0 s                 ; 2.32 V                       ; 3.07e-09 V                   ; 2.38 V              ; -0.0144 V           ; 0.227 V                              ; 0.024 V                              ; 3.14e-10 s                  ; 3.39e-10 s                  ; Yes                        ; Yes                        ; 2.32 V                      ; 3.07e-09 V                  ; 2.38 V             ; -0.0144 V          ; 0.227 V                             ; 0.024 V                             ; 3.14e-10 s                 ; 3.39e-10 s                 ; Yes                       ; Yes                       ;
; display3[2]       ; 2.5 V        ; 0 s                 ; 0 s                 ; 2.32 V                       ; 4.49e-09 V                   ; 2.33 V              ; -0.00467 V          ; 0.226 V                              ; 0.087 V                              ; 2.91e-09 s                  ; 2.74e-09 s                  ; Yes                        ; Yes                        ; 2.32 V                      ; 4.49e-09 V                  ; 2.33 V             ; -0.00467 V         ; 0.226 V                             ; 0.087 V                             ; 2.91e-09 s                 ; 2.74e-09 s                 ; Yes                       ; Yes                       ;
; display3[3]       ; 2.5 V        ; 0 s                 ; 0 s                 ; 2.32 V                       ; 4.49e-09 V                   ; 2.38 V              ; -0.00552 V          ; 0.096 V                              ; 0.019 V                              ; 4.18e-10 s                  ; 3.59e-10 s                  ; No                         ; Yes                        ; 2.32 V                      ; 4.49e-09 V                  ; 2.38 V             ; -0.00552 V         ; 0.096 V                             ; 0.019 V                             ; 4.18e-10 s                 ; 3.59e-10 s                 ; No                        ; Yes                       ;
; display3[4]       ; 2.5 V        ; 0 s                 ; 0 s                 ; 2.32 V                       ; 4.49e-09 V                   ; 2.38 V              ; -0.00552 V          ; 0.096 V                              ; 0.019 V                              ; 4.18e-10 s                  ; 3.59e-10 s                  ; No                         ; Yes                        ; 2.32 V                      ; 4.49e-09 V                  ; 2.38 V             ; -0.00552 V         ; 0.096 V                             ; 0.019 V                             ; 4.18e-10 s                 ; 3.59e-10 s                 ; No                        ; Yes                       ;
; display3[5]       ; 2.5 V        ; 0 s                 ; 0 s                 ; 2.32 V                       ; 4.49e-09 V                   ; 2.38 V              ; -0.00552 V          ; 0.096 V                              ; 0.019 V                              ; 4.18e-10 s                  ; 3.59e-10 s                  ; No                         ; Yes                        ; 2.32 V                      ; 4.49e-09 V                  ; 2.38 V             ; -0.00552 V         ; 0.096 V                             ; 0.019 V                             ; 4.18e-10 s                 ; 3.59e-10 s                 ; No                        ; Yes                       ;
; display3[6]       ; 2.5 V        ; 0 s                 ; 0 s                 ; 2.32 V                       ; 4.49e-09 V                   ; 2.38 V              ; -0.00552 V          ; 0.096 V                              ; 0.019 V                              ; 4.18e-10 s                  ; 3.59e-10 s                  ; No                         ; Yes                        ; 2.32 V                      ; 4.49e-09 V                  ; 2.38 V             ; -0.00552 V         ; 0.096 V                             ; 0.019 V                             ; 4.18e-10 s                 ; 3.59e-10 s                 ; No                        ; Yes                       ;
; display2[0]       ; 2.5 V        ; 0 s                 ; 0 s                 ; 2.32 V                       ; 3.07e-09 V                   ; 2.37 V              ; -0.00994 V          ; 0.186 V                              ; 0.028 V                              ; 4.98e-10 s                  ; 4.96e-10 s                  ; Yes                        ; Yes                        ; 2.32 V                      ; 3.07e-09 V                  ; 2.37 V             ; -0.00994 V         ; 0.186 V                             ; 0.028 V                             ; 4.98e-10 s                 ; 4.96e-10 s                 ; Yes                       ; Yes                       ;
; display2[1]       ; 2.5 V        ; 0 s                 ; 0 s                 ; 2.32 V                       ; 3.07e-09 V                   ; 2.37 V              ; -0.00994 V          ; 0.186 V                              ; 0.028 V                              ; 4.98e-10 s                  ; 4.96e-10 s                  ; Yes                        ; Yes                        ; 2.32 V                      ; 3.07e-09 V                  ; 2.37 V             ; -0.00994 V         ; 0.186 V                             ; 0.028 V                             ; 4.98e-10 s                 ; 4.96e-10 s                 ; Yes                       ; Yes                       ;
; display2[2]       ; 2.5 V        ; 0 s                 ; 0 s                 ; 2.32 V                       ; 3.07e-09 V                   ; 2.37 V              ; -0.00994 V          ; 0.186 V                              ; 0.028 V                              ; 4.98e-10 s                  ; 4.96e-10 s                  ; Yes                        ; Yes                        ; 2.32 V                      ; 3.07e-09 V                  ; 2.37 V             ; -0.00994 V         ; 0.186 V                             ; 0.028 V                             ; 4.98e-10 s                 ; 4.96e-10 s                 ; Yes                       ; Yes                       ;
; display2[3]       ; 2.5 V        ; 0 s                 ; 0 s                 ; 2.32 V                       ; 3.07e-09 V                   ; 2.37 V              ; -0.00994 V          ; 0.186 V                              ; 0.028 V                              ; 4.98e-10 s                  ; 4.96e-10 s                  ; Yes                        ; Yes                        ; 2.32 V                      ; 3.07e-09 V                  ; 2.37 V             ; -0.00994 V         ; 0.186 V                             ; 0.028 V                             ; 4.98e-10 s                 ; 4.96e-10 s                 ; Yes                       ; Yes                       ;
; display2[4]       ; 2.5 V        ; 0 s                 ; 0 s                 ; 2.32 V                       ; 3.07e-09 V                   ; 2.37 V              ; -0.00994 V          ; 0.186 V                              ; 0.028 V                              ; 4.98e-10 s                  ; 4.96e-10 s                  ; Yes                        ; Yes                        ; 2.32 V                      ; 3.07e-09 V                  ; 2.37 V             ; -0.00994 V         ; 0.186 V                             ; 0.028 V                             ; 4.98e-10 s                 ; 4.96e-10 s                 ; Yes                       ; Yes                       ;
; display2[5]       ; 2.5 V        ; 0 s                 ; 0 s                 ; 2.32 V                       ; 3.07e-09 V                   ; 2.37 V              ; -0.00994 V          ; 0.186 V                              ; 0.028 V                              ; 4.98e-10 s                  ; 4.96e-10 s                  ; Yes                        ; Yes                        ; 2.32 V                      ; 3.07e-09 V                  ; 2.37 V             ; -0.00994 V         ; 0.186 V                             ; 0.028 V                             ; 4.98e-10 s                 ; 4.96e-10 s                 ; Yes                       ; Yes                       ;
; display2[6]       ; 2.5 V        ; 0 s                 ; 0 s                 ; 2.32 V                       ; 3.07e-09 V                   ; 2.37 V              ; -0.00994 V          ; 0.186 V                              ; 0.028 V                              ; 4.98e-10 s                  ; 4.96e-10 s                  ; Yes                        ; Yes                        ; 2.32 V                      ; 3.07e-09 V                  ; 2.37 V             ; -0.00994 V         ; 0.186 V                             ; 0.028 V                             ; 4.98e-10 s                 ; 4.96e-10 s                 ; Yes                       ; Yes                       ;
; display1[0]       ; 2.5 V        ; 0 s                 ; 0 s                 ; 2.32 V                       ; 3.07e-09 V                   ; 2.38 V              ; -0.0144 V           ; 0.227 V                              ; 0.024 V                              ; 3.14e-10 s                  ; 3.39e-10 s                  ; Yes                        ; Yes                        ; 2.32 V                      ; 3.07e-09 V                  ; 2.38 V             ; -0.0144 V          ; 0.227 V                             ; 0.024 V                             ; 3.14e-10 s                 ; 3.39e-10 s                 ; Yes                       ; Yes                       ;
; display1[1]       ; 2.5 V        ; 0 s                 ; 0 s                 ; 2.32 V                       ; 3.07e-09 V                   ; 2.37 V              ; -0.00994 V          ; 0.186 V                              ; 0.028 V                              ; 4.98e-10 s                  ; 4.96e-10 s                  ; Yes                        ; Yes                        ; 2.32 V                      ; 3.07e-09 V                  ; 2.37 V             ; -0.00994 V         ; 0.186 V                             ; 0.028 V                             ; 4.98e-10 s                 ; 4.96e-10 s                 ; Yes                       ; Yes                       ;
; display1[2]       ; 2.5 V        ; 0 s                 ; 0 s                 ; 2.32 V                       ; 3.07e-09 V                   ; 2.37 V              ; -0.00994 V          ; 0.186 V                              ; 0.028 V                              ; 4.98e-10 s                  ; 4.96e-10 s                  ; Yes                        ; Yes                        ; 2.32 V                      ; 3.07e-09 V                  ; 2.37 V             ; -0.00994 V         ; 0.186 V                             ; 0.028 V                             ; 4.98e-10 s                 ; 4.96e-10 s                 ; Yes                       ; Yes                       ;
; display1[3]       ; 2.5 V        ; 0 s                 ; 0 s                 ; 2.32 V                       ; 3.07e-09 V                   ; 2.37 V              ; -0.00994 V          ; 0.186 V                              ; 0.028 V                              ; 4.98e-10 s                  ; 4.96e-10 s                  ; Yes                        ; Yes                        ; 2.32 V                      ; 3.07e-09 V                  ; 2.37 V             ; -0.00994 V         ; 0.186 V                             ; 0.028 V                             ; 4.98e-10 s                 ; 4.96e-10 s                 ; Yes                       ; Yes                       ;
; display1[4]       ; 2.5 V        ; 0 s                 ; 0 s                 ; 2.32 V                       ; 3.07e-09 V                   ; 2.37 V              ; -0.00994 V          ; 0.186 V                              ; 0.028 V                              ; 4.98e-10 s                  ; 4.96e-10 s                  ; Yes                        ; Yes                        ; 2.32 V                      ; 3.07e-09 V                  ; 2.37 V             ; -0.00994 V         ; 0.186 V                             ; 0.028 V                             ; 4.98e-10 s                 ; 4.96e-10 s                 ; Yes                       ; Yes                       ;
; display1[5]       ; 2.5 V        ; 0 s                 ; 0 s                 ; 2.32 V                       ; 3.07e-09 V                   ; 2.33 V              ; -0.00496 V          ; 0.223 V                              ; 0.086 V                              ; 2.9e-09 s                   ; 2.73e-09 s                  ; Yes                        ; Yes                        ; 2.32 V                      ; 3.07e-09 V                  ; 2.33 V             ; -0.00496 V         ; 0.223 V                             ; 0.086 V                             ; 2.9e-09 s                  ; 2.73e-09 s                 ; Yes                       ; Yes                       ;
; display1[6]       ; 2.5 V        ; 0 s                 ; 0 s                 ; 2.32 V                       ; 3.07e-09 V                   ; 2.33 V              ; -0.00496 V          ; 0.223 V                              ; 0.086 V                              ; 2.9e-09 s                   ; 2.73e-09 s                  ; Yes                        ; Yes                        ; 2.32 V                      ; 3.07e-09 V                  ; 2.33 V             ; -0.00496 V         ; 0.223 V                             ; 0.086 V                             ; 2.9e-09 s                  ; 2.73e-09 s                 ; Yes                       ; Yes                       ;
; display0[0]       ; 2.5 V        ; 0 s                 ; 0 s                 ; 2.32 V                       ; 4.49e-09 V                   ; 2.38 V              ; -0.00552 V          ; 0.096 V                              ; 0.019 V                              ; 4.18e-10 s                  ; 3.59e-10 s                  ; No                         ; Yes                        ; 2.32 V                      ; 4.49e-09 V                  ; 2.38 V             ; -0.00552 V         ; 0.096 V                             ; 0.019 V                             ; 4.18e-10 s                 ; 3.59e-10 s                 ; No                        ; Yes                       ;
; display0[1]       ; 2.5 V        ; 0 s                 ; 0 s                 ; 2.32 V                       ; 4.49e-09 V                   ; 2.33 V              ; -0.00467 V          ; 0.226 V                              ; 0.087 V                              ; 2.91e-09 s                  ; 2.74e-09 s                  ; Yes                        ; Yes                        ; 2.32 V                      ; 4.49e-09 V                  ; 2.33 V             ; -0.00467 V         ; 0.226 V                             ; 0.087 V                             ; 2.91e-09 s                 ; 2.74e-09 s                 ; Yes                       ; Yes                       ;
; display0[2]       ; 2.5 V        ; 0 s                 ; 0 s                 ; 2.32 V                       ; 4.49e-09 V                   ; 2.38 V              ; -0.00552 V          ; 0.096 V                              ; 0.019 V                              ; 4.18e-10 s                  ; 3.59e-10 s                  ; No                         ; Yes                        ; 2.32 V                      ; 4.49e-09 V                  ; 2.38 V             ; -0.00552 V         ; 0.096 V                             ; 0.019 V                             ; 4.18e-10 s                 ; 3.59e-10 s                 ; No                        ; Yes                       ;
; display0[3]       ; 2.5 V        ; 0 s                 ; 0 s                 ; 2.32 V                       ; 3.07e-09 V                   ; 2.38 V              ; -0.0144 V           ; 0.227 V                              ; 0.024 V                              ; 3.14e-10 s                  ; 3.39e-10 s                  ; Yes                        ; Yes                        ; 2.32 V                      ; 3.07e-09 V                  ; 2.38 V             ; -0.0144 V          ; 0.227 V                             ; 0.024 V                             ; 3.14e-10 s                 ; 3.39e-10 s                 ; Yes                       ; Yes                       ;
; display0[4]       ; 2.5 V        ; 0 s                 ; 0 s                 ; 2.32 V                       ; 3.07e-09 V                   ; 2.38 V              ; -0.0144 V           ; 0.227 V                              ; 0.024 V                              ; 3.14e-10 s                  ; 3.39e-10 s                  ; Yes                        ; Yes                        ; 2.32 V                      ; 3.07e-09 V                  ; 2.38 V             ; -0.0144 V          ; 0.227 V                             ; 0.024 V                             ; 3.14e-10 s                 ; 3.39e-10 s                 ; Yes                       ; Yes                       ;
; display0[5]       ; 2.5 V        ; 0 s                 ; 0 s                 ; 2.32 V                       ; 3.07e-09 V                   ; 2.33 V              ; -0.00496 V          ; 0.223 V                              ; 0.086 V                              ; 2.9e-09 s                   ; 2.73e-09 s                  ; Yes                        ; Yes                        ; 2.32 V                      ; 3.07e-09 V                  ; 2.33 V             ; -0.00496 V         ; 0.223 V                             ; 0.086 V                             ; 2.9e-09 s                  ; 2.73e-09 s                 ; Yes                       ; Yes                       ;
; display0[6]       ; 2.5 V        ; 0 s                 ; 0 s                 ; 2.32 V                       ; 3.07e-09 V                   ; 2.38 V              ; -0.0144 V           ; 0.227 V                              ; 0.024 V                              ; 3.14e-10 s                  ; 3.39e-10 s                  ; Yes                        ; Yes                        ; 2.32 V                      ; 3.07e-09 V                  ; 2.38 V             ; -0.0144 V          ; 0.227 V                             ; 0.024 V                             ; 3.14e-10 s                 ; 3.39e-10 s                 ; Yes                       ; Yes                       ;
; io_stall_flag     ; 2.5 V        ; 0 s                 ; 0 s                 ; 2.32 V                       ; 4.49e-09 V                   ; 2.38 V              ; -0.00552 V          ; 0.096 V                              ; 0.019 V                              ; 4.18e-10 s                  ; 3.59e-10 s                  ; No                         ; Yes                        ; 2.32 V                      ; 4.49e-09 V                  ; 2.38 V             ; -0.00552 V         ; 0.096 V                             ; 0.019 V                             ; 4.18e-10 s                 ; 3.59e-10 s                 ; No                        ; Yes                       ;
; ~ALTERA_DCLK~     ; 2.5 V        ; 0 s                 ; 0 s                 ; 2.32 V                       ; 2.67e-09 V                   ; 2.38 V              ; -0.0485 V           ; 0.167 V                              ; 0.096 V                              ; 2.95e-10 s                  ; 2.73e-10 s                  ; Yes                        ; Yes                        ; 2.32 V                      ; 2.67e-09 V                  ; 2.38 V             ; -0.0485 V          ; 0.167 V                             ; 0.096 V                             ; 2.95e-10 s                 ; 2.73e-10 s                 ; Yes                       ; Yes                       ;
; ~ALTERA_nCEO~     ; 2.5 V        ; 0 s                 ; 0 s                 ; 2.32 V                       ; 4.18e-09 V                   ; 2.38 V              ; -0.00483 V          ; 0.152 V                              ; 0.012 V                              ; 4.81e-10 s                  ; 6.29e-10 s                  ; Yes                        ; Yes                        ; 2.32 V                      ; 4.18e-09 V                  ; 2.38 V             ; -0.00483 V         ; 0.152 V                             ; 0.012 V                             ; 4.81e-10 s                 ; 6.29e-10 s                 ; Yes                       ; Yes                       ;
+-------------------+--------------+---------------------+---------------------+------------------------------+------------------------------+---------------------+---------------------+--------------------------------------+--------------------------------------+-----------------------------+-----------------------------+----------------------------+----------------------------+-----------------------------+-----------------------------+--------------------+--------------------+-------------------------------------+-------------------------------------+----------------------------+----------------------------+---------------------------+---------------------------+


+------------------------------------------------------------------------------------------------------------------------------------------------------------------------------------------------------------------------------------------------------------------------------------------------------------------------------------------------------------------------------------------------------------------------------------------------------------------------------------------------------------------------------------------------------------------------------------------------------------------------------------------------------------------------------------------------+
; Signal Integrity Metrics (Slow 1200mv 85c Model)                                                                                                                                                                                                                                                                                                                                                                                                                                                                                                                                                                                                                                               ;
+-------------------+--------------+---------------------+---------------------+------------------------------+------------------------------+---------------------+---------------------+--------------------------------------+--------------------------------------+-----------------------------+-----------------------------+----------------------------+----------------------------+-----------------------------+-----------------------------+--------------------+--------------------+-------------------------------------+-------------------------------------+----------------------------+----------------------------+---------------------------+---------------------------+
; Pin               ; I/O Standard ; Board Delay on Rise ; Board Delay on Fall ; Steady State Voh at FPGA Pin ; Steady State Vol at FPGA Pin ; Voh Max at FPGA Pin ; Vol Min at FPGA Pin ; Ringback Voltage on Rise at FPGA Pin ; Ringback Voltage on Fall at FPGA Pin ; 10-90 Rise Time at FPGA Pin ; 90-10 Fall Time at FPGA Pin ; Monotonic Rise at FPGA Pin ; Monotonic Fall at FPGA Pin ; Steady State Voh at Far-end ; Steady State Vol at Far-end ; Voh Max at Far-end ; Vol Min at Far-end ; Ringback Voltage on Rise at Far-end ; Ringback Voltage on Fall at Far-end ; 10-90 Rise Time at Far-end ; 90-10 Fall Time at Far-end ; Monotonic Rise at Far-end ; Monotonic Fall at Far-end ;
+-------------------+--------------+---------------------+---------------------+------------------------------+------------------------------+---------------------+---------------------+--------------------------------------+--------------------------------------+-----------------------------+-----------------------------+----------------------------+----------------------------+-----------------------------+-----------------------------+--------------------+--------------------+-------------------------------------+-------------------------------------+----------------------------+----------------------------+---------------------------+---------------------------+
; saida_binario[0]  ; 2.5 V        ; 0 s                 ; 0 s                 ; 2.32 V                       ; 6.92e-07 V                   ; 2.35 V              ; -0.00996 V          ; 0.121 V                              ; 0.03 V                               ; 4.64e-10 s                  ; 4.47e-10 s                  ; Yes                        ; Yes                        ; 2.32 V                      ; 6.92e-07 V                  ; 2.35 V             ; -0.00996 V         ; 0.121 V                             ; 0.03 V                              ; 4.64e-10 s                 ; 4.47e-10 s                 ; Yes                       ; Yes                       ;
; saida_binario[1]  ; 2.5 V        ; 0 s                 ; 0 s                 ; 2.32 V                       ; 6.92e-07 V                   ; 2.35 V              ; -0.00996 V          ; 0.121 V                              ; 0.03 V                               ; 4.64e-10 s                  ; 4.47e-10 s                  ; Yes                        ; Yes                        ; 2.32 V                      ; 6.92e-07 V                  ; 2.35 V             ; -0.00996 V         ; 0.121 V                             ; 0.03 V                              ; 4.64e-10 s                 ; 4.47e-10 s                 ; Yes                       ; Yes                       ;
; saida_binario[2]  ; 2.5 V        ; 0 s                 ; 0 s                 ; 2.32 V                       ; 6.92e-07 V                   ; 2.35 V              ; -0.00996 V          ; 0.121 V                              ; 0.03 V                               ; 4.64e-10 s                  ; 4.47e-10 s                  ; Yes                        ; Yes                        ; 2.32 V                      ; 6.92e-07 V                  ; 2.35 V             ; -0.00996 V         ; 0.121 V                             ; 0.03 V                              ; 4.64e-10 s                 ; 4.47e-10 s                 ; Yes                       ; Yes                       ;
; saida_binario[3]  ; 2.5 V        ; 0 s                 ; 0 s                 ; 2.32 V                       ; 6.92e-07 V                   ; 2.35 V              ; -0.00996 V          ; 0.121 V                              ; 0.03 V                               ; 4.64e-10 s                  ; 4.47e-10 s                  ; Yes                        ; Yes                        ; 2.32 V                      ; 6.92e-07 V                  ; 2.35 V             ; -0.00996 V         ; 0.121 V                             ; 0.03 V                              ; 4.64e-10 s                 ; 4.47e-10 s                 ; Yes                       ; Yes                       ;
; saida_binario[4]  ; 2.5 V        ; 0 s                 ; 0 s                 ; 2.32 V                       ; 6.92e-07 V                   ; 2.35 V              ; -0.00996 V          ; 0.121 V                              ; 0.03 V                               ; 4.64e-10 s                  ; 4.47e-10 s                  ; Yes                        ; Yes                        ; 2.32 V                      ; 6.92e-07 V                  ; 2.35 V             ; -0.00996 V         ; 0.121 V                             ; 0.03 V                              ; 4.64e-10 s                 ; 4.47e-10 s                 ; Yes                       ; Yes                       ;
; saida_binario[5]  ; 2.5 V        ; 0 s                 ; 0 s                 ; 2.32 V                       ; 6.92e-07 V                   ; 2.35 V              ; -0.00996 V          ; 0.121 V                              ; 0.03 V                               ; 4.64e-10 s                  ; 4.47e-10 s                  ; Yes                        ; Yes                        ; 2.32 V                      ; 6.92e-07 V                  ; 2.35 V             ; -0.00996 V         ; 0.121 V                             ; 0.03 V                              ; 4.64e-10 s                 ; 4.47e-10 s                 ; Yes                       ; Yes                       ;
; saida_binario[6]  ; 2.5 V        ; 0 s                 ; 0 s                 ; 2.32 V                       ; 6.92e-07 V                   ; 2.35 V              ; -0.00996 V          ; 0.121 V                              ; 0.03 V                               ; 4.64e-10 s                  ; 4.47e-10 s                  ; Yes                        ; Yes                        ; 2.32 V                      ; 6.92e-07 V                  ; 2.35 V             ; -0.00996 V         ; 0.121 V                             ; 0.03 V                              ; 4.64e-10 s                 ; 4.47e-10 s                 ; Yes                       ; Yes                       ;
; saida_binario[7]  ; 2.5 V        ; 0 s                 ; 0 s                 ; 2.32 V                       ; 6.92e-07 V                   ; 2.35 V              ; -0.00996 V          ; 0.121 V                              ; 0.03 V                               ; 4.64e-10 s                  ; 4.47e-10 s                  ; Yes                        ; Yes                        ; 2.32 V                      ; 6.92e-07 V                  ; 2.35 V             ; -0.00996 V         ; 0.121 V                             ; 0.03 V                              ; 4.64e-10 s                 ; 4.47e-10 s                 ; Yes                       ; Yes                       ;
; saida_binario[8]  ; 2.5 V        ; 0 s                 ; 0 s                 ; 2.32 V                       ; 6.92e-07 V                   ; 2.35 V              ; -0.00996 V          ; 0.121 V                              ; 0.03 V                               ; 4.64e-10 s                  ; 4.47e-10 s                  ; Yes                        ; Yes                        ; 2.32 V                      ; 6.92e-07 V                  ; 2.35 V             ; -0.00996 V         ; 0.121 V                             ; 0.03 V                              ; 4.64e-10 s                 ; 4.47e-10 s                 ; Yes                       ; Yes                       ;
; saida_binario[9]  ; 2.5 V        ; 0 s                 ; 0 s                 ; 2.32 V                       ; 6.92e-07 V                   ; 2.33 V              ; -0.00265 V          ; 0.133 V                              ; 0.056 V                              ; 3.55e-09 s                  ; 3.31e-09 s                  ; Yes                        ; Yes                        ; 2.32 V                      ; 6.92e-07 V                  ; 2.33 V             ; -0.00265 V         ; 0.133 V                             ; 0.056 V                             ; 3.55e-09 s                 ; 3.31e-09 s                 ; Yes                       ; Yes                       ;
; saida_binario[10] ; 2.5 V        ; 0 s                 ; 0 s                 ; 2.32 V                       ; 6.92e-07 V                   ; 2.35 V              ; -0.00996 V          ; 0.121 V                              ; 0.03 V                               ; 4.64e-10 s                  ; 4.47e-10 s                  ; Yes                        ; Yes                        ; 2.32 V                      ; 6.92e-07 V                  ; 2.35 V             ; -0.00996 V         ; 0.121 V                             ; 0.03 V                              ; 4.64e-10 s                 ; 4.47e-10 s                 ; Yes                       ; Yes                       ;
; saida_binario[11] ; 2.5 V        ; 0 s                 ; 0 s                 ; 2.32 V                       ; 6.92e-07 V                   ; 2.35 V              ; -0.00996 V          ; 0.121 V                              ; 0.03 V                               ; 4.64e-10 s                  ; 4.47e-10 s                  ; Yes                        ; Yes                        ; 2.32 V                      ; 6.92e-07 V                  ; 2.35 V             ; -0.00996 V         ; 0.121 V                             ; 0.03 V                              ; 4.64e-10 s                 ; 4.47e-10 s                 ; Yes                       ; Yes                       ;
; saida_binario[12] ; 2.5 V        ; 0 s                 ; 0 s                 ; 2.32 V                       ; 6.92e-07 V                   ; 2.35 V              ; -0.00996 V          ; 0.121 V                              ; 0.03 V                               ; 4.64e-10 s                  ; 4.47e-10 s                  ; Yes                        ; Yes                        ; 2.32 V                      ; 6.92e-07 V                  ; 2.35 V             ; -0.00996 V         ; 0.121 V                             ; 0.03 V                              ; 4.64e-10 s                 ; 4.47e-10 s                 ; Yes                       ; Yes                       ;
; saida_binario[13] ; 2.5 V        ; 0 s                 ; 0 s                 ; 2.32 V                       ; 6.92e-07 V                   ; 2.35 V              ; -0.00996 V          ; 0.121 V                              ; 0.03 V                               ; 4.64e-10 s                  ; 4.47e-10 s                  ; Yes                        ; Yes                        ; 2.32 V                      ; 6.92e-07 V                  ; 2.35 V             ; -0.00996 V         ; 0.121 V                             ; 0.03 V                              ; 4.64e-10 s                 ; 4.47e-10 s                 ; Yes                       ; Yes                       ;
; saida_binario[14] ; 2.5 V        ; 0 s                 ; 0 s                 ; 2.32 V                       ; 6.92e-07 V                   ; 2.35 V              ; -0.00996 V          ; 0.121 V                              ; 0.03 V                               ; 4.64e-10 s                  ; 4.47e-10 s                  ; Yes                        ; Yes                        ; 2.32 V                      ; 6.92e-07 V                  ; 2.35 V             ; -0.00996 V         ; 0.121 V                             ; 0.03 V                              ; 4.64e-10 s                 ; 4.47e-10 s                 ; Yes                       ; Yes                       ;
; saida_binario[15] ; 2.5 V        ; 0 s                 ; 0 s                 ; 2.32 V                       ; 6.92e-07 V                   ; 2.33 V              ; -0.00265 V          ; 0.133 V                              ; 0.056 V                              ; 3.55e-09 s                  ; 3.31e-09 s                  ; Yes                        ; Yes                        ; 2.32 V                      ; 6.92e-07 V                  ; 2.33 V             ; -0.00265 V         ; 0.133 V                             ; 0.056 V                             ; 3.55e-09 s                 ; 3.31e-09 s                 ; Yes                       ; Yes                       ;
; saida_binario[16] ; 2.5 V        ; 0 s                 ; 0 s                 ; 2.32 V                       ; 6.92e-07 V                   ; 2.35 V              ; -0.00996 V          ; 0.121 V                              ; 0.03 V                               ; 4.64e-10 s                  ; 4.47e-10 s                  ; Yes                        ; Yes                        ; 2.32 V                      ; 6.92e-07 V                  ; 2.35 V             ; -0.00996 V         ; 0.121 V                             ; 0.03 V                              ; 4.64e-10 s                 ; 4.47e-10 s                 ; Yes                       ; Yes                       ;
; saida_binario[17] ; 2.5 V        ; 0 s                 ; 0 s                 ; 2.32 V                       ; 6.92e-07 V                   ; 2.35 V              ; -0.00996 V          ; 0.121 V                              ; 0.03 V                               ; 4.64e-10 s                  ; 4.47e-10 s                  ; Yes                        ; Yes                        ; 2.32 V                      ; 6.92e-07 V                  ; 2.35 V             ; -0.00996 V         ; 0.121 V                             ; 0.03 V                              ; 4.64e-10 s                 ; 4.47e-10 s                 ; Yes                       ; Yes                       ;
; saida_binario[18] ; 2.5 V        ; 0 s                 ; 0 s                 ; 2.32 V                       ; 6.92e-07 V                   ; 2.35 V              ; -0.00996 V          ; 0.121 V                              ; 0.03 V                               ; 4.64e-10 s                  ; 4.47e-10 s                  ; Yes                        ; Yes                        ; 2.32 V                      ; 6.92e-07 V                  ; 2.35 V             ; -0.00996 V         ; 0.121 V                             ; 0.03 V                              ; 4.64e-10 s                 ; 4.47e-10 s                 ; Yes                       ; Yes                       ;
; saida_binario[19] ; 2.5 V        ; 0 s                 ; 0 s                 ; 2.32 V                       ; 6.92e-07 V                   ; 2.35 V              ; -0.00996 V          ; 0.121 V                              ; 0.03 V                               ; 4.64e-10 s                  ; 4.47e-10 s                  ; Yes                        ; Yes                        ; 2.32 V                      ; 6.92e-07 V                  ; 2.35 V             ; -0.00996 V         ; 0.121 V                             ; 0.03 V                              ; 4.64e-10 s                 ; 4.47e-10 s                 ; Yes                       ; Yes                       ;
; saida_binario[20] ; 2.5 V        ; 0 s                 ; 0 s                 ; 2.32 V                       ; 6.92e-07 V                   ; 2.35 V              ; -0.00996 V          ; 0.121 V                              ; 0.03 V                               ; 4.64e-10 s                  ; 4.47e-10 s                  ; Yes                        ; Yes                        ; 2.32 V                      ; 6.92e-07 V                  ; 2.35 V             ; -0.00996 V         ; 0.121 V                             ; 0.03 V                              ; 4.64e-10 s                 ; 4.47e-10 s                 ; Yes                       ; Yes                       ;
; saida_binario[21] ; 2.5 V        ; 0 s                 ; 0 s                 ; 2.32 V                       ; 4.67e-07 V                   ; 2.35 V              ; -0.00942 V          ; 0.116 V                              ; 0.033 V                              ; 6.66e-10 s                  ; 6.27e-10 s                  ; Yes                        ; Yes                        ; 2.32 V                      ; 4.67e-07 V                  ; 2.35 V             ; -0.00942 V         ; 0.116 V                             ; 0.033 V                             ; 6.66e-10 s                 ; 6.27e-10 s                 ; Yes                       ; Yes                       ;
; saida_binario[22] ; 2.5 V        ; 0 s                 ; 0 s                 ; 2.32 V                       ; 6.92e-07 V                   ; 2.35 V              ; -0.00996 V          ; 0.121 V                              ; 0.03 V                               ; 4.64e-10 s                  ; 4.47e-10 s                  ; Yes                        ; Yes                        ; 2.32 V                      ; 6.92e-07 V                  ; 2.35 V             ; -0.00996 V         ; 0.121 V                             ; 0.03 V                              ; 4.64e-10 s                 ; 4.47e-10 s                 ; Yes                       ; Yes                       ;
; saida_binario[23] ; 2.5 V        ; 0 s                 ; 0 s                 ; 2.32 V                       ; 4.67e-07 V                   ; 2.35 V              ; -0.00942 V          ; 0.116 V                              ; 0.033 V                              ; 6.66e-10 s                  ; 6.27e-10 s                  ; Yes                        ; Yes                        ; 2.32 V                      ; 4.67e-07 V                  ; 2.35 V             ; -0.00942 V         ; 0.116 V                             ; 0.033 V                             ; 6.66e-10 s                 ; 6.27e-10 s                 ; Yes                       ; Yes                       ;
; saida_binario[24] ; 2.5 V        ; 0 s                 ; 0 s                 ; 2.32 V                       ; 6.92e-07 V                   ; 2.35 V              ; -0.00996 V          ; 0.121 V                              ; 0.03 V                               ; 4.64e-10 s                  ; 4.47e-10 s                  ; Yes                        ; Yes                        ; 2.32 V                      ; 6.92e-07 V                  ; 2.35 V             ; -0.00996 V         ; 0.121 V                             ; 0.03 V                              ; 4.64e-10 s                 ; 4.47e-10 s                 ; Yes                       ; Yes                       ;
; saida_binario[25] ; 2.5 V        ; 0 s                 ; 0 s                 ; 2.32 V                       ; 6.92e-07 V                   ; 2.35 V              ; -0.00996 V          ; 0.121 V                              ; 0.03 V                               ; 4.64e-10 s                  ; 4.47e-10 s                  ; Yes                        ; Yes                        ; 2.32 V                      ; 6.92e-07 V                  ; 2.35 V             ; -0.00996 V         ; 0.121 V                             ; 0.03 V                              ; 4.64e-10 s                 ; 4.47e-10 s                 ; Yes                       ; Yes                       ;
; saida_binario[26] ; 2.5 V        ; 0 s                 ; 0 s                 ; 2.32 V                       ; 6.92e-07 V                   ; 2.35 V              ; -0.00996 V          ; 0.121 V                              ; 0.03 V                               ; 4.64e-10 s                  ; 4.47e-10 s                  ; Yes                        ; Yes                        ; 2.32 V                      ; 6.92e-07 V                  ; 2.35 V             ; -0.00996 V         ; 0.121 V                             ; 0.03 V                              ; 4.64e-10 s                 ; 4.47e-10 s                 ; Yes                       ; Yes                       ;
; saida_binario[27] ; 2.5 V        ; 0 s                 ; 0 s                 ; 2.32 V                       ; 4.67e-07 V                   ; 2.35 V              ; -0.00942 V          ; 0.116 V                              ; 0.033 V                              ; 6.66e-10 s                  ; 6.27e-10 s                  ; Yes                        ; Yes                        ; 2.32 V                      ; 4.67e-07 V                  ; 2.35 V             ; -0.00942 V         ; 0.116 V                             ; 0.033 V                             ; 6.66e-10 s                 ; 6.27e-10 s                 ; Yes                       ; Yes                       ;
; saida_binario[28] ; 2.5 V        ; 0 s                 ; 0 s                 ; 2.32 V                       ; 6.92e-07 V                   ; 2.35 V              ; -0.00996 V          ; 0.121 V                              ; 0.03 V                               ; 4.64e-10 s                  ; 4.47e-10 s                  ; Yes                        ; Yes                        ; 2.32 V                      ; 6.92e-07 V                  ; 2.35 V             ; -0.00996 V         ; 0.121 V                             ; 0.03 V                              ; 4.64e-10 s                 ; 4.47e-10 s                 ; Yes                       ; Yes                       ;
; saida_binario[29] ; 2.5 V        ; 0 s                 ; 0 s                 ; 2.32 V                       ; 4.67e-07 V                   ; 2.33 V              ; -0.00269 V          ; 0.13 V                               ; 0.055 V                              ; 3.54e-09 s                  ; 3.29e-09 s                  ; Yes                        ; Yes                        ; 2.32 V                      ; 4.67e-07 V                  ; 2.33 V             ; -0.00269 V         ; 0.13 V                              ; 0.055 V                             ; 3.54e-09 s                 ; 3.29e-09 s                 ; Yes                       ; Yes                       ;
; saida_binario[30] ; 2.5 V        ; 0 s                 ; 0 s                 ; 2.32 V                       ; 4.67e-07 V                   ; 2.35 V              ; -0.00942 V          ; 0.116 V                              ; 0.033 V                              ; 6.66e-10 s                  ; 6.27e-10 s                  ; Yes                        ; Yes                        ; 2.32 V                      ; 4.67e-07 V                  ; 2.35 V             ; -0.00942 V         ; 0.116 V                             ; 0.033 V                             ; 6.66e-10 s                 ; 6.27e-10 s                 ; Yes                       ; Yes                       ;
; saida_binario[31] ; 2.5 V        ; 0 s                 ; 0 s                 ; 2.32 V                       ; 6.92e-07 V                   ; 2.35 V              ; -0.00996 V          ; 0.121 V                              ; 0.03 V                               ; 4.64e-10 s                  ; 4.47e-10 s                  ; Yes                        ; Yes                        ; 2.32 V                      ; 6.92e-07 V                  ; 2.35 V             ; -0.00996 V         ; 0.121 V                             ; 0.03 V                              ; 4.64e-10 s                 ; 4.47e-10 s                 ; Yes                       ; Yes                       ;
; led_zero          ; 2.5 V        ; 0 s                 ; 0 s                 ; 2.32 V                       ; 6.92e-07 V                   ; 2.35 V              ; -0.00996 V          ; 0.121 V                              ; 0.03 V                               ; 4.64e-10 s                  ; 4.47e-10 s                  ; Yes                        ; Yes                        ; 2.32 V                      ; 6.92e-07 V                  ; 2.35 V             ; -0.00996 V         ; 0.121 V                             ; 0.03 V                              ; 4.64e-10 s                 ; 4.47e-10 s                 ; Yes                       ; Yes                       ;
; led_negativo      ; 2.5 V        ; 0 s                 ; 0 s                 ; 2.32 V                       ; 6.92e-07 V                   ; 2.35 V              ; -0.00996 V          ; 0.121 V                              ; 0.03 V                               ; 4.64e-10 s                  ; 4.47e-10 s                  ; Yes                        ; Yes                        ; 2.32 V                      ; 6.92e-07 V                  ; 2.35 V             ; -0.00996 V         ; 0.121 V                             ; 0.03 V                              ; 4.64e-10 s                 ; 4.47e-10 s                 ; Yes                       ; Yes                       ;
; display3[0]       ; 2.5 V        ; 0 s                 ; 0 s                 ; 2.32 V                       ; 4.67e-07 V                   ; 2.35 V              ; -0.00942 V          ; 0.116 V                              ; 0.033 V                              ; 6.66e-10 s                  ; 6.27e-10 s                  ; Yes                        ; Yes                        ; 2.32 V                      ; 4.67e-07 V                  ; 2.35 V             ; -0.00942 V         ; 0.116 V                             ; 0.033 V                             ; 6.66e-10 s                 ; 6.27e-10 s                 ; Yes                       ; Yes                       ;
; display3[1]       ; 2.5 V        ; 0 s                 ; 0 s                 ; 2.32 V                       ; 4.67e-07 V                   ; 2.36 V              ; -0.00552 V          ; 0.11 V                               ; 0.007 V                              ; 4.54e-10 s                  ; 4.35e-10 s                  ; Yes                        ; Yes                        ; 2.32 V                      ; 4.67e-07 V                  ; 2.36 V             ; -0.00552 V         ; 0.11 V                              ; 0.007 V                             ; 4.54e-10 s                 ; 4.35e-10 s                 ; Yes                       ; Yes                       ;
; display3[2]       ; 2.5 V        ; 0 s                 ; 0 s                 ; 2.32 V                       ; 6.92e-07 V                   ; 2.33 V              ; -0.00265 V          ; 0.133 V                              ; 0.056 V                              ; 3.55e-09 s                  ; 3.31e-09 s                  ; Yes                        ; Yes                        ; 2.32 V                      ; 6.92e-07 V                  ; 2.33 V             ; -0.00265 V         ; 0.133 V                             ; 0.056 V                             ; 3.55e-09 s                 ; 3.31e-09 s                 ; Yes                       ; Yes                       ;
; display3[3]       ; 2.5 V        ; 0 s                 ; 0 s                 ; 2.32 V                       ; 6.92e-07 V                   ; 2.35 V              ; -0.00996 V          ; 0.121 V                              ; 0.03 V                               ; 4.64e-10 s                  ; 4.47e-10 s                  ; Yes                        ; Yes                        ; 2.32 V                      ; 6.92e-07 V                  ; 2.35 V             ; -0.00996 V         ; 0.121 V                             ; 0.03 V                              ; 4.64e-10 s                 ; 4.47e-10 s                 ; Yes                       ; Yes                       ;
; display3[4]       ; 2.5 V        ; 0 s                 ; 0 s                 ; 2.32 V                       ; 6.92e-07 V                   ; 2.35 V              ; -0.00996 V          ; 0.121 V                              ; 0.03 V                               ; 4.64e-10 s                  ; 4.47e-10 s                  ; Yes                        ; Yes                        ; 2.32 V                      ; 6.92e-07 V                  ; 2.35 V             ; -0.00996 V         ; 0.121 V                             ; 0.03 V                              ; 4.64e-10 s                 ; 4.47e-10 s                 ; Yes                       ; Yes                       ;
; display3[5]       ; 2.5 V        ; 0 s                 ; 0 s                 ; 2.32 V                       ; 6.92e-07 V                   ; 2.35 V              ; -0.00996 V          ; 0.121 V                              ; 0.03 V                               ; 4.64e-10 s                  ; 4.47e-10 s                  ; Yes                        ; Yes                        ; 2.32 V                      ; 6.92e-07 V                  ; 2.35 V             ; -0.00996 V         ; 0.121 V                             ; 0.03 V                              ; 4.64e-10 s                 ; 4.47e-10 s                 ; Yes                       ; Yes                       ;
; display3[6]       ; 2.5 V        ; 0 s                 ; 0 s                 ; 2.32 V                       ; 6.92e-07 V                   ; 2.35 V              ; -0.00996 V          ; 0.121 V                              ; 0.03 V                               ; 4.64e-10 s                  ; 4.47e-10 s                  ; Yes                        ; Yes                        ; 2.32 V                      ; 6.92e-07 V                  ; 2.35 V             ; -0.00996 V         ; 0.121 V                             ; 0.03 V                              ; 4.64e-10 s                 ; 4.47e-10 s                 ; Yes                       ; Yes                       ;
; display2[0]       ; 2.5 V        ; 0 s                 ; 0 s                 ; 2.32 V                       ; 4.67e-07 V                   ; 2.35 V              ; -0.00942 V          ; 0.116 V                              ; 0.033 V                              ; 6.66e-10 s                  ; 6.27e-10 s                  ; Yes                        ; Yes                        ; 2.32 V                      ; 4.67e-07 V                  ; 2.35 V             ; -0.00942 V         ; 0.116 V                             ; 0.033 V                             ; 6.66e-10 s                 ; 6.27e-10 s                 ; Yes                       ; Yes                       ;
; display2[1]       ; 2.5 V        ; 0 s                 ; 0 s                 ; 2.32 V                       ; 4.67e-07 V                   ; 2.35 V              ; -0.00942 V          ; 0.116 V                              ; 0.033 V                              ; 6.66e-10 s                  ; 6.27e-10 s                  ; Yes                        ; Yes                        ; 2.32 V                      ; 4.67e-07 V                  ; 2.35 V             ; -0.00942 V         ; 0.116 V                             ; 0.033 V                             ; 6.66e-10 s                 ; 6.27e-10 s                 ; Yes                       ; Yes                       ;
; display2[2]       ; 2.5 V        ; 0 s                 ; 0 s                 ; 2.32 V                       ; 4.67e-07 V                   ; 2.35 V              ; -0.00942 V          ; 0.116 V                              ; 0.033 V                              ; 6.66e-10 s                  ; 6.27e-10 s                  ; Yes                        ; Yes                        ; 2.32 V                      ; 4.67e-07 V                  ; 2.35 V             ; -0.00942 V         ; 0.116 V                             ; 0.033 V                             ; 6.66e-10 s                 ; 6.27e-10 s                 ; Yes                       ; Yes                       ;
; display2[3]       ; 2.5 V        ; 0 s                 ; 0 s                 ; 2.32 V                       ; 4.67e-07 V                   ; 2.35 V              ; -0.00942 V          ; 0.116 V                              ; 0.033 V                              ; 6.66e-10 s                  ; 6.27e-10 s                  ; Yes                        ; Yes                        ; 2.32 V                      ; 4.67e-07 V                  ; 2.35 V             ; -0.00942 V         ; 0.116 V                             ; 0.033 V                             ; 6.66e-10 s                 ; 6.27e-10 s                 ; Yes                       ; Yes                       ;
; display2[4]       ; 2.5 V        ; 0 s                 ; 0 s                 ; 2.32 V                       ; 4.67e-07 V                   ; 2.35 V              ; -0.00942 V          ; 0.116 V                              ; 0.033 V                              ; 6.66e-10 s                  ; 6.27e-10 s                  ; Yes                        ; Yes                        ; 2.32 V                      ; 4.67e-07 V                  ; 2.35 V             ; -0.00942 V         ; 0.116 V                             ; 0.033 V                             ; 6.66e-10 s                 ; 6.27e-10 s                 ; Yes                       ; Yes                       ;
; display2[5]       ; 2.5 V        ; 0 s                 ; 0 s                 ; 2.32 V                       ; 4.67e-07 V                   ; 2.35 V              ; -0.00942 V          ; 0.116 V                              ; 0.033 V                              ; 6.66e-10 s                  ; 6.27e-10 s                  ; Yes                        ; Yes                        ; 2.32 V                      ; 4.67e-07 V                  ; 2.35 V             ; -0.00942 V         ; 0.116 V                             ; 0.033 V                             ; 6.66e-10 s                 ; 6.27e-10 s                 ; Yes                       ; Yes                       ;
; display2[6]       ; 2.5 V        ; 0 s                 ; 0 s                 ; 2.32 V                       ; 4.67e-07 V                   ; 2.35 V              ; -0.00942 V          ; 0.116 V                              ; 0.033 V                              ; 6.66e-10 s                  ; 6.27e-10 s                  ; Yes                        ; Yes                        ; 2.32 V                      ; 4.67e-07 V                  ; 2.35 V             ; -0.00942 V         ; 0.116 V                             ; 0.033 V                             ; 6.66e-10 s                 ; 6.27e-10 s                 ; Yes                       ; Yes                       ;
; display1[0]       ; 2.5 V        ; 0 s                 ; 0 s                 ; 2.32 V                       ; 4.67e-07 V                   ; 2.36 V              ; -0.00552 V          ; 0.11 V                               ; 0.007 V                              ; 4.54e-10 s                  ; 4.35e-10 s                  ; Yes                        ; Yes                        ; 2.32 V                      ; 4.67e-07 V                  ; 2.36 V             ; -0.00552 V         ; 0.11 V                              ; 0.007 V                             ; 4.54e-10 s                 ; 4.35e-10 s                 ; Yes                       ; Yes                       ;
; display1[1]       ; 2.5 V        ; 0 s                 ; 0 s                 ; 2.32 V                       ; 4.67e-07 V                   ; 2.35 V              ; -0.00942 V          ; 0.116 V                              ; 0.033 V                              ; 6.66e-10 s                  ; 6.27e-10 s                  ; Yes                        ; Yes                        ; 2.32 V                      ; 4.67e-07 V                  ; 2.35 V             ; -0.00942 V         ; 0.116 V                             ; 0.033 V                             ; 6.66e-10 s                 ; 6.27e-10 s                 ; Yes                       ; Yes                       ;
; display1[2]       ; 2.5 V        ; 0 s                 ; 0 s                 ; 2.32 V                       ; 4.67e-07 V                   ; 2.35 V              ; -0.00942 V          ; 0.116 V                              ; 0.033 V                              ; 6.66e-10 s                  ; 6.27e-10 s                  ; Yes                        ; Yes                        ; 2.32 V                      ; 4.67e-07 V                  ; 2.35 V             ; -0.00942 V         ; 0.116 V                             ; 0.033 V                             ; 6.66e-10 s                 ; 6.27e-10 s                 ; Yes                       ; Yes                       ;
; display1[3]       ; 2.5 V        ; 0 s                 ; 0 s                 ; 2.32 V                       ; 4.67e-07 V                   ; 2.35 V              ; -0.00942 V          ; 0.116 V                              ; 0.033 V                              ; 6.66e-10 s                  ; 6.27e-10 s                  ; Yes                        ; Yes                        ; 2.32 V                      ; 4.67e-07 V                  ; 2.35 V             ; -0.00942 V         ; 0.116 V                             ; 0.033 V                             ; 6.66e-10 s                 ; 6.27e-10 s                 ; Yes                       ; Yes                       ;
; display1[4]       ; 2.5 V        ; 0 s                 ; 0 s                 ; 2.32 V                       ; 4.67e-07 V                   ; 2.35 V              ; -0.00942 V          ; 0.116 V                              ; 0.033 V                              ; 6.66e-10 s                  ; 6.27e-10 s                  ; Yes                        ; Yes                        ; 2.32 V                      ; 4.67e-07 V                  ; 2.35 V             ; -0.00942 V         ; 0.116 V                             ; 0.033 V                             ; 6.66e-10 s                 ; 6.27e-10 s                 ; Yes                       ; Yes                       ;
; display1[5]       ; 2.5 V        ; 0 s                 ; 0 s                 ; 2.32 V                       ; 4.67e-07 V                   ; 2.33 V              ; -0.00269 V          ; 0.13 V                               ; 0.055 V                              ; 3.54e-09 s                  ; 3.29e-09 s                  ; Yes                        ; Yes                        ; 2.32 V                      ; 4.67e-07 V                  ; 2.33 V             ; -0.00269 V         ; 0.13 V                              ; 0.055 V                             ; 3.54e-09 s                 ; 3.29e-09 s                 ; Yes                       ; Yes                       ;
; display1[6]       ; 2.5 V        ; 0 s                 ; 0 s                 ; 2.32 V                       ; 4.67e-07 V                   ; 2.33 V              ; -0.00269 V          ; 0.13 V                               ; 0.055 V                              ; 3.54e-09 s                  ; 3.29e-09 s                  ; Yes                        ; Yes                        ; 2.32 V                      ; 4.67e-07 V                  ; 2.33 V             ; -0.00269 V         ; 0.13 V                              ; 0.055 V                             ; 3.54e-09 s                 ; 3.29e-09 s                 ; Yes                       ; Yes                       ;
; display0[0]       ; 2.5 V        ; 0 s                 ; 0 s                 ; 2.32 V                       ; 6.92e-07 V                   ; 2.35 V              ; -0.00996 V          ; 0.121 V                              ; 0.03 V                               ; 4.64e-10 s                  ; 4.47e-10 s                  ; Yes                        ; Yes                        ; 2.32 V                      ; 6.92e-07 V                  ; 2.35 V             ; -0.00996 V         ; 0.121 V                             ; 0.03 V                              ; 4.64e-10 s                 ; 4.47e-10 s                 ; Yes                       ; Yes                       ;
; display0[1]       ; 2.5 V        ; 0 s                 ; 0 s                 ; 2.32 V                       ; 6.92e-07 V                   ; 2.33 V              ; -0.00265 V          ; 0.133 V                              ; 0.056 V                              ; 3.55e-09 s                  ; 3.31e-09 s                  ; Yes                        ; Yes                        ; 2.32 V                      ; 6.92e-07 V                  ; 2.33 V             ; -0.00265 V         ; 0.133 V                             ; 0.056 V                             ; 3.55e-09 s                 ; 3.31e-09 s                 ; Yes                       ; Yes                       ;
; display0[2]       ; 2.5 V        ; 0 s                 ; 0 s                 ; 2.32 V                       ; 6.92e-07 V                   ; 2.35 V              ; -0.00996 V          ; 0.121 V                              ; 0.03 V                               ; 4.64e-10 s                  ; 4.47e-10 s                  ; Yes                        ; Yes                        ; 2.32 V                      ; 6.92e-07 V                  ; 2.35 V             ; -0.00996 V         ; 0.121 V                             ; 0.03 V                              ; 4.64e-10 s                 ; 4.47e-10 s                 ; Yes                       ; Yes                       ;
; display0[3]       ; 2.5 V        ; 0 s                 ; 0 s                 ; 2.32 V                       ; 4.67e-07 V                   ; 2.36 V              ; -0.00552 V          ; 0.11 V                               ; 0.007 V                              ; 4.54e-10 s                  ; 4.35e-10 s                  ; Yes                        ; Yes                        ; 2.32 V                      ; 4.67e-07 V                  ; 2.36 V             ; -0.00552 V         ; 0.11 V                              ; 0.007 V                             ; 4.54e-10 s                 ; 4.35e-10 s                 ; Yes                       ; Yes                       ;
; display0[4]       ; 2.5 V        ; 0 s                 ; 0 s                 ; 2.32 V                       ; 4.67e-07 V                   ; 2.36 V              ; -0.00552 V          ; 0.11 V                               ; 0.007 V                              ; 4.54e-10 s                  ; 4.35e-10 s                  ; Yes                        ; Yes                        ; 2.32 V                      ; 4.67e-07 V                  ; 2.36 V             ; -0.00552 V         ; 0.11 V                              ; 0.007 V                             ; 4.54e-10 s                 ; 4.35e-10 s                 ; Yes                       ; Yes                       ;
; display0[5]       ; 2.5 V        ; 0 s                 ; 0 s                 ; 2.32 V                       ; 4.67e-07 V                   ; 2.33 V              ; -0.00269 V          ; 0.13 V                               ; 0.055 V                              ; 3.54e-09 s                  ; 3.29e-09 s                  ; Yes                        ; Yes                        ; 2.32 V                      ; 4.67e-07 V                  ; 2.33 V             ; -0.00269 V         ; 0.13 V                              ; 0.055 V                             ; 3.54e-09 s                 ; 3.29e-09 s                 ; Yes                       ; Yes                       ;
; display0[6]       ; 2.5 V        ; 0 s                 ; 0 s                 ; 2.32 V                       ; 4.67e-07 V                   ; 2.36 V              ; -0.00552 V          ; 0.11 V                               ; 0.007 V                              ; 4.54e-10 s                  ; 4.35e-10 s                  ; Yes                        ; Yes                        ; 2.32 V                      ; 4.67e-07 V                  ; 2.36 V             ; -0.00552 V         ; 0.11 V                              ; 0.007 V                             ; 4.54e-10 s                 ; 4.35e-10 s                 ; Yes                       ; Yes                       ;
; io_stall_flag     ; 2.5 V        ; 0 s                 ; 0 s                 ; 2.32 V                       ; 6.92e-07 V                   ; 2.35 V              ; -0.00996 V          ; 0.121 V                              ; 0.03 V                               ; 4.64e-10 s                  ; 4.47e-10 s                  ; Yes                        ; Yes                        ; 2.32 V                      ; 6.92e-07 V                  ; 2.35 V             ; -0.00996 V         ; 0.121 V                             ; 0.03 V                              ; 4.64e-10 s                 ; 4.47e-10 s                 ; Yes                       ; Yes                       ;
; ~ALTERA_DCLK~     ; 2.5 V        ; 0 s                 ; 0 s                 ; 2.32 V                       ; 3.75e-07 V                   ; 2.35 V              ; -0.0109 V           ; 0.084 V                              ; 0.027 V                              ; 4.31e-10 s                  ; 3.61e-10 s                  ; Yes                        ; Yes                        ; 2.32 V                      ; 3.75e-07 V                  ; 2.35 V             ; -0.0109 V          ; 0.084 V                             ; 0.027 V                             ; 4.31e-10 s                 ; 3.61e-10 s                 ; Yes                       ; Yes                       ;
; ~ALTERA_nCEO~     ; 2.5 V        ; 0 s                 ; 0 s                 ; 2.32 V                       ; 6.15e-07 V                   ; 2.35 V              ; -0.00712 V          ; 0.093 V                              ; 0.02 V                               ; 6.21e-10 s                  ; 7.9e-10 s                   ; Yes                        ; Yes                        ; 2.32 V                      ; 6.15e-07 V                  ; 2.35 V             ; -0.00712 V         ; 0.093 V                             ; 0.02 V                              ; 6.21e-10 s                 ; 7.9e-10 s                  ; Yes                       ; Yes                       ;
+-------------------+--------------+---------------------+---------------------+------------------------------+------------------------------+---------------------+---------------------+--------------------------------------+--------------------------------------+-----------------------------+-----------------------------+----------------------------+----------------------------+-----------------------------+-----------------------------+--------------------+--------------------+-------------------------------------+-------------------------------------+----------------------------+----------------------------+---------------------------+---------------------------+


+------------------------------------------------------------------------------------------------------------------------------------------------------------------------------------------------------------------------------------------------------------------------------------------------------------------------------------------------------------------------------------------------------------------------------------------------------------------------------------------------------------------------------------------------------------------------------------------------------------------------------------------------------------------------------------------------+
; Signal Integrity Metrics (Fast 1200mv 0c Model)                                                                                                                                                                                                                                                                                                                                                                                                                                                                                                                                                                                                                                                ;
+-------------------+--------------+---------------------+---------------------+------------------------------+------------------------------+---------------------+---------------------+--------------------------------------+--------------------------------------+-----------------------------+-----------------------------+----------------------------+----------------------------+-----------------------------+-----------------------------+--------------------+--------------------+-------------------------------------+-------------------------------------+----------------------------+----------------------------+---------------------------+---------------------------+
; Pin               ; I/O Standard ; Board Delay on Rise ; Board Delay on Fall ; Steady State Voh at FPGA Pin ; Steady State Vol at FPGA Pin ; Voh Max at FPGA Pin ; Vol Min at FPGA Pin ; Ringback Voltage on Rise at FPGA Pin ; Ringback Voltage on Fall at FPGA Pin ; 10-90 Rise Time at FPGA Pin ; 90-10 Fall Time at FPGA Pin ; Monotonic Rise at FPGA Pin ; Monotonic Fall at FPGA Pin ; Steady State Voh at Far-end ; Steady State Vol at Far-end ; Voh Max at Far-end ; Vol Min at Far-end ; Ringback Voltage on Rise at Far-end ; Ringback Voltage on Fall at Far-end ; 10-90 Rise Time at Far-end ; 90-10 Fall Time at Far-end ; Monotonic Rise at Far-end ; Monotonic Fall at Far-end ;
+-------------------+--------------+---------------------+---------------------+------------------------------+------------------------------+---------------------+---------------------+--------------------------------------+--------------------------------------+-----------------------------+-----------------------------+----------------------------+----------------------------+-----------------------------+-----------------------------+--------------------+--------------------+-------------------------------------+-------------------------------------+----------------------------+----------------------------+---------------------------+---------------------------+
; saida_binario[0]  ; 2.5 V        ; 0 s                 ; 0 s                 ; 2.62 V                       ; 4.05e-08 V                   ; 2.72 V              ; -0.0349 V           ; 0.173 V                              ; 0.1 V                                ; 2.72e-10 s                  ; 2.69e-10 s                  ; Yes                        ; Yes                        ; 2.62 V                      ; 4.05e-08 V                  ; 2.72 V             ; -0.0349 V          ; 0.173 V                             ; 0.1 V                               ; 2.72e-10 s                 ; 2.69e-10 s                 ; Yes                       ; Yes                       ;
; saida_binario[1]  ; 2.5 V        ; 0 s                 ; 0 s                 ; 2.62 V                       ; 4.05e-08 V                   ; 2.72 V              ; -0.0349 V           ; 0.173 V                              ; 0.1 V                                ; 2.72e-10 s                  ; 2.69e-10 s                  ; Yes                        ; Yes                        ; 2.62 V                      ; 4.05e-08 V                  ; 2.72 V             ; -0.0349 V          ; 0.173 V                             ; 0.1 V                               ; 2.72e-10 s                 ; 2.69e-10 s                 ; Yes                       ; Yes                       ;
; saida_binario[2]  ; 2.5 V        ; 0 s                 ; 0 s                 ; 2.62 V                       ; 4.05e-08 V                   ; 2.72 V              ; -0.0349 V           ; 0.173 V                              ; 0.1 V                                ; 2.72e-10 s                  ; 2.69e-10 s                  ; Yes                        ; Yes                        ; 2.62 V                      ; 4.05e-08 V                  ; 2.72 V             ; -0.0349 V          ; 0.173 V                             ; 0.1 V                               ; 2.72e-10 s                 ; 2.69e-10 s                 ; Yes                       ; Yes                       ;
; saida_binario[3]  ; 2.5 V        ; 0 s                 ; 0 s                 ; 2.62 V                       ; 4.05e-08 V                   ; 2.72 V              ; -0.0349 V           ; 0.173 V                              ; 0.1 V                                ; 2.72e-10 s                  ; 2.69e-10 s                  ; Yes                        ; Yes                        ; 2.62 V                      ; 4.05e-08 V                  ; 2.72 V             ; -0.0349 V          ; 0.173 V                             ; 0.1 V                               ; 2.72e-10 s                 ; 2.69e-10 s                 ; Yes                       ; Yes                       ;
; saida_binario[4]  ; 2.5 V        ; 0 s                 ; 0 s                 ; 2.62 V                       ; 4.05e-08 V                   ; 2.72 V              ; -0.0349 V           ; 0.173 V                              ; 0.1 V                                ; 2.72e-10 s                  ; 2.69e-10 s                  ; Yes                        ; Yes                        ; 2.62 V                      ; 4.05e-08 V                  ; 2.72 V             ; -0.0349 V          ; 0.173 V                             ; 0.1 V                               ; 2.72e-10 s                 ; 2.69e-10 s                 ; Yes                       ; Yes                       ;
; saida_binario[5]  ; 2.5 V        ; 0 s                 ; 0 s                 ; 2.62 V                       ; 4.05e-08 V                   ; 2.72 V              ; -0.0349 V           ; 0.173 V                              ; 0.1 V                                ; 2.72e-10 s                  ; 2.69e-10 s                  ; Yes                        ; Yes                        ; 2.62 V                      ; 4.05e-08 V                  ; 2.72 V             ; -0.0349 V          ; 0.173 V                             ; 0.1 V                               ; 2.72e-10 s                 ; 2.69e-10 s                 ; Yes                       ; Yes                       ;
; saida_binario[6]  ; 2.5 V        ; 0 s                 ; 0 s                 ; 2.62 V                       ; 4.05e-08 V                   ; 2.72 V              ; -0.0349 V           ; 0.173 V                              ; 0.1 V                                ; 2.72e-10 s                  ; 2.69e-10 s                  ; Yes                        ; Yes                        ; 2.62 V                      ; 4.05e-08 V                  ; 2.72 V             ; -0.0349 V          ; 0.173 V                             ; 0.1 V                               ; 2.72e-10 s                 ; 2.69e-10 s                 ; Yes                       ; Yes                       ;
; saida_binario[7]  ; 2.5 V        ; 0 s                 ; 0 s                 ; 2.62 V                       ; 4.05e-08 V                   ; 2.72 V              ; -0.0349 V           ; 0.173 V                              ; 0.1 V                                ; 2.72e-10 s                  ; 2.69e-10 s                  ; Yes                        ; Yes                        ; 2.62 V                      ; 4.05e-08 V                  ; 2.72 V             ; -0.0349 V          ; 0.173 V                             ; 0.1 V                               ; 2.72e-10 s                 ; 2.69e-10 s                 ; Yes                       ; Yes                       ;
; saida_binario[8]  ; 2.5 V        ; 0 s                 ; 0 s                 ; 2.62 V                       ; 4.05e-08 V                   ; 2.72 V              ; -0.0349 V           ; 0.173 V                              ; 0.1 V                                ; 2.72e-10 s                  ; 2.69e-10 s                  ; Yes                        ; Yes                        ; 2.62 V                      ; 4.05e-08 V                  ; 2.72 V             ; -0.0349 V          ; 0.173 V                             ; 0.1 V                               ; 2.72e-10 s                 ; 2.69e-10 s                 ; Yes                       ; Yes                       ;
; saida_binario[9]  ; 2.5 V        ; 0 s                 ; 0 s                 ; 2.62 V                       ; 4.05e-08 V                   ; 2.64 V              ; -0.0113 V           ; 0.208 V                              ; 0.179 V                              ; 2.38e-09 s                  ; 2.23e-09 s                  ; No                         ; Yes                        ; 2.62 V                      ; 4.05e-08 V                  ; 2.64 V             ; -0.0113 V          ; 0.208 V                             ; 0.179 V                             ; 2.38e-09 s                 ; 2.23e-09 s                 ; No                        ; Yes                       ;
; saida_binario[10] ; 2.5 V        ; 0 s                 ; 0 s                 ; 2.62 V                       ; 4.05e-08 V                   ; 2.72 V              ; -0.0349 V           ; 0.173 V                              ; 0.1 V                                ; 2.72e-10 s                  ; 2.69e-10 s                  ; Yes                        ; Yes                        ; 2.62 V                      ; 4.05e-08 V                  ; 2.72 V             ; -0.0349 V          ; 0.173 V                             ; 0.1 V                               ; 2.72e-10 s                 ; 2.69e-10 s                 ; Yes                       ; Yes                       ;
; saida_binario[11] ; 2.5 V        ; 0 s                 ; 0 s                 ; 2.62 V                       ; 4.05e-08 V                   ; 2.72 V              ; -0.0349 V           ; 0.173 V                              ; 0.1 V                                ; 2.72e-10 s                  ; 2.69e-10 s                  ; Yes                        ; Yes                        ; 2.62 V                      ; 4.05e-08 V                  ; 2.72 V             ; -0.0349 V          ; 0.173 V                             ; 0.1 V                               ; 2.72e-10 s                 ; 2.69e-10 s                 ; Yes                       ; Yes                       ;
; saida_binario[12] ; 2.5 V        ; 0 s                 ; 0 s                 ; 2.62 V                       ; 4.05e-08 V                   ; 2.72 V              ; -0.0349 V           ; 0.173 V                              ; 0.1 V                                ; 2.72e-10 s                  ; 2.69e-10 s                  ; Yes                        ; Yes                        ; 2.62 V                      ; 4.05e-08 V                  ; 2.72 V             ; -0.0349 V          ; 0.173 V                             ; 0.1 V                               ; 2.72e-10 s                 ; 2.69e-10 s                 ; Yes                       ; Yes                       ;
; saida_binario[13] ; 2.5 V        ; 0 s                 ; 0 s                 ; 2.62 V                       ; 4.05e-08 V                   ; 2.72 V              ; -0.0349 V           ; 0.173 V                              ; 0.1 V                                ; 2.72e-10 s                  ; 2.69e-10 s                  ; Yes                        ; Yes                        ; 2.62 V                      ; 4.05e-08 V                  ; 2.72 V             ; -0.0349 V          ; 0.173 V                             ; 0.1 V                               ; 2.72e-10 s                 ; 2.69e-10 s                 ; Yes                       ; Yes                       ;
; saida_binario[14] ; 2.5 V        ; 0 s                 ; 0 s                 ; 2.62 V                       ; 4.05e-08 V                   ; 2.72 V              ; -0.0349 V           ; 0.173 V                              ; 0.1 V                                ; 2.72e-10 s                  ; 2.69e-10 s                  ; Yes                        ; Yes                        ; 2.62 V                      ; 4.05e-08 V                  ; 2.72 V             ; -0.0349 V          ; 0.173 V                             ; 0.1 V                               ; 2.72e-10 s                 ; 2.69e-10 s                 ; Yes                       ; Yes                       ;
; saida_binario[15] ; 2.5 V        ; 0 s                 ; 0 s                 ; 2.62 V                       ; 4.05e-08 V                   ; 2.64 V              ; -0.0113 V           ; 0.208 V                              ; 0.179 V                              ; 2.38e-09 s                  ; 2.23e-09 s                  ; No                         ; Yes                        ; 2.62 V                      ; 4.05e-08 V                  ; 2.64 V             ; -0.0113 V          ; 0.208 V                             ; 0.179 V                             ; 2.38e-09 s                 ; 2.23e-09 s                 ; No                        ; Yes                       ;
; saida_binario[16] ; 2.5 V        ; 0 s                 ; 0 s                 ; 2.62 V                       ; 4.05e-08 V                   ; 2.72 V              ; -0.0349 V           ; 0.173 V                              ; 0.1 V                                ; 2.72e-10 s                  ; 2.69e-10 s                  ; Yes                        ; Yes                        ; 2.62 V                      ; 4.05e-08 V                  ; 2.72 V             ; -0.0349 V          ; 0.173 V                             ; 0.1 V                               ; 2.72e-10 s                 ; 2.69e-10 s                 ; Yes                       ; Yes                       ;
; saida_binario[17] ; 2.5 V        ; 0 s                 ; 0 s                 ; 2.62 V                       ; 4.05e-08 V                   ; 2.72 V              ; -0.0349 V           ; 0.173 V                              ; 0.1 V                                ; 2.72e-10 s                  ; 2.69e-10 s                  ; Yes                        ; Yes                        ; 2.62 V                      ; 4.05e-08 V                  ; 2.72 V             ; -0.0349 V          ; 0.173 V                             ; 0.1 V                               ; 2.72e-10 s                 ; 2.69e-10 s                 ; Yes                       ; Yes                       ;
; saida_binario[18] ; 2.5 V        ; 0 s                 ; 0 s                 ; 2.62 V                       ; 4.05e-08 V                   ; 2.72 V              ; -0.0349 V           ; 0.173 V                              ; 0.1 V                                ; 2.72e-10 s                  ; 2.69e-10 s                  ; Yes                        ; Yes                        ; 2.62 V                      ; 4.05e-08 V                  ; 2.72 V             ; -0.0349 V          ; 0.173 V                             ; 0.1 V                               ; 2.72e-10 s                 ; 2.69e-10 s                 ; Yes                       ; Yes                       ;
; saida_binario[19] ; 2.5 V        ; 0 s                 ; 0 s                 ; 2.62 V                       ; 4.05e-08 V                   ; 2.72 V              ; -0.0349 V           ; 0.173 V                              ; 0.1 V                                ; 2.72e-10 s                  ; 2.69e-10 s                  ; Yes                        ; Yes                        ; 2.62 V                      ; 4.05e-08 V                  ; 2.72 V             ; -0.0349 V          ; 0.173 V                             ; 0.1 V                               ; 2.72e-10 s                 ; 2.69e-10 s                 ; Yes                       ; Yes                       ;
; saida_binario[20] ; 2.5 V        ; 0 s                 ; 0 s                 ; 2.62 V                       ; 4.05e-08 V                   ; 2.72 V              ; -0.0349 V           ; 0.173 V                              ; 0.1 V                                ; 2.72e-10 s                  ; 2.69e-10 s                  ; Yes                        ; Yes                        ; 2.62 V                      ; 4.05e-08 V                  ; 2.72 V             ; -0.0349 V          ; 0.173 V                             ; 0.1 V                               ; 2.72e-10 s                 ; 2.69e-10 s                 ; Yes                       ; Yes                       ;
; saida_binario[21] ; 2.5 V        ; 0 s                 ; 0 s                 ; 2.62 V                       ; 2.74e-08 V                   ; 2.71 V              ; -0.0317 V           ; 0.148 V                              ; 0.064 V                              ; 4.51e-10 s                  ; 4.15e-10 s                  ; No                         ; Yes                        ; 2.62 V                      ; 2.74e-08 V                  ; 2.71 V             ; -0.0317 V          ; 0.148 V                             ; 0.064 V                             ; 4.51e-10 s                 ; 4.15e-10 s                 ; No                        ; Yes                       ;
; saida_binario[22] ; 2.5 V        ; 0 s                 ; 0 s                 ; 2.62 V                       ; 4.05e-08 V                   ; 2.72 V              ; -0.0349 V           ; 0.173 V                              ; 0.1 V                                ; 2.72e-10 s                  ; 2.69e-10 s                  ; Yes                        ; Yes                        ; 2.62 V                      ; 4.05e-08 V                  ; 2.72 V             ; -0.0349 V          ; 0.173 V                             ; 0.1 V                               ; 2.72e-10 s                 ; 2.69e-10 s                 ; Yes                       ; Yes                       ;
; saida_binario[23] ; 2.5 V        ; 0 s                 ; 0 s                 ; 2.62 V                       ; 2.74e-08 V                   ; 2.71 V              ; -0.0317 V           ; 0.148 V                              ; 0.064 V                              ; 4.51e-10 s                  ; 4.15e-10 s                  ; No                         ; Yes                        ; 2.62 V                      ; 2.74e-08 V                  ; 2.71 V             ; -0.0317 V          ; 0.148 V                             ; 0.064 V                             ; 4.51e-10 s                 ; 4.15e-10 s                 ; No                        ; Yes                       ;
; saida_binario[24] ; 2.5 V        ; 0 s                 ; 0 s                 ; 2.62 V                       ; 4.05e-08 V                   ; 2.72 V              ; -0.0349 V           ; 0.173 V                              ; 0.1 V                                ; 2.72e-10 s                  ; 2.69e-10 s                  ; Yes                        ; Yes                        ; 2.62 V                      ; 4.05e-08 V                  ; 2.72 V             ; -0.0349 V          ; 0.173 V                             ; 0.1 V                               ; 2.72e-10 s                 ; 2.69e-10 s                 ; Yes                       ; Yes                       ;
; saida_binario[25] ; 2.5 V        ; 0 s                 ; 0 s                 ; 2.62 V                       ; 4.05e-08 V                   ; 2.72 V              ; -0.0349 V           ; 0.173 V                              ; 0.1 V                                ; 2.72e-10 s                  ; 2.69e-10 s                  ; Yes                        ; Yes                        ; 2.62 V                      ; 4.05e-08 V                  ; 2.72 V             ; -0.0349 V          ; 0.173 V                             ; 0.1 V                               ; 2.72e-10 s                 ; 2.69e-10 s                 ; Yes                       ; Yes                       ;
; saida_binario[26] ; 2.5 V        ; 0 s                 ; 0 s                 ; 2.62 V                       ; 4.05e-08 V                   ; 2.72 V              ; -0.0349 V           ; 0.173 V                              ; 0.1 V                                ; 2.72e-10 s                  ; 2.69e-10 s                  ; Yes                        ; Yes                        ; 2.62 V                      ; 4.05e-08 V                  ; 2.72 V             ; -0.0349 V          ; 0.173 V                             ; 0.1 V                               ; 2.72e-10 s                 ; 2.69e-10 s                 ; Yes                       ; Yes                       ;
; saida_binario[27] ; 2.5 V        ; 0 s                 ; 0 s                 ; 2.62 V                       ; 2.74e-08 V                   ; 2.71 V              ; -0.0317 V           ; 0.148 V                              ; 0.064 V                              ; 4.51e-10 s                  ; 4.15e-10 s                  ; No                         ; Yes                        ; 2.62 V                      ; 2.74e-08 V                  ; 2.71 V             ; -0.0317 V          ; 0.148 V                             ; 0.064 V                             ; 4.51e-10 s                 ; 4.15e-10 s                 ; No                        ; Yes                       ;
; saida_binario[28] ; 2.5 V        ; 0 s                 ; 0 s                 ; 2.62 V                       ; 4.05e-08 V                   ; 2.72 V              ; -0.0349 V           ; 0.173 V                              ; 0.1 V                                ; 2.72e-10 s                  ; 2.69e-10 s                  ; Yes                        ; Yes                        ; 2.62 V                      ; 4.05e-08 V                  ; 2.72 V             ; -0.0349 V          ; 0.173 V                             ; 0.1 V                               ; 2.72e-10 s                 ; 2.69e-10 s                 ; Yes                       ; Yes                       ;
; saida_binario[29] ; 2.5 V        ; 0 s                 ; 0 s                 ; 2.62 V                       ; 2.74e-08 V                   ; 2.64 V              ; -0.0117 V           ; 0.202 V                              ; 0.176 V                              ; 2.38e-09 s                  ; 2.22e-09 s                  ; No                         ; Yes                        ; 2.62 V                      ; 2.74e-08 V                  ; 2.64 V             ; -0.0117 V          ; 0.202 V                             ; 0.176 V                             ; 2.38e-09 s                 ; 2.22e-09 s                 ; No                        ; Yes                       ;
; saida_binario[30] ; 2.5 V        ; 0 s                 ; 0 s                 ; 2.62 V                       ; 2.74e-08 V                   ; 2.71 V              ; -0.0317 V           ; 0.148 V                              ; 0.064 V                              ; 4.51e-10 s                  ; 4.15e-10 s                  ; No                         ; Yes                        ; 2.62 V                      ; 2.74e-08 V                  ; 2.71 V             ; -0.0317 V          ; 0.148 V                             ; 0.064 V                             ; 4.51e-10 s                 ; 4.15e-10 s                 ; No                        ; Yes                       ;
; saida_binario[31] ; 2.5 V        ; 0 s                 ; 0 s                 ; 2.62 V                       ; 4.05e-08 V                   ; 2.72 V              ; -0.0349 V           ; 0.173 V                              ; 0.1 V                                ; 2.72e-10 s                  ; 2.69e-10 s                  ; Yes                        ; Yes                        ; 2.62 V                      ; 4.05e-08 V                  ; 2.72 V             ; -0.0349 V          ; 0.173 V                             ; 0.1 V                               ; 2.72e-10 s                 ; 2.69e-10 s                 ; Yes                       ; Yes                       ;
; led_zero          ; 2.5 V        ; 0 s                 ; 0 s                 ; 2.62 V                       ; 4.05e-08 V                   ; 2.72 V              ; -0.0349 V           ; 0.173 V                              ; 0.1 V                                ; 2.72e-10 s                  ; 2.69e-10 s                  ; Yes                        ; Yes                        ; 2.62 V                      ; 4.05e-08 V                  ; 2.72 V             ; -0.0349 V          ; 0.173 V                             ; 0.1 V                               ; 2.72e-10 s                 ; 2.69e-10 s                 ; Yes                       ; Yes                       ;
; led_negativo      ; 2.5 V        ; 0 s                 ; 0 s                 ; 2.62 V                       ; 4.05e-08 V                   ; 2.72 V              ; -0.0349 V           ; 0.173 V                              ; 0.1 V                                ; 2.72e-10 s                  ; 2.69e-10 s                  ; Yes                        ; Yes                        ; 2.62 V                      ; 4.05e-08 V                  ; 2.72 V             ; -0.0349 V          ; 0.173 V                             ; 0.1 V                               ; 2.72e-10 s                 ; 2.69e-10 s                 ; Yes                       ; Yes                       ;
; display3[0]       ; 2.5 V        ; 0 s                 ; 0 s                 ; 2.62 V                       ; 2.74e-08 V                   ; 2.71 V              ; -0.0317 V           ; 0.148 V                              ; 0.064 V                              ; 4.51e-10 s                  ; 4.15e-10 s                  ; No                         ; Yes                        ; 2.62 V                      ; 2.74e-08 V                  ; 2.71 V             ; -0.0317 V          ; 0.148 V                             ; 0.064 V                             ; 4.51e-10 s                 ; 4.15e-10 s                 ; No                        ; Yes                       ;
; display3[1]       ; 2.5 V        ; 0 s                 ; 0 s                 ; 2.62 V                       ; 2.74e-08 V                   ; 2.73 V              ; -0.0384 V           ; 0.169 V                              ; 0.089 V                              ; 2.7e-10 s                   ; 2.62e-10 s                  ; Yes                        ; Yes                        ; 2.62 V                      ; 2.74e-08 V                  ; 2.73 V             ; -0.0384 V          ; 0.169 V                             ; 0.089 V                             ; 2.7e-10 s                  ; 2.62e-10 s                 ; Yes                       ; Yes                       ;
; display3[2]       ; 2.5 V        ; 0 s                 ; 0 s                 ; 2.62 V                       ; 4.05e-08 V                   ; 2.64 V              ; -0.0113 V           ; 0.208 V                              ; 0.179 V                              ; 2.38e-09 s                  ; 2.23e-09 s                  ; No                         ; Yes                        ; 2.62 V                      ; 4.05e-08 V                  ; 2.64 V             ; -0.0113 V          ; 0.208 V                             ; 0.179 V                             ; 2.38e-09 s                 ; 2.23e-09 s                 ; No                        ; Yes                       ;
; display3[3]       ; 2.5 V        ; 0 s                 ; 0 s                 ; 2.62 V                       ; 4.05e-08 V                   ; 2.72 V              ; -0.0349 V           ; 0.173 V                              ; 0.1 V                                ; 2.72e-10 s                  ; 2.69e-10 s                  ; Yes                        ; Yes                        ; 2.62 V                      ; 4.05e-08 V                  ; 2.72 V             ; -0.0349 V          ; 0.173 V                             ; 0.1 V                               ; 2.72e-10 s                 ; 2.69e-10 s                 ; Yes                       ; Yes                       ;
; display3[4]       ; 2.5 V        ; 0 s                 ; 0 s                 ; 2.62 V                       ; 4.05e-08 V                   ; 2.72 V              ; -0.0349 V           ; 0.173 V                              ; 0.1 V                                ; 2.72e-10 s                  ; 2.69e-10 s                  ; Yes                        ; Yes                        ; 2.62 V                      ; 4.05e-08 V                  ; 2.72 V             ; -0.0349 V          ; 0.173 V                             ; 0.1 V                               ; 2.72e-10 s                 ; 2.69e-10 s                 ; Yes                       ; Yes                       ;
; display3[5]       ; 2.5 V        ; 0 s                 ; 0 s                 ; 2.62 V                       ; 4.05e-08 V                   ; 2.72 V              ; -0.0349 V           ; 0.173 V                              ; 0.1 V                                ; 2.72e-10 s                  ; 2.69e-10 s                  ; Yes                        ; Yes                        ; 2.62 V                      ; 4.05e-08 V                  ; 2.72 V             ; -0.0349 V          ; 0.173 V                             ; 0.1 V                               ; 2.72e-10 s                 ; 2.69e-10 s                 ; Yes                       ; Yes                       ;
; display3[6]       ; 2.5 V        ; 0 s                 ; 0 s                 ; 2.62 V                       ; 4.05e-08 V                   ; 2.72 V              ; -0.0349 V           ; 0.173 V                              ; 0.1 V                                ; 2.72e-10 s                  ; 2.69e-10 s                  ; Yes                        ; Yes                        ; 2.62 V                      ; 4.05e-08 V                  ; 2.72 V             ; -0.0349 V          ; 0.173 V                             ; 0.1 V                               ; 2.72e-10 s                 ; 2.69e-10 s                 ; Yes                       ; Yes                       ;
; display2[0]       ; 2.5 V        ; 0 s                 ; 0 s                 ; 2.62 V                       ; 2.74e-08 V                   ; 2.71 V              ; -0.0317 V           ; 0.148 V                              ; 0.064 V                              ; 4.51e-10 s                  ; 4.15e-10 s                  ; No                         ; Yes                        ; 2.62 V                      ; 2.74e-08 V                  ; 2.71 V             ; -0.0317 V          ; 0.148 V                             ; 0.064 V                             ; 4.51e-10 s                 ; 4.15e-10 s                 ; No                        ; Yes                       ;
; display2[1]       ; 2.5 V        ; 0 s                 ; 0 s                 ; 2.62 V                       ; 2.74e-08 V                   ; 2.71 V              ; -0.0317 V           ; 0.148 V                              ; 0.064 V                              ; 4.51e-10 s                  ; 4.15e-10 s                  ; No                         ; Yes                        ; 2.62 V                      ; 2.74e-08 V                  ; 2.71 V             ; -0.0317 V          ; 0.148 V                             ; 0.064 V                             ; 4.51e-10 s                 ; 4.15e-10 s                 ; No                        ; Yes                       ;
; display2[2]       ; 2.5 V        ; 0 s                 ; 0 s                 ; 2.62 V                       ; 2.74e-08 V                   ; 2.71 V              ; -0.0317 V           ; 0.148 V                              ; 0.064 V                              ; 4.51e-10 s                  ; 4.15e-10 s                  ; No                         ; Yes                        ; 2.62 V                      ; 2.74e-08 V                  ; 2.71 V             ; -0.0317 V          ; 0.148 V                             ; 0.064 V                             ; 4.51e-10 s                 ; 4.15e-10 s                 ; No                        ; Yes                       ;
; display2[3]       ; 2.5 V        ; 0 s                 ; 0 s                 ; 2.62 V                       ; 2.74e-08 V                   ; 2.71 V              ; -0.0317 V           ; 0.148 V                              ; 0.064 V                              ; 4.51e-10 s                  ; 4.15e-10 s                  ; No                         ; Yes                        ; 2.62 V                      ; 2.74e-08 V                  ; 2.71 V             ; -0.0317 V          ; 0.148 V                             ; 0.064 V                             ; 4.51e-10 s                 ; 4.15e-10 s                 ; No                        ; Yes                       ;
; display2[4]       ; 2.5 V        ; 0 s                 ; 0 s                 ; 2.62 V                       ; 2.74e-08 V                   ; 2.71 V              ; -0.0317 V           ; 0.148 V                              ; 0.064 V                              ; 4.51e-10 s                  ; 4.15e-10 s                  ; No                         ; Yes                        ; 2.62 V                      ; 2.74e-08 V                  ; 2.71 V             ; -0.0317 V          ; 0.148 V                             ; 0.064 V                             ; 4.51e-10 s                 ; 4.15e-10 s                 ; No                        ; Yes                       ;
; display2[5]       ; 2.5 V        ; 0 s                 ; 0 s                 ; 2.62 V                       ; 2.74e-08 V                   ; 2.71 V              ; -0.0317 V           ; 0.148 V                              ; 0.064 V                              ; 4.51e-10 s                  ; 4.15e-10 s                  ; No                         ; Yes                        ; 2.62 V                      ; 2.74e-08 V                  ; 2.71 V             ; -0.0317 V          ; 0.148 V                             ; 0.064 V                             ; 4.51e-10 s                 ; 4.15e-10 s                 ; No                        ; Yes                       ;
; display2[6]       ; 2.5 V        ; 0 s                 ; 0 s                 ; 2.62 V                       ; 2.74e-08 V                   ; 2.71 V              ; -0.0317 V           ; 0.148 V                              ; 0.064 V                              ; 4.51e-10 s                  ; 4.15e-10 s                  ; No                         ; Yes                        ; 2.62 V                      ; 2.74e-08 V                  ; 2.71 V             ; -0.0317 V          ; 0.148 V                             ; 0.064 V                             ; 4.51e-10 s                 ; 4.15e-10 s                 ; No                        ; Yes                       ;
; display1[0]       ; 2.5 V        ; 0 s                 ; 0 s                 ; 2.62 V                       ; 2.74e-08 V                   ; 2.73 V              ; -0.0384 V           ; 0.169 V                              ; 0.089 V                              ; 2.7e-10 s                   ; 2.62e-10 s                  ; Yes                        ; Yes                        ; 2.62 V                      ; 2.74e-08 V                  ; 2.73 V             ; -0.0384 V          ; 0.169 V                             ; 0.089 V                             ; 2.7e-10 s                  ; 2.62e-10 s                 ; Yes                       ; Yes                       ;
; display1[1]       ; 2.5 V        ; 0 s                 ; 0 s                 ; 2.62 V                       ; 2.74e-08 V                   ; 2.71 V              ; -0.0317 V           ; 0.148 V                              ; 0.064 V                              ; 4.51e-10 s                  ; 4.15e-10 s                  ; No                         ; Yes                        ; 2.62 V                      ; 2.74e-08 V                  ; 2.71 V             ; -0.0317 V          ; 0.148 V                             ; 0.064 V                             ; 4.51e-10 s                 ; 4.15e-10 s                 ; No                        ; Yes                       ;
; display1[2]       ; 2.5 V        ; 0 s                 ; 0 s                 ; 2.62 V                       ; 2.74e-08 V                   ; 2.71 V              ; -0.0317 V           ; 0.148 V                              ; 0.064 V                              ; 4.51e-10 s                  ; 4.15e-10 s                  ; No                         ; Yes                        ; 2.62 V                      ; 2.74e-08 V                  ; 2.71 V             ; -0.0317 V          ; 0.148 V                             ; 0.064 V                             ; 4.51e-10 s                 ; 4.15e-10 s                 ; No                        ; Yes                       ;
; display1[3]       ; 2.5 V        ; 0 s                 ; 0 s                 ; 2.62 V                       ; 2.74e-08 V                   ; 2.71 V              ; -0.0317 V           ; 0.148 V                              ; 0.064 V                              ; 4.51e-10 s                  ; 4.15e-10 s                  ; No                         ; Yes                        ; 2.62 V                      ; 2.74e-08 V                  ; 2.71 V             ; -0.0317 V          ; 0.148 V                             ; 0.064 V                             ; 4.51e-10 s                 ; 4.15e-10 s                 ; No                        ; Yes                       ;
; display1[4]       ; 2.5 V        ; 0 s                 ; 0 s                 ; 2.62 V                       ; 2.74e-08 V                   ; 2.71 V              ; -0.0317 V           ; 0.148 V                              ; 0.064 V                              ; 4.51e-10 s                  ; 4.15e-10 s                  ; No                         ; Yes                        ; 2.62 V                      ; 2.74e-08 V                  ; 2.71 V             ; -0.0317 V          ; 0.148 V                             ; 0.064 V                             ; 4.51e-10 s                 ; 4.15e-10 s                 ; No                        ; Yes                       ;
; display1[5]       ; 2.5 V        ; 0 s                 ; 0 s                 ; 2.62 V                       ; 2.74e-08 V                   ; 2.64 V              ; -0.0117 V           ; 0.202 V                              ; 0.176 V                              ; 2.38e-09 s                  ; 2.22e-09 s                  ; No                         ; Yes                        ; 2.62 V                      ; 2.74e-08 V                  ; 2.64 V             ; -0.0117 V          ; 0.202 V                             ; 0.176 V                             ; 2.38e-09 s                 ; 2.22e-09 s                 ; No                        ; Yes                       ;
; display1[6]       ; 2.5 V        ; 0 s                 ; 0 s                 ; 2.62 V                       ; 2.74e-08 V                   ; 2.64 V              ; -0.0117 V           ; 0.202 V                              ; 0.176 V                              ; 2.38e-09 s                  ; 2.22e-09 s                  ; No                         ; Yes                        ; 2.62 V                      ; 2.74e-08 V                  ; 2.64 V             ; -0.0117 V          ; 0.202 V                             ; 0.176 V                             ; 2.38e-09 s                 ; 2.22e-09 s                 ; No                        ; Yes                       ;
; display0[0]       ; 2.5 V        ; 0 s                 ; 0 s                 ; 2.62 V                       ; 4.05e-08 V                   ; 2.72 V              ; -0.0349 V           ; 0.173 V                              ; 0.1 V                                ; 2.72e-10 s                  ; 2.69e-10 s                  ; Yes                        ; Yes                        ; 2.62 V                      ; 4.05e-08 V                  ; 2.72 V             ; -0.0349 V          ; 0.173 V                             ; 0.1 V                               ; 2.72e-10 s                 ; 2.69e-10 s                 ; Yes                       ; Yes                       ;
; display0[1]       ; 2.5 V        ; 0 s                 ; 0 s                 ; 2.62 V                       ; 4.05e-08 V                   ; 2.64 V              ; -0.0113 V           ; 0.208 V                              ; 0.179 V                              ; 2.38e-09 s                  ; 2.23e-09 s                  ; No                         ; Yes                        ; 2.62 V                      ; 4.05e-08 V                  ; 2.64 V             ; -0.0113 V          ; 0.208 V                             ; 0.179 V                             ; 2.38e-09 s                 ; 2.23e-09 s                 ; No                        ; Yes                       ;
; display0[2]       ; 2.5 V        ; 0 s                 ; 0 s                 ; 2.62 V                       ; 4.05e-08 V                   ; 2.72 V              ; -0.0349 V           ; 0.173 V                              ; 0.1 V                                ; 2.72e-10 s                  ; 2.69e-10 s                  ; Yes                        ; Yes                        ; 2.62 V                      ; 4.05e-08 V                  ; 2.72 V             ; -0.0349 V          ; 0.173 V                             ; 0.1 V                               ; 2.72e-10 s                 ; 2.69e-10 s                 ; Yes                       ; Yes                       ;
; display0[3]       ; 2.5 V        ; 0 s                 ; 0 s                 ; 2.62 V                       ; 2.74e-08 V                   ; 2.73 V              ; -0.0384 V           ; 0.169 V                              ; 0.089 V                              ; 2.7e-10 s                   ; 2.62e-10 s                  ; Yes                        ; Yes                        ; 2.62 V                      ; 2.74e-08 V                  ; 2.73 V             ; -0.0384 V          ; 0.169 V                             ; 0.089 V                             ; 2.7e-10 s                  ; 2.62e-10 s                 ; Yes                       ; Yes                       ;
; display0[4]       ; 2.5 V        ; 0 s                 ; 0 s                 ; 2.62 V                       ; 2.74e-08 V                   ; 2.73 V              ; -0.0384 V           ; 0.169 V                              ; 0.089 V                              ; 2.7e-10 s                   ; 2.62e-10 s                  ; Yes                        ; Yes                        ; 2.62 V                      ; 2.74e-08 V                  ; 2.73 V             ; -0.0384 V          ; 0.169 V                             ; 0.089 V                             ; 2.7e-10 s                  ; 2.62e-10 s                 ; Yes                       ; Yes                       ;
; display0[5]       ; 2.5 V        ; 0 s                 ; 0 s                 ; 2.62 V                       ; 2.74e-08 V                   ; 2.64 V              ; -0.0117 V           ; 0.202 V                              ; 0.176 V                              ; 2.38e-09 s                  ; 2.22e-09 s                  ; No                         ; Yes                        ; 2.62 V                      ; 2.74e-08 V                  ; 2.64 V             ; -0.0117 V          ; 0.202 V                             ; 0.176 V                             ; 2.38e-09 s                 ; 2.22e-09 s                 ; No                        ; Yes                       ;
; display0[6]       ; 2.5 V        ; 0 s                 ; 0 s                 ; 2.62 V                       ; 2.74e-08 V                   ; 2.73 V              ; -0.0384 V           ; 0.169 V                              ; 0.089 V                              ; 2.7e-10 s                   ; 2.62e-10 s                  ; Yes                        ; Yes                        ; 2.62 V                      ; 2.74e-08 V                  ; 2.73 V             ; -0.0384 V          ; 0.169 V                             ; 0.089 V                             ; 2.7e-10 s                  ; 2.62e-10 s                 ; Yes                       ; Yes                       ;
; io_stall_flag     ; 2.5 V        ; 0 s                 ; 0 s                 ; 2.62 V                       ; 4.05e-08 V                   ; 2.72 V              ; -0.0349 V           ; 0.173 V                              ; 0.1 V                                ; 2.72e-10 s                  ; 2.69e-10 s                  ; Yes                        ; Yes                        ; 2.62 V                      ; 4.05e-08 V                  ; 2.72 V             ; -0.0349 V          ; 0.173 V                             ; 0.1 V                               ; 2.72e-10 s                 ; 2.69e-10 s                 ; Yes                       ; Yes                       ;
; ~ALTERA_DCLK~     ; 2.5 V        ; 0 s                 ; 0 s                 ; 2.62 V                       ; 2.22e-08 V                   ; 2.74 V              ; -0.06 V             ; 0.158 V                              ; 0.08 V                               ; 2.68e-10 s                  ; 2.19e-10 s                  ; Yes                        ; Yes                        ; 2.62 V                      ; 2.22e-08 V                  ; 2.74 V             ; -0.06 V            ; 0.158 V                             ; 0.08 V                              ; 2.68e-10 s                 ; 2.19e-10 s                 ; Yes                       ; Yes                       ;
; ~ALTERA_nCEO~     ; 2.5 V        ; 0 s                 ; 0 s                 ; 2.62 V                       ; 3.54e-08 V                   ; 2.7 V               ; -0.00943 V          ; 0.276 V                              ; 0.035 V                              ; 3.19e-10 s                  ; 4.99e-10 s                  ; No                         ; Yes                        ; 2.62 V                      ; 3.54e-08 V                  ; 2.7 V              ; -0.00943 V         ; 0.276 V                             ; 0.035 V                             ; 3.19e-10 s                 ; 4.99e-10 s                 ; No                        ; Yes                       ;
+-------------------+--------------+---------------------+---------------------+------------------------------+------------------------------+---------------------+---------------------+--------------------------------------+--------------------------------------+-----------------------------+-----------------------------+----------------------------+----------------------------+-----------------------------+-----------------------------+--------------------+--------------------+-------------------------------------+-------------------------------------+----------------------------+----------------------------+---------------------------+---------------------------+


+-----------------------------------------------------------------------+
; Setup Transfers                                                       ;
+------------+----------+--------------+----------+----------+----------+
; From Clock ; To Clock ; RR Paths     ; FR Paths ; RF Paths ; FF Paths ;
+------------+----------+--------------+----------+----------+----------+
; CLOCK_50   ; CLOCK_50 ; > 2147483647 ; 0        ; 0        ; 0        ;
+------------+----------+--------------+----------+----------+----------+
Entries labeled "false path" only account for clock-to-clock false paths and not path-based false paths. As a result, actual path counts may be lower than reported.


+-----------------------------------------------------------------------+
; Hold Transfers                                                        ;
+------------+----------+--------------+----------+----------+----------+
; From Clock ; To Clock ; RR Paths     ; FR Paths ; RF Paths ; FF Paths ;
+------------+----------+--------------+----------+----------+----------+
; CLOCK_50   ; CLOCK_50 ; > 2147483647 ; 0        ; 0        ; 0        ;
+------------+----------+--------------+----------+----------+----------+
Entries labeled "false path" only account for clock-to-clock false paths and not path-based false paths. As a result, actual path counts may be lower than reported.


---------------
; Report TCCS ;
---------------
No dedicated SERDES Transmitter circuitry present in device or used in design


---------------
; Report RSKM ;
---------------
No non-DPA dedicated SERDES Receiver circuitry present in device or used in design


+-------------------------------------------------+
; Unconstrained Paths Summary                     ;
+---------------------------------+-------+-------+
; Property                        ; Setup ; Hold  ;
+---------------------------------+-------+-------+
; Illegal Clocks                  ; 0     ; 0     ;
; Unconstrained Clocks            ; 1     ; 1     ;
; Unconstrained Input Ports       ; 18    ; 18    ;
; Unconstrained Input Port Paths  ; 1521  ; 1521  ;
; Unconstrained Output Ports      ; 61    ; 61    ;
; Unconstrained Output Port Paths ; 28736 ; 28736 ;
+---------------------------------+-------+-------+


+----------------------------------------------------------------------------------+
; Clock Status Summary                                                             ;
+------------------------------------------------+----------+------+---------------+
; Target                                         ; Clock    ; Type ; Status        ;
+------------------------------------------------+----------+------+---------------+
; clock                                          ; CLOCK_50 ; Base ; Constrained   ;
; divisorClock:divisor_de_clock_inst|counter[10] ;          ; Base ; Unconstrained ;
+------------------------------------------------+----------+------+---------------+


+-----------------------------------------------------------------------------------------------------+
; Unconstrained Input Ports                                                                           ;
+--------------+--------------------------------------------------------------------------------------+
; Input Port   ; Comment                                                                              ;
+--------------+--------------------------------------------------------------------------------------+
; botaoEnter_n ; No input delay, min/max delays, false-path exceptions, or max skew assignments found ;
; reset_n      ; No input delay, min/max delays, false-path exceptions, or max skew assignments found ;
; switches[0]  ; No input delay, min/max delays, false-path exceptions, or max skew assignments found ;
; switches[1]  ; No input delay, min/max delays, false-path exceptions, or max skew assignments found ;
; switches[2]  ; No input delay, min/max delays, false-path exceptions, or max skew assignments found ;
; switches[3]  ; No input delay, min/max delays, false-path exceptions, or max skew assignments found ;
; switches[4]  ; No input delay, min/max delays, false-path exceptions, or max skew assignments found ;
; switches[5]  ; No input delay, min/max delays, false-path exceptions, or max skew assignments found ;
; switches[6]  ; No input delay, min/max delays, false-path exceptions, or max skew assignments found ;
; switches[7]  ; No input delay, min/max delays, false-path exceptions, or max skew assignments found ;
; switches[8]  ; No input delay, min/max delays, false-path exceptions, or max skew assignments found ;
; switches[9]  ; No input delay, min/max delays, false-path exceptions, or max skew assignments found ;
; switches[10] ; No input delay, min/max delays, false-path exceptions, or max skew assignments found ;
; switches[11] ; No input delay, min/max delays, false-path exceptions, or max skew assignments found ;
; switches[12] ; No input delay, min/max delays, false-path exceptions, or max skew assignments found ;
; switches[13] ; No input delay, min/max delays, false-path exceptions, or max skew assignments found ;
; switches[14] ; No input delay, min/max delays, false-path exceptions, or max skew assignments found ;
; switches[15] ; No input delay, min/max delays, false-path exceptions, or max skew assignments found ;
+--------------+--------------------------------------------------------------------------------------+


+-----------------------------------------------------------------------------------------------------------+
; Unconstrained Output Ports                                                                                ;
+-------------------+---------------------------------------------------------------------------------------+
; Output Port       ; Comment                                                                               ;
+-------------------+---------------------------------------------------------------------------------------+
; display0[0]       ; No output delay, min/max delays, false-path exceptions, or max skew assignments found ;
; display0[1]       ; No output delay, min/max delays, false-path exceptions, or max skew assignments found ;
; display0[2]       ; No output delay, min/max delays, false-path exceptions, or max skew assignments found ;
; display0[3]       ; No output delay, min/max delays, false-path exceptions, or max skew assignments found ;
; display0[4]       ; No output delay, min/max delays, false-path exceptions, or max skew assignments found ;
; display0[5]       ; No output delay, min/max delays, false-path exceptions, or max skew assignments found ;
; display0[6]       ; No output delay, min/max delays, false-path exceptions, or max skew assignments found ;
; display1[0]       ; No output delay, min/max delays, false-path exceptions, or max skew assignments found ;
; display1[1]       ; No output delay, min/max delays, false-path exceptions, or max skew assignments found ;
; display1[2]       ; No output delay, min/max delays, false-path exceptions, or max skew assignments found ;
; display1[3]       ; No output delay, min/max delays, false-path exceptions, or max skew assignments found ;
; display1[4]       ; No output delay, min/max delays, false-path exceptions, or max skew assignments found ;
; display1[5]       ; No output delay, min/max delays, false-path exceptions, or max skew assignments found ;
; display1[6]       ; No output delay, min/max delays, false-path exceptions, or max skew assignments found ;
; display2[0]       ; No output delay, min/max delays, false-path exceptions, or max skew assignments found ;
; display2[1]       ; No output delay, min/max delays, false-path exceptions, or max skew assignments found ;
; display2[2]       ; No output delay, min/max delays, false-path exceptions, or max skew assignments found ;
; display2[3]       ; No output delay, min/max delays, false-path exceptions, or max skew assignments found ;
; display2[4]       ; No output delay, min/max delays, false-path exceptions, or max skew assignments found ;
; display2[5]       ; No output delay, min/max delays, false-path exceptions, or max skew assignments found ;
; display2[6]       ; No output delay, min/max delays, false-path exceptions, or max skew assignments found ;
; display3[0]       ; No output delay, min/max delays, false-path exceptions, or max skew assignments found ;
; display3[3]       ; No output delay, min/max delays, false-path exceptions, or max skew assignments found ;
; display3[4]       ; No output delay, min/max delays, false-path exceptions, or max skew assignments found ;
; display3[5]       ; No output delay, min/max delays, false-path exceptions, or max skew assignments found ;
; display3[6]       ; No output delay, min/max delays, false-path exceptions, or max skew assignments found ;
; io_stall_flag     ; No output delay, min/max delays, false-path exceptions, or max skew assignments found ;
; led_negativo      ; No output delay, min/max delays, false-path exceptions, or max skew assignments found ;
; led_zero          ; No output delay, min/max delays, false-path exceptions, or max skew assignments found ;
; saida_binario[0]  ; No output delay, min/max delays, false-path exceptions, or max skew assignments found ;
; saida_binario[1]  ; No output delay, min/max delays, false-path exceptions, or max skew assignments found ;
; saida_binario[2]  ; No output delay, min/max delays, false-path exceptions, or max skew assignments found ;
; saida_binario[3]  ; No output delay, min/max delays, false-path exceptions, or max skew assignments found ;
; saida_binario[4]  ; No output delay, min/max delays, false-path exceptions, or max skew assignments found ;
; saida_binario[5]  ; No output delay, min/max delays, false-path exceptions, or max skew assignments found ;
; saida_binario[6]  ; No output delay, min/max delays, false-path exceptions, or max skew assignments found ;
; saida_binario[7]  ; No output delay, min/max delays, false-path exceptions, or max skew assignments found ;
; saida_binario[8]  ; No output delay, min/max delays, false-path exceptions, or max skew assignments found ;
; saida_binario[9]  ; No output delay, min/max delays, false-path exceptions, or max skew assignments found ;
; saida_binario[10] ; No output delay, min/max delays, false-path exceptions, or max skew assignments found ;
; saida_binario[11] ; No output delay, min/max delays, false-path exceptions, or max skew assignments found ;
; saida_binario[12] ; No output delay, min/max delays, false-path exceptions, or max skew assignments found ;
; saida_binario[13] ; No output delay, min/max delays, false-path exceptions, or max skew assignments found ;
; saida_binario[14] ; No output delay, min/max delays, false-path exceptions, or max skew assignments found ;
; saida_binario[15] ; No output delay, min/max delays, false-path exceptions, or max skew assignments found ;
; saida_binario[16] ; No output delay, min/max delays, false-path exceptions, or max skew assignments found ;
; saida_binario[17] ; No output delay, min/max delays, false-path exceptions, or max skew assignments found ;
; saida_binario[18] ; No output delay, min/max delays, false-path exceptions, or max skew assignments found ;
; saida_binario[19] ; No output delay, min/max delays, false-path exceptions, or max skew assignments found ;
; saida_binario[20] ; No output delay, min/max delays, false-path exceptions, or max skew assignments found ;
; saida_binario[21] ; No output delay, min/max delays, false-path exceptions, or max skew assignments found ;
; saida_binario[22] ; No output delay, min/max delays, false-path exceptions, or max skew assignments found ;
; saida_binario[23] ; No output delay, min/max delays, false-path exceptions, or max skew assignments found ;
; saida_binario[24] ; No output delay, min/max delays, false-path exceptions, or max skew assignments found ;
; saida_binario[25] ; No output delay, min/max delays, false-path exceptions, or max skew assignments found ;
; saida_binario[26] ; No output delay, min/max delays, false-path exceptions, or max skew assignments found ;
; saida_binario[27] ; No output delay, min/max delays, false-path exceptions, or max skew assignments found ;
; saida_binario[28] ; No output delay, min/max delays, false-path exceptions, or max skew assignments found ;
; saida_binario[29] ; No output delay, min/max delays, false-path exceptions, or max skew assignments found ;
; saida_binario[30] ; No output delay, min/max delays, false-path exceptions, or max skew assignments found ;
; saida_binario[31] ; No output delay, min/max delays, false-path exceptions, or max skew assignments found ;
+-------------------+---------------------------------------------------------------------------------------+


+-----------------------------------------------------------------------------------------------------+
; Unconstrained Input Ports                                                                           ;
+--------------+--------------------------------------------------------------------------------------+
; Input Port   ; Comment                                                                              ;
+--------------+--------------------------------------------------------------------------------------+
; botaoEnter_n ; No input delay, min/max delays, false-path exceptions, or max skew assignments found ;
; reset_n      ; No input delay, min/max delays, false-path exceptions, or max skew assignments found ;
; switches[0]  ; No input delay, min/max delays, false-path exceptions, or max skew assignments found ;
; switches[1]  ; No input delay, min/max delays, false-path exceptions, or max skew assignments found ;
; switches[2]  ; No input delay, min/max delays, false-path exceptions, or max skew assignments found ;
; switches[3]  ; No input delay, min/max delays, false-path exceptions, or max skew assignments found ;
; switches[4]  ; No input delay, min/max delays, false-path exceptions, or max skew assignments found ;
; switches[5]  ; No input delay, min/max delays, false-path exceptions, or max skew assignments found ;
; switches[6]  ; No input delay, min/max delays, false-path exceptions, or max skew assignments found ;
; switches[7]  ; No input delay, min/max delays, false-path exceptions, or max skew assignments found ;
; switches[8]  ; No input delay, min/max delays, false-path exceptions, or max skew assignments found ;
; switches[9]  ; No input delay, min/max delays, false-path exceptions, or max skew assignments found ;
; switches[10] ; No input delay, min/max delays, false-path exceptions, or max skew assignments found ;
; switches[11] ; No input delay, min/max delays, false-path exceptions, or max skew assignments found ;
; switches[12] ; No input delay, min/max delays, false-path exceptions, or max skew assignments found ;
; switches[13] ; No input delay, min/max delays, false-path exceptions, or max skew assignments found ;
; switches[14] ; No input delay, min/max delays, false-path exceptions, or max skew assignments found ;
; switches[15] ; No input delay, min/max delays, false-path exceptions, or max skew assignments found ;
+--------------+--------------------------------------------------------------------------------------+


+-----------------------------------------------------------------------------------------------------------+
; Unconstrained Output Ports                                                                                ;
+-------------------+---------------------------------------------------------------------------------------+
; Output Port       ; Comment                                                                               ;
+-------------------+---------------------------------------------------------------------------------------+
; display0[0]       ; No output delay, min/max delays, false-path exceptions, or max skew assignments found ;
; display0[1]       ; No output delay, min/max delays, false-path exceptions, or max skew assignments found ;
; display0[2]       ; No output delay, min/max delays, false-path exceptions, or max skew assignments found ;
; display0[3]       ; No output delay, min/max delays, false-path exceptions, or max skew assignments found ;
; display0[4]       ; No output delay, min/max delays, false-path exceptions, or max skew assignments found ;
; display0[5]       ; No output delay, min/max delays, false-path exceptions, or max skew assignments found ;
; display0[6]       ; No output delay, min/max delays, false-path exceptions, or max skew assignments found ;
; display1[0]       ; No output delay, min/max delays, false-path exceptions, or max skew assignments found ;
; display1[1]       ; No output delay, min/max delays, false-path exceptions, or max skew assignments found ;
; display1[2]       ; No output delay, min/max delays, false-path exceptions, or max skew assignments found ;
; display1[3]       ; No output delay, min/max delays, false-path exceptions, or max skew assignments found ;
; display1[4]       ; No output delay, min/max delays, false-path exceptions, or max skew assignments found ;
; display1[5]       ; No output delay, min/max delays, false-path exceptions, or max skew assignments found ;
; display1[6]       ; No output delay, min/max delays, false-path exceptions, or max skew assignments found ;
; display2[0]       ; No output delay, min/max delays, false-path exceptions, or max skew assignments found ;
; display2[1]       ; No output delay, min/max delays, false-path exceptions, or max skew assignments found ;
; display2[2]       ; No output delay, min/max delays, false-path exceptions, or max skew assignments found ;
; display2[3]       ; No output delay, min/max delays, false-path exceptions, or max skew assignments found ;
; display2[4]       ; No output delay, min/max delays, false-path exceptions, or max skew assignments found ;
; display2[5]       ; No output delay, min/max delays, false-path exceptions, or max skew assignments found ;
; display2[6]       ; No output delay, min/max delays, false-path exceptions, or max skew assignments found ;
; display3[0]       ; No output delay, min/max delays, false-path exceptions, or max skew assignments found ;
; display3[3]       ; No output delay, min/max delays, false-path exceptions, or max skew assignments found ;
; display3[4]       ; No output delay, min/max delays, false-path exceptions, or max skew assignments found ;
; display3[5]       ; No output delay, min/max delays, false-path exceptions, or max skew assignments found ;
; display3[6]       ; No output delay, min/max delays, false-path exceptions, or max skew assignments found ;
; io_stall_flag     ; No output delay, min/max delays, false-path exceptions, or max skew assignments found ;
; led_negativo      ; No output delay, min/max delays, false-path exceptions, or max skew assignments found ;
; led_zero          ; No output delay, min/max delays, false-path exceptions, or max skew assignments found ;
; saida_binario[0]  ; No output delay, min/max delays, false-path exceptions, or max skew assignments found ;
; saida_binario[1]  ; No output delay, min/max delays, false-path exceptions, or max skew assignments found ;
; saida_binario[2]  ; No output delay, min/max delays, false-path exceptions, or max skew assignments found ;
; saida_binario[3]  ; No output delay, min/max delays, false-path exceptions, or max skew assignments found ;
; saida_binario[4]  ; No output delay, min/max delays, false-path exceptions, or max skew assignments found ;
; saida_binario[5]  ; No output delay, min/max delays, false-path exceptions, or max skew assignments found ;
; saida_binario[6]  ; No output delay, min/max delays, false-path exceptions, or max skew assignments found ;
; saida_binario[7]  ; No output delay, min/max delays, false-path exceptions, or max skew assignments found ;
; saida_binario[8]  ; No output delay, min/max delays, false-path exceptions, or max skew assignments found ;
; saida_binario[9]  ; No output delay, min/max delays, false-path exceptions, or max skew assignments found ;
; saida_binario[10] ; No output delay, min/max delays, false-path exceptions, or max skew assignments found ;
; saida_binario[11] ; No output delay, min/max delays, false-path exceptions, or max skew assignments found ;
; saida_binario[12] ; No output delay, min/max delays, false-path exceptions, or max skew assignments found ;
; saida_binario[13] ; No output delay, min/max delays, false-path exceptions, or max skew assignments found ;
; saida_binario[14] ; No output delay, min/max delays, false-path exceptions, or max skew assignments found ;
; saida_binario[15] ; No output delay, min/max delays, false-path exceptions, or max skew assignments found ;
; saida_binario[16] ; No output delay, min/max delays, false-path exceptions, or max skew assignments found ;
; saida_binario[17] ; No output delay, min/max delays, false-path exceptions, or max skew assignments found ;
; saida_binario[18] ; No output delay, min/max delays, false-path exceptions, or max skew assignments found ;
; saida_binario[19] ; No output delay, min/max delays, false-path exceptions, or max skew assignments found ;
; saida_binario[20] ; No output delay, min/max delays, false-path exceptions, or max skew assignments found ;
; saida_binario[21] ; No output delay, min/max delays, false-path exceptions, or max skew assignments found ;
; saida_binario[22] ; No output delay, min/max delays, false-path exceptions, or max skew assignments found ;
; saida_binario[23] ; No output delay, min/max delays, false-path exceptions, or max skew assignments found ;
; saida_binario[24] ; No output delay, min/max delays, false-path exceptions, or max skew assignments found ;
; saida_binario[25] ; No output delay, min/max delays, false-path exceptions, or max skew assignments found ;
; saida_binario[26] ; No output delay, min/max delays, false-path exceptions, or max skew assignments found ;
; saida_binario[27] ; No output delay, min/max delays, false-path exceptions, or max skew assignments found ;
; saida_binario[28] ; No output delay, min/max delays, false-path exceptions, or max skew assignments found ;
; saida_binario[29] ; No output delay, min/max delays, false-path exceptions, or max skew assignments found ;
; saida_binario[30] ; No output delay, min/max delays, false-path exceptions, or max skew assignments found ;
; saida_binario[31] ; No output delay, min/max delays, false-path exceptions, or max skew assignments found ;
+-------------------+---------------------------------------------------------------------------------------+


+--------------------------+
; Timing Analyzer Messages ;
+--------------------------+
Info: *******************************************************************
Info: Running Quartus Prime Timing Analyzer
    Info: Version 19.1.0 Build 670 09/22/2019 SJ Lite Edition
    Info: Processing started: Mon Jun 22 18:28:18 2026
Info: Command: quartus_sta AAV3 -c processador
Info: qsta_default_script.tcl version: #1
Warning (18236): Number of processors has not been specified which may cause overloading on shared machines.  Set the global assignment NUM_PARALLEL_PROCESSORS in your QSF to an appropriate value for best performance.
Info (20030): Parallel compilation is enabled and will use 12 of the 12 processors detected
Info (21077): Low junction temperature is 0 degrees C
Info (21077): High junction temperature is 85 degrees C
Info (332104): Reading SDC File: 'processador.sdc'
Warning (332060): Node: divisorClock:divisor_de_clock_inst|counter[10] was determined to be a clock but was found without an associated clock assignment.
    Info (13166): Register PC:pc_inst|atualPC[7] is being clocked by divisorClock:divisor_de_clock_inst|counter[10]
Critical Warning (332168): The following clock transfers have no clock uncertainty assignment. For more accurate results, apply clock uncertainty assignments or use the derive_clock_uncertainty command.
    Critical Warning (332169): From CLOCK_50 (Rise) to CLOCK_50 (Rise) (setup and hold)
Info: Found TIMING_ANALYZER_REPORT_SCRIPT_INCLUDE_DEFAULT_ANALYSIS = ON
Info: Analyzing Slow 1200mV 85C Model
Critical Warning (332148): Timing requirements not met
    Info (11105): For recommendations on closing timing, run Report Timing Closure Recommendations in the Timing Analyzer.
Info (332146): Worst-case setup slack is -114.404
    Info (332119):     Slack       End Point TNS Clock 
    Info (332119): ========= =================== =====================
    Info (332119):  -114.404            -114.404 CLOCK_50 
Info (332146): Worst-case hold slack is 0.641
    Info (332119):     Slack       End Point TNS Clock 
    Info (332119): ========= =================== =====================
    Info (332119):     0.641               0.000 CLOCK_50 
Info (332140): No Recovery paths to report
Info (332140): No Removal paths to report
Info (332146): Worst-case minimum pulse width slack is 9.628
    Info (332119):     Slack       End Point TNS Clock 
    Info (332119): ========= =================== =====================
    Info (332119):     9.628               0.000 CLOCK_50 
Info: Analyzing Slow 1200mV 0C Model
Info (334003): Started post-fitting delay annotation
Info (334004): Delay annotation completed successfully
Warning (332060): Node: divisorClock:divisor_de_clock_inst|counter[10] was determined to be a clock but was found without an associated clock assignment.
    Info (13166): Register PC:pc_inst|atualPC[7] is being clocked by divisorClock:divisor_de_clock_inst|counter[10]
Critical Warning (332168): The following clock transfers have no clock uncertainty assignment. For more accurate results, apply clock uncertainty assignments or use the derive_clock_uncertainty command.
    Critical Warning (332169): From CLOCK_50 (Rise) to CLOCK_50 (Rise) (setup and hold)
Critical Warning (332148): Timing requirements not met
    Info (11105): For recommendations on closing timing, run Report Timing Closure Recommendations in the Timing Analyzer.
Info (332146): Worst-case setup slack is -101.329
    Info (332119):     Slack       End Point TNS Clock 
    Info (332119): ========= =================== =====================
    Info (332119):  -101.329            -101.329 CLOCK_50 
Info (332146): Worst-case hold slack is 0.586
    Info (332119):     Slack       End Point TNS Clock 
    Info (332119): ========= =================== =====================
    Info (332119):     0.586               0.000 CLOCK_50 
Info (332140): No Recovery paths to report
Info (332140): No Removal paths to report
Info (332146): Worst-case minimum pulse width slack is 9.605
    Info (332119):     Slack       End Point TNS Clock 
    Info (332119): ========= =================== =====================
    Info (332119):     9.605               0.000 CLOCK_50 
Info: Analyzing Fast 1200mV 0C Model
Warning (332060): Node: divisorClock:divisor_de_clock_inst|counter[10] was determined to be a clock but was found without an associated clock assignment.
    Info (13166): Register PC:pc_inst|atualPC[7] is being clocked by divisorClock:divisor_de_clock_inst|counter[10]
Critical Warning (332168): The following clock transfers have no clock uncertainty assignment. For more accurate results, apply clock uncertainty assignments or use the derive_clock_uncertainty command.
    Critical Warning (332169): From CLOCK_50 (Rise) to CLOCK_50 (Rise) (setup and hold)
Critical Warning (332148): Timing requirements not met
    Info (11105): For recommendations on closing timing, run Report Timing Closure Recommendations in the Timing Analyzer.
Info (332146): Worst-case setup slack is -46.585
    Info (332119):     Slack       End Point TNS Clock 
    Info (332119): ========= =================== =====================
    Info (332119):   -46.585             -46.585 CLOCK_50 
Info (332146): Worst-case hold slack is 0.291
    Info (332119):     Slack       End Point TNS Clock 
    Info (332119): ========= =================== =====================
    Info (332119):     0.291               0.000 CLOCK_50 
Info (332140): No Recovery paths to report
Info (332140): No Removal paths to report
Info (332146): Worst-case minimum pulse width slack is 9.374
    Info (332119):     Slack       End Point TNS Clock 
    Info (332119): ========= =================== =====================
    Info (332119):     9.374               0.000 CLOCK_50 
Info (332102): Design is not fully constrained for setup requirements
Info (332102): Design is not fully constrained for hold requirements
Info: Quartus Prime Timing Analyzer was successful. 0 errors, 13 warnings
    Info: Peak virtual memory: 5012 megabytes
    Info: Processing ended: Mon Jun 22 18:28:23 2026
    Info: Elapsed time: 00:00:05
    Info: Total CPU time (on all processors): 00:00:05


