Fitter report for processador
Mon Jun 22 18:28:14 2026
Quartus Prime Version 19.1.0 Build 670 09/22/2019 SJ Lite Edition


---------------------
; Table of Contents ;
---------------------
  1. Legal Notice
  2. Fitter Summary
  3. Fitter Settings
  4. Parallel Compilation
  5. Incremental Compilation Preservation Summary
  6. Incremental Compilation Partition Settings
  7. Incremental Compilation Placement Preservation
  8. Pin-Out File
  9. Fitter Resource Usage Summary
 10. Fitter Partition Statistics
 11. Input Pins
 12. Output Pins
 13. Dual Purpose and Dedicated Pins
 14. I/O Bank Usage
 15. All Package Pins
 16. I/O Assignment Warnings
 17. Fitter Resource Utilization by Entity
 18. Delay Chain Summary
 19. Pad To Core Delay Chain Fanout
 20. Control Signals
 21. Global & Other Fast Signals
 22. Fitter RAM Summary
 23. |processador|memoriaROM:memoria_de_instrucao_inst|altsyncram:rom_rtl_0|altsyncram_7m71:auto_generated|ALTSYNCRAM
 24. Fitter DSP Block Usage Summary
 25. DSP Block Details
 26. Routing Usage Summary
 27. LAB Logic Elements
 28. LAB-wide Signals
 29. LAB Signals Sourced
 30. LAB Signals Sourced Out
 31. LAB Distinct Inputs
 32. I/O Rules Summary
 33. I/O Rules Details
 34. I/O Rules Matrix
 35. Fitter Device Options
 36. Operating Settings and Conditions
 37. Estimated Delay Added for Hold Timing Summary
 38. Estimated Delay Added for Hold Timing Details
 39. Fitter Messages
 40. Fitter Suppressed Messages



----------------
; Legal Notice ;
----------------
Copyright (C) 2019  Intel Corporation. All rights reserved.
Your use of Intel Corporation's design tools, logic functions 
and other software and tools, and any partner logic 
functions, and any output files from any of the foregoing 
(including device programming or simulation files), and any 
associated documentation or information are expressly subject 
to the terms and conditions of the Intel Program License 
Subscription Agreement, the Intel Quartus Prime License Agreement,
the Intel FPGA IP License Agreement, or other applicable license
agreement, including, without limitation, that your use is for
the sole purpose of programming logic devices manufactured by
Intel and sold by Intel or its authorized distributors.  Please
refer to the applicable agreement for further details, at
https://fpgasoftware.intel.com/eula.



+----------------------------------------------------------------------------------+
; Fitter Summary                                                                   ;
+------------------------------------+---------------------------------------------+
; Fitter Status                      ; Successful - Mon Jun 22 18:28:14 2026       ;
; Quartus Prime Version              ; 19.1.0 Build 670 09/22/2019 SJ Lite Edition ;
; Revision Name                      ; processador                                 ;
; Top-level Entity Name              ; processador                                 ;
; Family                             ; Cyclone IV E                                ;
; Device                             ; EP4CE115F29C7                               ;
; Timing Models                      ; Final                                       ;
; Total logic elements               ; 5,702 / 114,480 ( 5 % )                     ;
;     Total combinational functions  ; 5,603 / 114,480 ( 5 % )                     ;
;     Dedicated logic registers      ; 1,049 / 114,480 ( < 1 % )                   ;
; Total registers                    ; 1049                                        ;
; Total pins                         ; 82 / 529 ( 16 % )                           ;
; Total virtual pins                 ; 0                                           ;
; Total memory bits                  ; 16,384 / 3,981,312 ( < 1 % )                ;
; Embedded Multiplier 9-bit elements ; 6 / 532 ( 1 % )                             ;
; Total PLLs                         ; 0 / 4 ( 0 % )                               ;
+------------------------------------+---------------------------------------------+


+----------------------------------------------------------------------------------------------------------------------------------+
; Fitter Settings                                                                                                                  ;
+--------------------------------------------------------------------+---------------------+---------------------------------------+
; Option                                                             ; Setting             ; Default Value                         ;
+--------------------------------------------------------------------+---------------------+---------------------------------------+
; Device                                                             ; EP4CE115F29C7       ;                                       ;
; Nominal Core Supply Voltage                                        ; 1.2V                ;                                       ;
; Minimum Core Junction Temperature                                  ; 0                   ;                                       ;
; Maximum Core Junction Temperature                                  ; 85                  ;                                       ;
; Fit Attempts to Skip                                               ; 0                   ; 0.0                                   ;
; Reserve all unused pins                                            ; As input tri-stated ; As input tri-stated with weak pull-up ;
; Use smart compilation                                              ; Off                 ; Off                                   ;
; Enable parallel Assembler and Timing Analyzer during compilation   ; On                  ; On                                    ;
; Enable compact report table                                        ; Off                 ; Off                                   ;
; Auto Merge PLLs                                                    ; On                  ; On                                    ;
; Router Timing Optimization Level                                   ; Normal              ; Normal                                ;
; Perform Clocking Topology Analysis During Routing                  ; Off                 ; Off                                   ;
; Placement Effort Multiplier                                        ; 1.0                 ; 1.0                                   ;
; Router Effort Multiplier                                           ; 1.0                 ; 1.0                                   ;
; Optimize Hold Timing                                               ; All Paths           ; All Paths                             ;
; Optimize Multi-Corner Timing                                       ; On                  ; On                                    ;
; Power Optimization During Fitting                                  ; Normal compilation  ; Normal compilation                    ;
; SSN Optimization                                                   ; Off                 ; Off                                   ;
; Optimize Timing                                                    ; Normal compilation  ; Normal compilation                    ;
; Optimize Timing for ECOs                                           ; Off                 ; Off                                   ;
; Regenerate Full Fit Report During ECO Compiles                     ; Off                 ; Off                                   ;
; Optimize IOC Register Placement for Timing                         ; Normal              ; Normal                                ;
; Limit to One Fitting Attempt                                       ; Off                 ; Off                                   ;
; Final Placement Optimizations                                      ; Automatically       ; Automatically                         ;
; Fitter Aggressive Routability Optimizations                        ; Automatically       ; Automatically                         ;
; Fitter Initial Placement Seed                                      ; 1                   ; 1                                     ;
; Periphery to Core Placement and Routing Optimization               ; Off                 ; Off                                   ;
; PCI I/O                                                            ; Off                 ; Off                                   ;
; Weak Pull-Up Resistor                                              ; Off                 ; Off                                   ;
; Enable Bus-Hold Circuitry                                          ; Off                 ; Off                                   ;
; Auto Packed Registers                                              ; Auto                ; Auto                                  ;
; Auto Delay Chains                                                  ; On                  ; On                                    ;
; Auto Delay Chains for High Fanout Input Pins                       ; Off                 ; Off                                   ;
; Allow Single-ended Buffer for Differential-XSTL Input              ; Off                 ; Off                                   ;
; Treat Bidirectional Pin as Output Pin                              ; Off                 ; Off                                   ;
; Perform Physical Synthesis for Combinational Logic for Fitting     ; Off                 ; Off                                   ;
; Perform Physical Synthesis for Combinational Logic for Performance ; Off                 ; Off                                   ;
; Perform Register Duplication for Performance                       ; Off                 ; Off                                   ;
; Perform Logic to Memory Mapping for Fitting                        ; Off                 ; Off                                   ;
; Perform Register Retiming for Performance                          ; Off                 ; Off                                   ;
; Perform Asynchronous Signal Pipelining                             ; Off                 ; Off                                   ;
; Fitter Effort                                                      ; Auto Fit            ; Auto Fit                              ;
; Physical Synthesis Effort Level                                    ; Normal              ; Normal                                ;
; Logic Cell Insertion - Logic Duplication                           ; Auto                ; Auto                                  ;
; Auto Register Duplication                                          ; Auto                ; Auto                                  ;
; Auto Global Clock                                                  ; On                  ; On                                    ;
; Auto Global Register Control Signals                               ; On                  ; On                                    ;
; Synchronizer Identification                                        ; Auto                ; Auto                                  ;
; Enable Beneficial Skew Optimization                                ; On                  ; On                                    ;
; Optimize Design for Metastability                                  ; On                  ; On                                    ;
; Force Fitter to Avoid Periphery Placement Warnings                 ; Off                 ; Off                                   ;
; Enable input tri-state on active configuration pins in user mode   ; Off                 ; Off                                   ;
+--------------------------------------------------------------------+---------------------+---------------------------------------+


+------------------------------------------+
; Parallel Compilation                     ;
+----------------------------+-------------+
; Processors                 ; Number      ;
+----------------------------+-------------+
; Number detected on machine ; 12          ;
; Maximum allowed            ; 12          ;
;                            ;             ;
; Average used               ; 1.04        ;
; Maximum used               ; 12          ;
;                            ;             ;
; Usage by Processor         ; % Time Used ;
;     Processor 1            ; 100.0%      ;
;     Processor 2            ;   0.4%      ;
;     Processor 3            ;   0.4%      ;
;     Processor 4            ;   0.4%      ;
;     Processor 5            ;   0.4%      ;
;     Processor 6            ;   0.3%      ;
;     Processor 7            ;   0.3%      ;
;     Processor 8            ;   0.3%      ;
;     Processors 9-12        ;   0.3%      ;
+----------------------------+-------------+


+---------------------------------------------------------------------------------------------------+
; Incremental Compilation Preservation Summary                                                      ;
+---------------------+---------------------+----------------------------+--------------------------+
; Type                ; Total [A + B]       ; From Design Partitions [A] ; From Rapid Recompile [B] ;
+---------------------+---------------------+----------------------------+--------------------------+
; Placement (by node) ;                     ;                            ;                          ;
;     -- Requested    ; 0.00 % ( 0 / 6899 ) ; 0.00 % ( 0 / 6899 )        ; 0.00 % ( 0 / 6899 )      ;
;     -- Achieved     ; 0.00 % ( 0 / 6899 ) ; 0.00 % ( 0 / 6899 )        ; 0.00 % ( 0 / 6899 )      ;
;                     ;                     ;                            ;                          ;
; Routing (by net)    ;                     ;                            ;                          ;
;     -- Requested    ; 0.00 % ( 0 / 0 )    ; 0.00 % ( 0 / 0 )           ; 0.00 % ( 0 / 0 )         ;
;     -- Achieved     ; 0.00 % ( 0 / 0 )    ; 0.00 % ( 0 / 0 )           ; 0.00 % ( 0 / 0 )         ;
+---------------------+---------------------+----------------------------+--------------------------+


+----------------------------------------------------------------------------------------------------------------------------------------------------------------------------------------+
; Incremental Compilation Partition Settings                                                                                                                                             ;
+--------------------------------+----------------+-------------------+-------------------------+------------------------+------------------------------+--------------------------------+
; Partition Name                 ; Partition Type ; Netlist Type Used ; Preservation Level Used ; Netlist Type Requested ; Preservation Level Requested ; Contents                       ;
+--------------------------------+----------------+-------------------+-------------------------+------------------------+------------------------------+--------------------------------+
; Top                            ; User-created   ; Source File       ; N/A                     ; Source File            ; N/A                          ;                                ;
; hard_block:auto_generated_inst ; Auto-generated ; Source File       ; N/A                     ; Source File            ; N/A                          ; hard_block:auto_generated_inst ;
+--------------------------------+----------------+-------------------+-------------------------+------------------------+------------------------------+--------------------------------+


+------------------------------------------------------------------------------------------------------------------------------------+
; Incremental Compilation Placement Preservation                                                                                     ;
+--------------------------------+-----------------------+-------------------------+-------------------+---------------------+-------+
; Partition Name                 ; Preservation Achieved ; Preservation Level Used ; Netlist Type Used ; Preservation Method ; Notes ;
+--------------------------------+-----------------------+-------------------------+-------------------+---------------------+-------+
; Top                            ; 0.00 % ( 0 / 6889 )   ; N/A                     ; Source File       ; N/A                 ;       ;
; hard_block:auto_generated_inst ; 0.00 % ( 0 / 10 )     ; N/A                     ; Source File       ; N/A                 ;       ;
+--------------------------------+-----------------------+-------------------------+-------------------+---------------------+-------+


+--------------+
; Pin-Out File ;
+--------------+
The pin-out file can be found in C:/Users/breno/OneDrive/Documents/UNIFESP/Materias/LAB COMPILADORES/MIPSfuncional/MIPSfuncional_restored/output_files/processador.pin.


+----------------------------------------------------------------------------+
; Fitter Resource Usage Summary                                              ;
+---------------------------------------------+------------------------------+
; Resource                                    ; Usage                        ;
+---------------------------------------------+------------------------------+
; Total logic elements                        ; 5,702 / 114,480 ( 5 % )      ;
;     -- Combinational with no register       ; 4653                         ;
;     -- Register only                        ; 99                           ;
;     -- Combinational with a register        ; 950                          ;
;                                             ;                              ;
; Logic element usage by number of LUT inputs ;                              ;
;     -- 4 input functions                    ; 3099                         ;
;     -- 3 input functions                    ; 1532                         ;
;     -- <=2 input functions                  ; 972                          ;
;     -- Register only                        ; 99                           ;
;                                             ;                              ;
; Logic elements by mode                      ;                              ;
;     -- normal mode                          ; 4232                         ;
;     -- arithmetic mode                      ; 1371                         ;
;                                             ;                              ;
; Total registers*                            ; 1,049 / 117,053 ( < 1 % )    ;
;     -- Dedicated logic registers            ; 1,049 / 114,480 ( < 1 % )    ;
;     -- I/O registers                        ; 0 / 2,573 ( 0 % )            ;
;                                             ;                              ;
; Total LABs:  partially or completely used   ; 418 / 7,155 ( 6 % )          ;
; Virtual pins                                ; 0                            ;
; I/O pins                                    ; 82 / 529 ( 16 % )            ;
;     -- Clock pins                           ; 1 / 7 ( 14 % )               ;
;     -- Dedicated input pins                 ; 0 / 9 ( 0 % )                ;
;                                             ;                              ;
; M9Ks                                        ; 2 / 432 ( < 1 % )            ;
; Total block memory bits                     ; 16,384 / 3,981,312 ( < 1 % ) ;
; Total block memory implementation bits      ; 18,432 / 3,981,312 ( < 1 % ) ;
; Embedded Multiplier 9-bit elements          ; 6 / 532 ( 1 % )              ;
; PLLs                                        ; 0 / 4 ( 0 % )                ;
; Global signals                              ; 2                            ;
;     -- Global clocks                        ; 2 / 20 ( 10 % )              ;
; JTAGs                                       ; 0 / 1 ( 0 % )                ;
; CRC blocks                                  ; 0 / 1 ( 0 % )                ;
; ASMI blocks                                 ; 0 / 1 ( 0 % )                ;
; Oscillator blocks                           ; 0 / 1 ( 0 % )                ;
; Impedance control blocks                    ; 0 / 4 ( 0 % )                ;
; Average interconnect usage (total/H/V)      ; 3.2% / 3.1% / 3.4%           ;
; Peak interconnect usage (total/H/V)         ; 58.9% / 56.2% / 62.6%        ;
; Maximum fan-out                             ; 2127                         ;
; Highest non-global fan-out                  ; 231                          ;
; Total fan-out                               ; 21406                        ;
; Average fan-out                             ; 3.11                         ;
+---------------------------------------------+------------------------------+
*  Register count does not include registers inside RAM blocks or DSP blocks.



+--------------------------------------------------------------------------------------------------------+
; Fitter Partition Statistics                                                                            ;
+---------------------------------------------+-------------------------+--------------------------------+
; Statistic                                   ; Top                     ; hard_block:auto_generated_inst ;
+---------------------------------------------+-------------------------+--------------------------------+
; Difficulty Clustering Region                ; Low                     ; Low                            ;
;                                             ;                         ;                                ;
; Total logic elements                        ; 5702 / 114480 ( 5 % )   ; 0 / 114480 ( 0 % )             ;
;     -- Combinational with no register       ; 4653                    ; 0                              ;
;     -- Register only                        ; 99                      ; 0                              ;
;     -- Combinational with a register        ; 950                     ; 0                              ;
;                                             ;                         ;                                ;
; Logic element usage by number of LUT inputs ;                         ;                                ;
;     -- 4 input functions                    ; 3099                    ; 0                              ;
;     -- 3 input functions                    ; 1532                    ; 0                              ;
;     -- <=2 input functions                  ; 972                     ; 0                              ;
;     -- Register only                        ; 99                      ; 0                              ;
;                                             ;                         ;                                ;
; Logic elements by mode                      ;                         ;                                ;
;     -- normal mode                          ; 4232                    ; 0                              ;
;     -- arithmetic mode                      ; 1371                    ; 0                              ;
;                                             ;                         ;                                ;
; Total registers                             ; 1049                    ; 0                              ;
;     -- Dedicated logic registers            ; 1049 / 114480 ( < 1 % ) ; 0 / 114480 ( 0 % )             ;
;     -- I/O registers                        ; 0                       ; 0                              ;
;                                             ;                         ;                                ;
; Total LABs:  partially or completely used   ; 418 / 7155 ( 6 % )      ; 0 / 7155 ( 0 % )               ;
;                                             ;                         ;                                ;
; Virtual pins                                ; 0                       ; 0                              ;
; I/O pins                                    ; 82                      ; 0                              ;
; Embedded Multiplier 9-bit elements          ; 6 / 532 ( 1 % )         ; 0 / 532 ( 0 % )                ;
; Total memory bits                           ; 16384                   ; 0                              ;
; Total RAM block bits                        ; 18432                   ; 0                              ;
; M9K                                         ; 2 / 432 ( < 1 % )       ; 0 / 432 ( 0 % )                ;
; Clock control block                         ; 2 / 24 ( 8 % )          ; 0 / 24 ( 0 % )                 ;
;                                             ;                         ;                                ;
; Connections                                 ;                         ;                                ;
;     -- Input Connections                    ; 0                       ; 0                              ;
;     -- Registered Input Connections         ; 0                       ; 0                              ;
;     -- Output Connections                   ; 0                       ; 0                              ;
;     -- Registered Output Connections        ; 0                       ; 0                              ;
;                                             ;                         ;                                ;
; Internal Connections                        ;                         ;                                ;
;     -- Total Connections                    ; 22199                   ; 5                              ;
;     -- Registered Connections               ; 2095                    ; 0                              ;
;                                             ;                         ;                                ;
; External Connections                        ;                         ;                                ;
;     -- Top                                  ; 0                       ; 0                              ;
;     -- hard_block:auto_generated_inst       ; 0                       ; 0                              ;
;                                             ;                         ;                                ;
; Partition Interface                         ;                         ;                                ;
;     -- Input Ports                          ; 19                      ; 0                              ;
;     -- Output Ports                         ; 63                      ; 0                              ;
;     -- Bidir Ports                          ; 0                       ; 0                              ;
;                                             ;                         ;                                ;
; Registered Ports                            ;                         ;                                ;
;     -- Registered Input Ports               ; 0                       ; 0                              ;
;     -- Registered Output Ports              ; 0                       ; 0                              ;
;                                             ;                         ;                                ;
; Port Connectivity                           ;                         ;                                ;
;     -- Input Ports driven by GND            ; 0                       ; 0                              ;
;     -- Output Ports driven by GND           ; 0                       ; 0                              ;
;     -- Input Ports driven by VCC            ; 0                       ; 0                              ;
;     -- Output Ports driven by VCC           ; 0                       ; 0                              ;
;     -- Input Ports with no Source           ; 0                       ; 0                              ;
;     -- Output Ports with no Source          ; 0                       ; 0                              ;
;     -- Input Ports with no Fanout           ; 0                       ; 0                              ;
;     -- Output Ports with no Fanout          ; 0                       ; 0                              ;
+---------------------------------------------+-------------------------+--------------------------------+


+-----------------------------------------------------------------------------------------------------------------------------------------------------------------------------------------------------------------------------------------------------------------------------------------------+
; Input Pins                                                                                                                                                                                                                                                                                    ;
+--------------+-------+----------+--------------+--------------+--------------+-----------------------+--------------------+--------+----------------+---------------+-----------------+----------+--------------+--------------+---------------------------+----------------------+-----------+
; Name         ; Pin # ; I/O Bank ; X coordinate ; Y coordinate ; Z coordinate ; Combinational Fan-Out ; Registered Fan-Out ; Global ; Input Register ; Power Up High ; PCI I/O Enabled ; Bus Hold ; Weak Pull Up ; I/O Standard ; Termination Control Block ; Location assigned by ; Slew Rate ;
+--------------+-------+----------+--------------+--------------+--------------+-----------------------+--------------------+--------+----------------+---------------+-----------------+----------+--------------+--------------+---------------------------+----------------------+-----------+
; botaoEnter_n ; M23   ; 6        ; 115          ; 40           ; 7            ; 1                     ; 0                  ; no     ; no             ; no            ; yes             ; no       ; Off          ; 2.5 V        ; --                        ; User                 ; no        ;
; clock        ; Y2    ; 2        ; 0            ; 36           ; 14           ; 25                    ; 0                  ; yes    ; no             ; no            ; yes             ; no       ; Off          ; 2.5 V        ; --                        ; User                 ; no        ;
; reset_n      ; R24   ; 5        ; 115          ; 35           ; 21           ; 95                    ; 0                  ; no     ; no             ; no            ; yes             ; no       ; Off          ; 2.5 V        ; --                        ; User                 ; no        ;
; switches[0]  ; AB28  ; 5        ; 115          ; 17           ; 0            ; 1                     ; 0                  ; no     ; no             ; no            ; yes             ; no       ; Off          ; 2.5 V        ; --                        ; User                 ; no        ;
; switches[10] ; AC24  ; 5        ; 115          ; 4            ; 14           ; 1                     ; 0                  ; no     ; no             ; no            ; yes             ; no       ; Off          ; 2.5 V        ; --                        ; User                 ; no        ;
; switches[11] ; AB24  ; 5        ; 115          ; 5            ; 14           ; 1                     ; 0                  ; no     ; no             ; no            ; yes             ; no       ; Off          ; 2.5 V        ; --                        ; User                 ; no        ;
; switches[12] ; AB23  ; 5        ; 115          ; 7            ; 14           ; 1                     ; 0                  ; no     ; no             ; no            ; yes             ; no       ; Off          ; 2.5 V        ; --                        ; User                 ; no        ;
; switches[13] ; AA24  ; 5        ; 115          ; 9            ; 21           ; 1                     ; 0                  ; no     ; no             ; no            ; yes             ; no       ; Off          ; 2.5 V        ; --                        ; User                 ; no        ;
; switches[14] ; AA23  ; 5        ; 115          ; 10           ; 7            ; 1                     ; 0                  ; no     ; no             ; no            ; yes             ; no       ; Off          ; 2.5 V        ; --                        ; User                 ; no        ;
; switches[15] ; AA22  ; 5        ; 115          ; 6            ; 14           ; 1                     ; 0                  ; no     ; no             ; no            ; yes             ; no       ; Off          ; 2.5 V        ; --                        ; User                 ; no        ;
; switches[1]  ; AC28  ; 5        ; 115          ; 14           ; 0            ; 1                     ; 0                  ; no     ; no             ; no            ; yes             ; no       ; Off          ; 2.5 V        ; --                        ; User                 ; no        ;
; switches[2]  ; AC27  ; 5        ; 115          ; 15           ; 7            ; 1                     ; 0                  ; no     ; no             ; no            ; yes             ; no       ; Off          ; 2.5 V        ; --                        ; User                 ; no        ;
; switches[3]  ; AD27  ; 5        ; 115          ; 13           ; 7            ; 1                     ; 0                  ; no     ; no             ; no            ; yes             ; no       ; Off          ; 2.5 V        ; --                        ; User                 ; no        ;
; switches[4]  ; AB27  ; 5        ; 115          ; 18           ; 7            ; 1                     ; 0                  ; no     ; no             ; no            ; yes             ; no       ; Off          ; 2.5 V        ; --                        ; User                 ; no        ;
; switches[5]  ; AC26  ; 5        ; 115          ; 11           ; 7            ; 1                     ; 0                  ; no     ; no             ; no            ; yes             ; no       ; Off          ; 2.5 V        ; --                        ; User                 ; no        ;
; switches[6]  ; AD26  ; 5        ; 115          ; 10           ; 0            ; 1                     ; 0                  ; no     ; no             ; no            ; yes             ; no       ; Off          ; 2.5 V        ; --                        ; User                 ; no        ;
; switches[7]  ; AB26  ; 5        ; 115          ; 15           ; 0            ; 1                     ; 0                  ; no     ; no             ; no            ; yes             ; no       ; Off          ; 2.5 V        ; --                        ; User                 ; no        ;
; switches[8]  ; AC25  ; 5        ; 115          ; 4            ; 21           ; 1                     ; 0                  ; no     ; no             ; no            ; yes             ; no       ; Off          ; 2.5 V        ; --                        ; User                 ; no        ;
; switches[9]  ; AB25  ; 5        ; 115          ; 16           ; 7            ; 1                     ; 0                  ; no     ; no             ; no            ; yes             ; no       ; Off          ; 2.5 V        ; --                        ; User                 ; no        ;
+--------------+-------+----------+--------------+--------------+--------------+-----------------------+--------------------+--------+----------------+---------------+-----------------+----------+--------------+--------------+---------------------------+----------------------+-----------+


+--------------------------------------------------------------------------------------------------------------------------------------------------------------------------------------------------------------------------------------------------------------------------------------------------------------------------------------------------------------------------------------------------------------------------------------------------------------------+
; Output Pins                                                                                                                                                                                                                                                                                                                                                                                                                                                        ;
+-------------------+-------+----------+--------------+--------------+--------------+-----------------+------------------------+---------------+-----------+-----------------+------------+---------------+----------+--------------+--------------+------------------+-----------------------------------+---------------------------+----------------------------+-----------------------------+----------------------+----------------------+---------------------+
; Name              ; Pin # ; I/O Bank ; X coordinate ; Y coordinate ; Z coordinate ; Output Register ; Output Enable Register ; Power Up High ; Slew Rate ; PCI I/O Enabled ; Open Drain ; TRI Primitive ; Bus Hold ; Weak Pull Up ; I/O Standard ; Current Strength ; Termination                       ; Termination Control Block ; Output Buffer Pre-emphasis ; Voltage Output Differential ; Location assigned by ; Output Enable Source ; Output Enable Group ;
+-------------------+-------+----------+--------------+--------------+--------------+-----------------+------------------------+---------------+-----------+-----------------+------------+---------------+----------+--------------+--------------+------------------+-----------------------------------+---------------------------+----------------------------+-----------------------------+----------------------+----------------------+---------------------+
; display0[0]       ; G18   ; 7        ; 69           ; 73           ; 21           ; no              ; no                     ; no            ; 2         ; no              ; no         ; no            ; no       ; Off          ; 2.5 V        ; Default          ; Series 50 Ohm without Calibration ; --                        ; no                         ; no                          ; User                 ; -                    ; -                   ;
; display0[1]       ; F22   ; 7        ; 107          ; 73           ; 21           ; no              ; no                     ; no            ; 2         ; no              ; no         ; no            ; no       ; Off          ; 2.5 V        ; Default          ; Series 50 Ohm without Calibration ; --                        ; no                         ; no                          ; User                 ; -                    ; -                   ;
; display0[2]       ; E17   ; 7        ; 67           ; 73           ; 21           ; no              ; no                     ; no            ; 2         ; no              ; no         ; no            ; no       ; Off          ; 2.5 V        ; Default          ; Series 50 Ohm without Calibration ; --                        ; no                         ; no                          ; User                 ; -                    ; -                   ;
; display0[3]       ; L26   ; 6        ; 115          ; 50           ; 0            ; no              ; no                     ; no            ; 2         ; no              ; no         ; no            ; no       ; Off          ; 2.5 V        ; Default          ; Series 50 Ohm without Calibration ; --                        ; no                         ; no                          ; User                 ; -                    ; -                   ;
; display0[4]       ; L25   ; 6        ; 115          ; 54           ; 14           ; no              ; no                     ; no            ; 2         ; no              ; no         ; no            ; no       ; Off          ; 2.5 V        ; Default          ; Series 50 Ohm without Calibration ; --                        ; no                         ; no                          ; User                 ; -                    ; -                   ;
; display0[5]       ; J22   ; 6        ; 115          ; 67           ; 14           ; no              ; no                     ; no            ; 2         ; no              ; no         ; no            ; no       ; Off          ; 2.5 V        ; Default          ; Series 50 Ohm without Calibration ; --                        ; no                         ; no                          ; User                 ; -                    ; -                   ;
; display0[6]       ; H22   ; 6        ; 115          ; 69           ; 0            ; no              ; no                     ; no            ; 2         ; no              ; no         ; no            ; no       ; Off          ; 2.5 V        ; Default          ; Series 50 Ohm without Calibration ; --                        ; no                         ; no                          ; User                 ; -                    ; -                   ;
; display1[0]       ; M24   ; 6        ; 115          ; 41           ; 0            ; no              ; no                     ; no            ; 2         ; no              ; no         ; no            ; no       ; Off          ; 2.5 V        ; Default          ; Series 50 Ohm without Calibration ; --                        ; no                         ; no                          ; User                 ; -                    ; -                   ;
; display1[1]       ; Y22   ; 5        ; 115          ; 30           ; 7            ; no              ; no                     ; no            ; 2         ; no              ; no         ; no            ; no       ; Off          ; 2.5 V        ; Default          ; Series 50 Ohm without Calibration ; --                        ; no                         ; no                          ; User                 ; -                    ; -                   ;
; display1[2]       ; W21   ; 5        ; 115          ; 25           ; 21           ; no              ; no                     ; no            ; 2         ; no              ; no         ; no            ; no       ; Off          ; 2.5 V        ; Default          ; Series 50 Ohm without Calibration ; --                        ; no                         ; no                          ; User                 ; -                    ; -                   ;
; display1[3]       ; W22   ; 5        ; 115          ; 30           ; 0            ; no              ; no                     ; no            ; 2         ; no              ; no         ; no            ; no       ; Off          ; 2.5 V        ; Default          ; Series 50 Ohm without Calibration ; --                        ; no                         ; no                          ; User                 ; -                    ; -                   ;
; display1[4]       ; W25   ; 5        ; 115          ; 20           ; 7            ; no              ; no                     ; no            ; 2         ; no              ; no         ; no            ; no       ; Off          ; 2.5 V        ; Default          ; Series 50 Ohm without Calibration ; --                        ; no                         ; no                          ; User                 ; -                    ; -                   ;
; display1[5]       ; U23   ; 5        ; 115          ; 22           ; 0            ; no              ; no                     ; no            ; 2         ; no              ; no         ; no            ; no       ; Off          ; 2.5 V        ; Default          ; Series 50 Ohm without Calibration ; --                        ; no                         ; no                          ; User                 ; -                    ; -                   ;
; display1[6]       ; U24   ; 5        ; 115          ; 28           ; 7            ; no              ; no                     ; no            ; 2         ; no              ; no         ; no            ; no       ; Off          ; 2.5 V        ; Default          ; Series 50 Ohm without Calibration ; --                        ; no                         ; no                          ; User                 ; -                    ; -                   ;
; display2[0]       ; AA25  ; 5        ; 115          ; 17           ; 7            ; no              ; no                     ; no            ; 2         ; no              ; no         ; no            ; no       ; Off          ; 2.5 V        ; Default          ; Series 50 Ohm without Calibration ; --                        ; no                         ; no                          ; User                 ; -                    ; -                   ;
; display2[1]       ; AA26  ; 5        ; 115          ; 16           ; 0            ; no              ; no                     ; no            ; 2         ; no              ; no         ; no            ; no       ; Off          ; 2.5 V        ; Default          ; Series 50 Ohm without Calibration ; --                        ; no                         ; no                          ; User                 ; -                    ; -                   ;
; display2[2]       ; Y25   ; 5        ; 115          ; 19           ; 7            ; no              ; no                     ; no            ; 2         ; no              ; no         ; no            ; no       ; Off          ; 2.5 V        ; Default          ; Series 50 Ohm without Calibration ; --                        ; no                         ; no                          ; User                 ; -                    ; -                   ;
; display2[3]       ; W26   ; 5        ; 115          ; 19           ; 0            ; no              ; no                     ; no            ; 2         ; no              ; no         ; no            ; no       ; Off          ; 2.5 V        ; Default          ; Series 50 Ohm without Calibration ; --                        ; no                         ; no                          ; User                 ; -                    ; -                   ;
; display2[4]       ; Y26   ; 5        ; 115          ; 18           ; 0            ; no              ; no                     ; no            ; 2         ; no              ; no         ; no            ; no       ; Off          ; 2.5 V        ; Default          ; Series 50 Ohm without Calibration ; --                        ; no                         ; no                          ; User                 ; -                    ; -                   ;
; display2[5]       ; W27   ; 5        ; 115          ; 20           ; 0            ; no              ; no                     ; no            ; 2         ; no              ; no         ; no            ; no       ; Off          ; 2.5 V        ; Default          ; Series 50 Ohm without Calibration ; --                        ; no                         ; no                          ; User                 ; -                    ; -                   ;
; display2[6]       ; W28   ; 5        ; 115          ; 21           ; 14           ; no              ; no                     ; no            ; 2         ; no              ; no         ; no            ; no       ; Off          ; 2.5 V        ; Default          ; Series 50 Ohm without Calibration ; --                        ; no                         ; no                          ; User                 ; -                    ; -                   ;
; display3[0]       ; V21   ; 5        ; 115          ; 25           ; 14           ; no              ; no                     ; no            ; 2         ; no              ; no         ; no            ; no       ; Off          ; 2.5 V        ; Default          ; Series 50 Ohm without Calibration ; --                        ; no                         ; no                          ; User                 ; -                    ; -                   ;
; display3[1]       ; U21   ; 5        ; 115          ; 29           ; 0            ; no              ; no                     ; no            ; 2         ; no              ; no         ; no            ; no       ; Off          ; 2.5 V        ; Default          ; Series 50 Ohm without Calibration ; --                        ; no                         ; no                          ; User                 ; -                    ; -                   ;
; display3[2]       ; AB20  ; 4        ; 100          ; 0            ; 0            ; no              ; no                     ; no            ; 2         ; no              ; no         ; no            ; no       ; Off          ; 2.5 V        ; Default          ; Series 50 Ohm without Calibration ; --                        ; no                         ; no                          ; User                 ; -                    ; -                   ;
; display3[3]       ; AA21  ; 4        ; 111          ; 0            ; 0            ; no              ; no                     ; no            ; 2         ; no              ; no         ; no            ; no       ; Off          ; 2.5 V        ; Default          ; Series 50 Ohm without Calibration ; --                        ; no                         ; no                          ; User                 ; -                    ; -                   ;
; display3[4]       ; AD24  ; 4        ; 105          ; 0            ; 21           ; no              ; no                     ; no            ; 2         ; no              ; no         ; no            ; no       ; Off          ; 2.5 V        ; Default          ; Series 50 Ohm without Calibration ; --                        ; no                         ; no                          ; User                 ; -                    ; -                   ;
; display3[5]       ; AF23  ; 4        ; 105          ; 0            ; 7            ; no              ; no                     ; no            ; 2         ; no              ; no         ; no            ; no       ; Off          ; 2.5 V        ; Default          ; Series 50 Ohm without Calibration ; --                        ; no                         ; no                          ; User                 ; -                    ; -                   ;
; display3[6]       ; Y19   ; 4        ; 105          ; 0            ; 0            ; no              ; no                     ; no            ; 2         ; no              ; no         ; no            ; no       ; Off          ; 2.5 V        ; Default          ; Series 50 Ohm without Calibration ; --                        ; no                         ; no                          ; User                 ; -                    ; -                   ;
; io_stall_flag     ; F17   ; 7        ; 67           ; 73           ; 14           ; no              ; no                     ; no            ; 2         ; no              ; no         ; no            ; no       ; Off          ; 2.5 V        ; Default          ; Series 50 Ohm without Calibration ; --                        ; no                         ; no                          ; User                 ; -                    ; -                   ;
; led_negativo      ; E22   ; 7        ; 111          ; 73           ; 7            ; no              ; no                     ; no            ; 2         ; no              ; no         ; no            ; no       ; Off          ; 2.5 V        ; Default          ; Series 50 Ohm without Calibration ; --                        ; no                         ; no                          ; User                 ; -                    ; -                   ;
; led_zero          ; E21   ; 7        ; 107          ; 73           ; 7            ; no              ; no                     ; no            ; 2         ; no              ; no         ; no            ; no       ; Off          ; 2.5 V        ; Default          ; Series 50 Ohm without Calibration ; --                        ; no                         ; no                          ; User                 ; -                    ; -                   ;
; saida_binario[0]  ; G19   ; 7        ; 69           ; 73           ; 14           ; no              ; no                     ; no            ; 2         ; no              ; no         ; no            ; no       ; Off          ; 2.5 V        ; Default          ; Series 50 Ohm without Calibration ; --                        ; no                         ; no                          ; User                 ; -                    ; -                   ;
; saida_binario[10] ; J15   ; 7        ; 60           ; 73           ; 21           ; no              ; no                     ; no            ; 2         ; no              ; no         ; no            ; no       ; Off          ; 2.5 V        ; Default          ; Series 50 Ohm without Calibration ; --                        ; no                         ; no                          ; User                 ; -                    ; -                   ;
; saida_binario[11] ; H16   ; 7        ; 65           ; 73           ; 21           ; no              ; no                     ; no            ; 2         ; no              ; no         ; no            ; no       ; Off          ; 2.5 V        ; Default          ; Series 50 Ohm without Calibration ; --                        ; no                         ; no                          ; User                 ; -                    ; -                   ;
; saida_binario[12] ; J16   ; 7        ; 65           ; 73           ; 14           ; no              ; no                     ; no            ; 2         ; no              ; no         ; no            ; no       ; Off          ; 2.5 V        ; Default          ; Series 50 Ohm without Calibration ; --                        ; no                         ; no                          ; User                 ; -                    ; -                   ;
; saida_binario[13] ; H17   ; 7        ; 67           ; 73           ; 7            ; no              ; no                     ; no            ; 2         ; no              ; no         ; no            ; no       ; Off          ; 2.5 V        ; Default          ; Series 50 Ohm without Calibration ; --                        ; no                         ; no                          ; User                 ; -                    ; -                   ;
; saida_binario[14] ; F15   ; 7        ; 58           ; 73           ; 0            ; no              ; no                     ; no            ; 2         ; no              ; no         ; no            ; no       ; Off          ; 2.5 V        ; Default          ; Series 50 Ohm without Calibration ; --                        ; no                         ; no                          ; User                 ; -                    ; -                   ;
; saida_binario[15] ; G15   ; 7        ; 65           ; 73           ; 7            ; no              ; no                     ; no            ; 2         ; no              ; no         ; no            ; no       ; Off          ; 2.5 V        ; Default          ; Series 50 Ohm without Calibration ; --                        ; no                         ; no                          ; User                 ; -                    ; -                   ;
; saida_binario[16] ; G16   ; 7        ; 67           ; 73           ; 0            ; no              ; no                     ; no            ; 2         ; no              ; no         ; no            ; no       ; Off          ; 2.5 V        ; Default          ; Series 50 Ohm without Calibration ; --                        ; no                         ; no                          ; User                 ; -                    ; -                   ;
; saida_binario[17] ; H15   ; 7        ; 60           ; 73           ; 14           ; no              ; no                     ; no            ; 2         ; no              ; no         ; no            ; no       ; Off          ; 2.5 V        ; Default          ; Series 50 Ohm without Calibration ; --                        ; no                         ; no                          ; User                 ; -                    ; -                   ;
; saida_binario[18] ; C13   ; 8        ; 54           ; 73           ; 0            ; no              ; no                     ; no            ; 2         ; no              ; no         ; no            ; no       ; Off          ; 2.5 V        ; Default          ; Series 50 Ohm without Calibration ; --                        ; no                         ; no                          ; Fitter               ; -                    ; -                   ;
; saida_binario[19] ; D15   ; 7        ; 58           ; 73           ; 21           ; no              ; no                     ; no            ; 2         ; no              ; no         ; no            ; no       ; Off          ; 2.5 V        ; Default          ; Series 50 Ohm without Calibration ; --                        ; no                         ; no                          ; Fitter               ; -                    ; -                   ;
; saida_binario[1]  ; F19   ; 7        ; 94           ; 73           ; 0            ; no              ; no                     ; no            ; 2         ; no              ; no         ; no            ; no       ; Off          ; 2.5 V        ; Default          ; Series 50 Ohm without Calibration ; --                        ; no                         ; no                          ; User                 ; -                    ; -                   ;
; saida_binario[20] ; E15   ; 7        ; 58           ; 73           ; 7            ; no              ; no                     ; no            ; 2         ; no              ; no         ; no            ; no       ; Off          ; 2.5 V        ; Default          ; Series 50 Ohm without Calibration ; --                        ; no                         ; no                          ; Fitter               ; -                    ; -                   ;
; saida_binario[21] ; L24   ; 6        ; 115          ; 48           ; 0            ; no              ; no                     ; no            ; 2         ; no              ; no         ; no            ; no       ; Off          ; 2.5 V        ; Default          ; Series 50 Ohm without Calibration ; --                        ; no                         ; no                          ; Fitter               ; -                    ; -                   ;
; saida_binario[22] ; C15   ; 7        ; 58           ; 73           ; 14           ; no              ; no                     ; no            ; 2         ; no              ; no         ; no            ; no       ; Off          ; 2.5 V        ; Default          ; Series 50 Ohm without Calibration ; --                        ; no                         ; no                          ; Fitter               ; -                    ; -                   ;
; saida_binario[23] ; K28   ; 6        ; 115          ; 49           ; 0            ; no              ; no                     ; no            ; 2         ; no              ; no         ; no            ; no       ; Off          ; 2.5 V        ; Default          ; Series 50 Ohm without Calibration ; --                        ; no                         ; no                          ; Fitter               ; -                    ; -                   ;
; saida_binario[24] ; B17   ; 7        ; 60           ; 73           ; 7            ; no              ; no                     ; no            ; 2         ; no              ; no         ; no            ; no       ; Off          ; 2.5 V        ; Default          ; Series 50 Ohm without Calibration ; --                        ; no                         ; no                          ; Fitter               ; -                    ; -                   ;
; saida_binario[25] ; D14   ; 8        ; 52           ; 73           ; 7            ; no              ; no                     ; no            ; 2         ; no              ; no         ; no            ; no       ; Off          ; 2.5 V        ; Default          ; Series 50 Ohm without Calibration ; --                        ; no                         ; no                          ; Fitter               ; -                    ; -                   ;
; saida_binario[26] ; D13   ; 8        ; 54           ; 73           ; 7            ; no              ; no                     ; no            ; 2         ; no              ; no         ; no            ; no       ; Off          ; 2.5 V        ; Default          ; Series 50 Ohm without Calibration ; --                        ; no                         ; no                          ; Fitter               ; -                    ; -                   ;
; saida_binario[27] ; P27   ; 6        ; 115          ; 44           ; 7            ; no              ; no                     ; no            ; 2         ; no              ; no         ; no            ; no       ; Off          ; 2.5 V        ; Default          ; Series 50 Ohm without Calibration ; --                        ; no                         ; no                          ; Fitter               ; -                    ; -                   ;
; saida_binario[28] ; A17   ; 7        ; 60           ; 73           ; 0            ; no              ; no                     ; no            ; 2         ; no              ; no         ; no            ; no       ; Off          ; 2.5 V        ; Default          ; Series 50 Ohm without Calibration ; --                        ; no                         ; no                          ; Fitter               ; -                    ; -                   ;
; saida_binario[29] ; N21   ; 6        ; 115          ; 42           ; 14           ; no              ; no                     ; no            ; 2         ; no              ; no         ; no            ; no       ; Off          ; 2.5 V        ; Default          ; Series 50 Ohm without Calibration ; --                        ; no                         ; no                          ; Fitter               ; -                    ; -                   ;
; saida_binario[2]  ; E19   ; 7        ; 94           ; 73           ; 7            ; no              ; no                     ; no            ; 2         ; no              ; no         ; no            ; no       ; Off          ; 2.5 V        ; Default          ; Series 50 Ohm without Calibration ; --                        ; no                         ; no                          ; User                 ; -                    ; -                   ;
; saida_binario[30] ; P25   ; 6        ; 115          ; 41           ; 7            ; no              ; no                     ; no            ; 2         ; no              ; no         ; no            ; no       ; Off          ; 2.5 V        ; Default          ; Series 50 Ohm without Calibration ; --                        ; no                         ; no                          ; Fitter               ; -                    ; -                   ;
; saida_binario[31] ; C14   ; 8        ; 52           ; 73           ; 0            ; no              ; no                     ; no            ; 2         ; no              ; no         ; no            ; no       ; Off          ; 2.5 V        ; Default          ; Series 50 Ohm without Calibration ; --                        ; no                         ; no                          ; Fitter               ; -                    ; -                   ;
; saida_binario[3]  ; F21   ; 7        ; 107          ; 73           ; 14           ; no              ; no                     ; no            ; 2         ; no              ; no         ; no            ; no       ; Off          ; 2.5 V        ; Default          ; Series 50 Ohm without Calibration ; --                        ; no                         ; no                          ; User                 ; -                    ; -                   ;
; saida_binario[4]  ; F18   ; 7        ; 87           ; 73           ; 14           ; no              ; no                     ; no            ; 2         ; no              ; no         ; no            ; no       ; Off          ; 2.5 V        ; Default          ; Series 50 Ohm without Calibration ; --                        ; no                         ; no                          ; User                 ; -                    ; -                   ;
; saida_binario[5]  ; E18   ; 7        ; 87           ; 73           ; 7            ; no              ; no                     ; no            ; 2         ; no              ; no         ; no            ; no       ; Off          ; 2.5 V        ; Default          ; Series 50 Ohm without Calibration ; --                        ; no                         ; no                          ; User                 ; -                    ; -                   ;
; saida_binario[6]  ; J19   ; 7        ; 72           ; 73           ; 7            ; no              ; no                     ; no            ; 2         ; no              ; no         ; no            ; no       ; Off          ; 2.5 V        ; Default          ; Series 50 Ohm without Calibration ; --                        ; no                         ; no                          ; User                 ; -                    ; -                   ;
; saida_binario[7]  ; H19   ; 7        ; 72           ; 73           ; 0            ; no              ; no                     ; no            ; 2         ; no              ; no         ; no            ; no       ; Off          ; 2.5 V        ; Default          ; Series 50 Ohm without Calibration ; --                        ; no                         ; no                          ; User                 ; -                    ; -                   ;
; saida_binario[8]  ; J17   ; 7        ; 69           ; 73           ; 0            ; no              ; no                     ; no            ; 2         ; no              ; no         ; no            ; no       ; Off          ; 2.5 V        ; Default          ; Series 50 Ohm without Calibration ; --                        ; no                         ; no                          ; User                 ; -                    ; -                   ;
; saida_binario[9]  ; G17   ; 7        ; 83           ; 73           ; 21           ; no              ; no                     ; no            ; 2         ; no              ; no         ; no            ; no       ; Off          ; 2.5 V        ; Default          ; Series 50 Ohm without Calibration ; --                        ; no                         ; no                          ; User                 ; -                    ; -                   ;
+-------------------+-------+----------+--------------+--------------+--------------+-----------------+------------------------+---------------+-----------+-----------------+------------+---------------+----------+--------------+--------------+------------------+-----------------------------------+---------------------------+----------------------------+-----------------------------+----------------------+----------------------+---------------------+


+------------------------------------------------------------------------------------------------------------------------------------+
; Dual Purpose and Dedicated Pins                                                                                                    ;
+----------+----------------------------------------+--------------------------+-------------------------+---------------------------+
; Location ; Pin Name                               ; Reserved As              ; User Signal Name        ; Pin Type                  ;
+----------+----------------------------------------+--------------------------+-------------------------+---------------------------+
; F4       ; DIFFIO_L5n, DATA1, ASDO                ; As input tri-stated      ; ~ALTERA_ASDO_DATA1~     ; Dual Purpose Pin          ;
; E2       ; DIFFIO_L8p, FLASH_nCE, nCSO            ; As input tri-stated      ; ~ALTERA_FLASH_nCE_nCSO~ ; Dual Purpose Pin          ;
; M6       ; nSTATUS                                ; -                        ; -                       ; Dedicated Programming Pin ;
; P3       ; DCLK                                   ; As output driving ground ; ~ALTERA_DCLK~           ; Dual Purpose Pin          ;
; N7       ; DATA0                                  ; As input tri-stated      ; ~ALTERA_DATA0~          ; Dual Purpose Pin          ;
; P4       ; nCONFIG                                ; -                        ; -                       ; Dedicated Programming Pin ;
; R8       ; nCE                                    ; -                        ; -                       ; Dedicated Programming Pin ;
; P24      ; CONF_DONE                              ; -                        ; -                       ; Dedicated Programming Pin ;
; N22      ; MSEL0                                  ; -                        ; -                       ; Dedicated Programming Pin ;
; P23      ; MSEL1                                  ; -                        ; -                       ; Dedicated Programming Pin ;
; M22      ; MSEL2                                  ; -                        ; -                       ; Dedicated Programming Pin ;
; P22      ; MSEL3                                  ; -                        ; -                       ; Dedicated Programming Pin ;
; P25      ; DIFFIO_R24p, CRC_ERROR                 ; Use as regular IO        ; saida_binario[30]       ; Dual Purpose Pin          ;
; P28      ; DIFFIO_R23n, nCEO                      ; Use as programming pin   ; ~ALTERA_nCEO~           ; Dual Purpose Pin          ;
; P27      ; DIFFIO_R23p, CLKUSR                    ; Use as regular IO        ; saida_binario[27]       ; Dual Purpose Pin          ;
; A17      ; DIFFIO_T35n, PADD11                    ; Use as regular IO        ; saida_binario[28]       ; Dual Purpose Pin          ;
; B17      ; DIFFIO_T35p, PADD12, DQS4T/CQ5T,DPCLK9 ; Use as regular IO        ; saida_binario[24]       ; Dual Purpose Pin          ;
; C15      ; DIFFIO_T32n, PADD13                    ; Use as regular IO        ; saida_binario[22]       ; Dual Purpose Pin          ;
; D15      ; DIFFIO_T32p, PADD14                    ; Use as regular IO        ; saida_binario[19]       ; Dual Purpose Pin          ;
; D14      ; DIFFIO_T30p, PADD15                    ; Use as regular IO        ; saida_binario[25]       ; Dual Purpose Pin          ;
+----------+----------------------------------------+--------------------------+-------------------------+---------------------------+


+------------------------------------------------------------+
; I/O Bank Usage                                             ;
+----------+------------------+---------------+--------------+
; I/O Bank ; Usage            ; VCCIO Voltage ; VREF Voltage ;
+----------+------------------+---------------+--------------+
; 1        ; 4 / 56 ( 7 % )   ; 2.5V          ; --           ;
; 2        ; 1 / 63 ( 2 % )   ; 2.5V          ; --           ;
; 3        ; 0 / 73 ( 0 % )   ; 2.5V          ; --           ;
; 4        ; 5 / 71 ( 7 % )   ; 2.5V          ; --           ;
; 5        ; 32 / 65 ( 49 % ) ; 2.5V          ; --           ;
; 6        ; 12 / 58 ( 21 % ) ; 2.5V          ; --           ;
; 7        ; 29 / 72 ( 40 % ) ; 2.5V          ; --           ;
; 8        ; 4 / 71 ( 6 % )   ; 2.5V          ; --           ;
+----------+------------------+---------------+--------------+


+-----------------------------------------------------------------------------------------------------------------------------------------------------------------------------------------+
; All Package Pins                                                                                                                                                                        ;
+----------+------------+----------+-----------------------------------------------------------+--------+--------------+---------+------------+-----------------+----------+--------------+
; Location ; Pad Number ; I/O Bank ; Pin Name/Usage                                            ; Dir.   ; I/O Standard ; Voltage ; I/O Type   ; User Assignment ; Bus Hold ; Weak Pull Up ;
+----------+------------+----------+-----------------------------------------------------------+--------+--------------+---------+------------+-----------------+----------+--------------+
; A2       ;            ; 8        ; VCCIO8                                                    ; power  ;              ; 2.5V    ; --         ;                 ; --       ; --           ;
; A3       ; 535        ; 8        ; RESERVED_INPUT                                            ;        ;              ;         ; Column I/O ;                 ; no       ; Off          ;
; A4       ; 532        ; 8        ; RESERVED_INPUT                                            ;        ;              ;         ; Column I/O ;                 ; no       ; Off          ;
; A5       ;            ; 8        ; VCCIO8                                                    ; power  ;              ; 2.5V    ; --         ;                 ; --       ; --           ;
; A6       ; 504        ; 8        ; RESERVED_INPUT                                            ;        ;              ;         ; Column I/O ;                 ; no       ; Off          ;
; A7       ; 501        ; 8        ; RESERVED_INPUT                                            ;        ;              ;         ; Column I/O ;                 ; no       ; Off          ;
; A8       ; 517        ; 8        ; RESERVED_INPUT                                            ;        ;              ;         ; Column I/O ;                 ; no       ; Off          ;
; A9       ;            ; 8        ; VCCIO8                                                    ; power  ;              ; 2.5V    ; --         ;                 ; --       ; --           ;
; A10      ; 491        ; 8        ; RESERVED_INPUT                                            ;        ;              ;         ; Column I/O ;                 ; no       ; Off          ;
; A11      ; 487        ; 8        ; RESERVED_INPUT                                            ;        ;              ;         ; Column I/O ;                 ; no       ; Off          ;
; A12      ; 482        ; 8        ; RESERVED_INPUT                                            ;        ;              ;         ; Column I/O ;                 ; no       ; Off          ;
; A13      ;            ; 8        ; VCCIO8                                                    ; power  ;              ; 2.5V    ; --         ;                 ; --       ; --           ;
; A14      ; 472        ; 8        ; GND+                                                      ;        ;              ;         ; Column I/O ;                 ; --       ; --           ;
; A15      ; 470        ; 7        ; GND+                                                      ;        ;              ;         ; Column I/O ;                 ; --       ; --           ;
; A16      ;            ; 7        ; VCCIO7                                                    ; power  ;              ; 2.5V    ; --         ;                 ; --       ; --           ;
; A17      ; 462        ; 7        ; saida_binario[28]                                         ; output ; 2.5 V        ;         ; Column I/O ; N               ; no       ; Off          ;
; A18      ; 442        ; 7        ; RESERVED_INPUT                                            ;        ;              ;         ; Column I/O ;                 ; no       ; Off          ;
; A19      ; 440        ; 7        ; RESERVED_INPUT                                            ;        ;              ;         ; Column I/O ;                 ; no       ; Off          ;
; A20      ;            ; 7        ; VCCIO7                                                    ; power  ;              ; 2.5V    ; --         ;                 ; --       ; --           ;
; A21      ; 425        ; 7        ; RESERVED_INPUT                                            ;        ;              ;         ; Column I/O ;                 ; no       ; Off          ;
; A22      ; 423        ; 7        ; RESERVED_INPUT                                            ;        ;              ;         ; Column I/O ;                 ; no       ; Off          ;
; A23      ; 412        ; 7        ; RESERVED_INPUT                                            ;        ;              ;         ; Column I/O ;                 ; no       ; Off          ;
; A24      ;            ; 7        ; VCCIO7                                                    ; power  ;              ; 2.5V    ; --         ;                 ; --       ; --           ;
; A25      ; 405        ; 7        ; RESERVED_INPUT                                            ;        ;              ;         ; Column I/O ;                 ; no       ; Off          ;
; A26      ; 404        ; 7        ; RESERVED_INPUT                                            ;        ;              ;         ; Column I/O ;                 ; no       ; Off          ;
; A27      ;            ; 7        ; VCCIO7                                                    ; power  ;              ; 2.5V    ; --         ;                 ; --       ; --           ;
; AA1      ;            ; 2        ; VCCIO2                                                    ; power  ;              ; 2.5V    ; --         ;                 ; --       ; --           ;
; AA2      ;            ;          ; GND                                                       ; gnd    ;              ;         ; --         ;                 ; --       ; --           ;
; AA3      ; 102        ; 2        ; RESERVED_INPUT                                            ;        ;              ;         ; Row I/O    ;                 ; no       ; Off          ;
; AA4      ; 101        ; 2        ; RESERVED_INPUT                                            ;        ;              ;         ; Row I/O    ;                 ; no       ; Off          ;
; AA5      ; 119        ; 2        ; RESERVED_INPUT                                            ;        ;              ;         ; Row I/O    ;                 ; no       ; Off          ;
; AA6      ; 118        ; 2        ; RESERVED_INPUT                                            ;        ;              ;         ; Row I/O    ;                 ; no       ; Off          ;
; AA7      ; 120        ; 2        ; RESERVED_INPUT                                            ;        ;              ;         ; Row I/O    ;                 ; no       ; Off          ;
; AA8      ; 154        ; 3        ; RESERVED_INPUT                                            ;        ;              ;         ; Column I/O ;                 ; no       ; Off          ;
; AA9      ;            ;          ; GNDA1                                                     ; gnd    ;              ;         ; --         ;                 ; --       ; --           ;
; AA10     ; 155        ; 3        ; RESERVED_INPUT                                            ;        ;              ;         ; Column I/O ;                 ; no       ; Off          ;
; AA11     ;            ; 3        ; VCCIO3                                                    ; power  ;              ; 2.5V    ; --         ;                 ; --       ; --           ;
; AA12     ; 188        ; 3        ; RESERVED_INPUT                                            ;        ;              ;         ; Column I/O ;                 ; no       ; Off          ;
; AA13     ; 190        ; 3        ; RESERVED_INPUT                                            ;        ;              ;         ; Column I/O ;                 ; no       ; Off          ;
; AA14     ; 191        ; 3        ; RESERVED_INPUT                                            ;        ;              ;         ; Column I/O ;                 ; no       ; Off          ;
; AA15     ; 213        ; 4        ; RESERVED_INPUT                                            ;        ;              ;         ; Column I/O ;                 ; --       ; --           ;
; AA16     ; 211        ; 4        ; RESERVED_INPUT                                            ;        ;              ;         ; Column I/O ;                 ; no       ; Off          ;
; AA17     ; 241        ; 4        ; RESERVED_INPUT                                            ;        ;              ;         ; Column I/O ;                 ; no       ; Off          ;
; AA18     ;            ; 4        ; VCCIO4                                                    ; power  ;              ; 2.5V    ; --         ;                 ; --       ; --           ;
; AA19     ; 264        ; 4        ; RESERVED_INPUT                                            ;        ;              ;         ; Column I/O ;                 ; no       ; Off          ;
; AA20     ;            ;          ; GNDA4                                                     ; gnd    ;              ;         ; --         ;                 ; --       ; --           ;
; AA21     ; 269        ; 4        ; display3[3]                                               ; output ; 2.5 V        ;         ; Column I/O ; Y               ; no       ; Off          ;
; AA22     ; 275        ; 5        ; switches[15]                                              ; input  ; 2.5 V        ;         ; Row I/O    ; Y               ; no       ; Off          ;
; AA23     ; 280        ; 5        ; switches[14]                                              ; input  ; 2.5 V        ;         ; Row I/O    ; Y               ; no       ; Off          ;
; AA24     ; 279        ; 5        ; switches[13]                                              ; input  ; 2.5 V        ;         ; Row I/O    ; Y               ; no       ; Off          ;
; AA25     ; 294        ; 5        ; display2[0]                                               ; output ; 2.5 V        ;         ; Row I/O    ; Y               ; no       ; Off          ;
; AA26     ; 293        ; 5        ; display2[1]                                               ; output ; 2.5 V        ;         ; Row I/O    ; Y               ; no       ; Off          ;
; AA27     ;            ;          ; GND                                                       ; gnd    ;              ;         ; --         ;                 ; --       ; --           ;
; AA28     ;            ; 5        ; VCCIO5                                                    ; power  ;              ; 2.5V    ; --         ;                 ; --       ; --           ;
; AB1      ; 86         ; 2        ; RESERVED_INPUT                                            ;        ;              ;         ; Row I/O    ;                 ; no       ; Off          ;
; AB2      ; 85         ; 2        ; RESERVED_INPUT                                            ;        ;              ;         ; Row I/O    ;                 ; no       ; Off          ;
; AB3      ; 99         ; 2        ; RESERVED_INPUT                                            ;        ;              ;         ; Row I/O    ;                 ; no       ; Off          ;
; AB4      ; 121        ; 2        ; RESERVED_INPUT                                            ;        ;              ;         ; Row I/O    ;                 ; --       ; --           ;
; AB5      ; 127        ; 2        ; RESERVED_INPUT                                            ;        ;              ;         ; Row I/O    ;                 ; no       ; Off          ;
; AB6      ; 126        ; 2        ; RESERVED_INPUT                                            ;        ;              ;         ; Row I/O    ;                 ; no       ; Off          ;
; AB7      ; 152        ; 3        ; RESERVED_INPUT                                            ;        ;              ;         ; Column I/O ;                 ; no       ; Off          ;
; AB8      ; 148        ; 3        ; RESERVED_INPUT                                            ;        ;              ;         ; Column I/O ;                 ; no       ; Off          ;
; AB9      ; 147        ; 3        ; RESERVED_INPUT                                            ;        ;              ;         ; Column I/O ;                 ; no       ; Off          ;
; AB10     ; 173        ; 3        ; RESERVED_INPUT                                            ;        ;              ;         ; Column I/O ;                 ; no       ; Off          ;
; AB11     ; 164        ; 3        ; RESERVED_INPUT                                            ;        ;              ;         ; Column I/O ;                 ; --       ; --           ;
; AB12     ; 180        ; 3        ; RESERVED_INPUT                                            ;        ;              ;         ; Column I/O ;                 ; no       ; Off          ;
; AB13     ; 181        ; 3        ; RESERVED_INPUT                                            ;        ;              ;         ; Column I/O ;                 ; --       ; --           ;
; AB14     ; 192        ; 3        ; RESERVED_INPUT                                            ;        ;              ;         ; Column I/O ;                 ; no       ; Off          ;
; AB15     ; 214        ; 4        ; RESERVED_INPUT                                            ;        ;              ;         ; Column I/O ;                 ; no       ; Off          ;
; AB16     ; 212        ; 4        ; RESERVED_INPUT                                            ;        ;              ;         ; Column I/O ;                 ; no       ; Off          ;
; AB17     ; 242        ; 4        ; RESERVED_INPUT                                            ;        ;              ;         ; Column I/O ;                 ; no       ; Off          ;
; AB18     ; 254        ; 4        ; RESERVED_INPUT                                            ;        ;              ;         ; Column I/O ;                 ; no       ; Off          ;
; AB19     ; 253        ; 4        ; RESERVED_INPUT                                            ;        ;              ;         ; Column I/O ;                 ; no       ; Off          ;
; AB20     ; 257        ; 4        ; display3[2]                                               ; output ; 2.5 V        ;         ; Column I/O ; Y               ; no       ; Off          ;
; AB21     ; 266        ; 4        ; RESERVED_INPUT                                            ;        ;              ;         ; Column I/O ;                 ; no       ; Off          ;
; AB22     ; 265        ; 4        ; RESERVED_INPUT                                            ;        ;              ;         ; Column I/O ;                 ; no       ; Off          ;
; AB23     ; 276        ; 5        ; switches[12]                                              ; input  ; 2.5 V        ;         ; Row I/O    ; Y               ; no       ; Off          ;
; AB24     ; 274        ; 5        ; switches[11]                                              ; input  ; 2.5 V        ;         ; Row I/O    ; Y               ; no       ; Off          ;
; AB25     ; 292        ; 5        ; switches[9]                                               ; input  ; 2.5 V        ;         ; Row I/O    ; Y               ; no       ; Off          ;
; AB26     ; 291        ; 5        ; switches[7]                                               ; input  ; 2.5 V        ;         ; Row I/O    ; Y               ; no       ; Off          ;
; AB27     ; 296        ; 5        ; switches[4]                                               ; input  ; 2.5 V        ;         ; Row I/O    ; Y               ; no       ; Off          ;
; AB28     ; 295        ; 5        ; switches[0]                                               ; input  ; 2.5 V        ;         ; Row I/O    ; Y               ; no       ; Off          ;
; AC1      ; 94         ; 2        ; RESERVED_INPUT                                            ;        ;              ;         ; Row I/O    ;                 ; no       ; Off          ;
; AC2      ; 93         ; 2        ; RESERVED_INPUT                                            ;        ;              ;         ; Row I/O    ;                 ; no       ; Off          ;
; AC3      ; 95         ; 2        ; RESERVED_INPUT                                            ;        ;              ;         ; Row I/O    ;                 ; no       ; Off          ;
; AC4      ; 125        ; 2        ; RESERVED_INPUT                                            ;        ;              ;         ; Row I/O    ;                 ; no       ; Off          ;
; AC5      ; 124        ; 2        ; RESERVED_INPUT                                            ;        ;              ;         ; Row I/O    ;                 ; no       ; Off          ;
; AC6      ;            ;          ; GND                                                       ; gnd    ;              ;         ; --         ;                 ; --       ; --           ;
; AC7      ; 144        ; 3        ; RESERVED_INPUT                                            ;        ;              ;         ; Column I/O ;                 ; no       ; Off          ;
; AC8      ; 153        ; 3        ; RESERVED_INPUT                                            ;        ;              ;         ; Column I/O ;                 ; no       ; Off          ;
; AC9      ;            ;          ; GND                                                       ; gnd    ;              ;         ; --         ;                 ; --       ; --           ;
; AC10     ; 174        ; 3        ; RESERVED_INPUT                                            ;        ;              ;         ; Column I/O ;                 ; no       ; Off          ;
; AC11     ; 185        ; 3        ; RESERVED_INPUT                                            ;        ;              ;         ; Column I/O ;                 ; no       ; Off          ;
; AC12     ; 179        ; 3        ; RESERVED_INPUT                                            ;        ;              ;         ; Column I/O ;                 ; no       ; Off          ;
; AC13     ;            ;          ; GND                                                       ; gnd    ;              ;         ; --         ;                 ; --       ; --           ;
; AC14     ; 195        ; 3        ; RESERVED_INPUT                                            ;        ;              ;         ; Column I/O ;                 ; no       ; Off          ;
; AC15     ; 203        ; 4        ; RESERVED_INPUT                                            ;        ;              ;         ; Column I/O ;                 ; no       ; Off          ;
; AC16     ;            ;          ; GND                                                       ; gnd    ;              ;         ; --         ;                 ; --       ; --           ;
; AC17     ; 221        ; 4        ; RESERVED_INPUT                                            ;        ;              ;         ; Column I/O ;                 ; no       ; Off          ;
; AC18     ; 240        ; 4        ; RESERVED_INPUT                                            ;        ;              ;         ; Column I/O ;                 ; --       ; --           ;
; AC19     ; 247        ; 4        ; RESERVED_INPUT                                            ;        ;              ;         ; Column I/O ;                 ; no       ; Off          ;
; AC20     ;            ;          ; GND                                                       ; gnd    ;              ;         ; --         ;                 ; --       ; --           ;
; AC21     ; 258        ; 4        ; RESERVED_INPUT                                            ;        ;              ;         ; Column I/O ;                 ; no       ; Off          ;
; AC22     ; 267        ; 4        ; RESERVED_INPUT                                            ;        ;              ;         ; Column I/O ;                 ; no       ; Off          ;
; AC23     ;            ;          ; GND                                                       ; gnd    ;              ;         ; --         ;                 ; --       ; --           ;
; AC24     ; 273        ; 5        ; switches[10]                                              ; input  ; 2.5 V        ;         ; Row I/O    ; Y               ; no       ; Off          ;
; AC25     ; 272        ; 5        ; switches[8]                                               ; input  ; 2.5 V        ;         ; Row I/O    ; Y               ; no       ; Off          ;
; AC26     ; 282        ; 5        ; switches[5]                                               ; input  ; 2.5 V        ;         ; Row I/O    ; Y               ; no       ; Off          ;
; AC27     ; 290        ; 5        ; switches[2]                                               ; input  ; 2.5 V        ;         ; Row I/O    ; Y               ; no       ; Off          ;
; AC28     ; 289        ; 5        ; switches[1]                                               ; input  ; 2.5 V        ;         ; Row I/O    ; Y               ; no       ; Off          ;
; AD1      ; 98         ; 2        ; RESERVED_INPUT                                            ;        ;              ;         ; Row I/O    ;                 ; no       ; Off          ;
; AD2      ; 97         ; 2        ; RESERVED_INPUT                                            ;        ;              ;         ; Row I/O    ;                 ; no       ; Off          ;
; AD3      ; 96         ; 2        ; RESERVED_INPUT                                            ;        ;              ;         ; Row I/O    ;                 ; no       ; Off          ;
; AD4      ; 130        ; 3        ; RESERVED_INPUT                                            ;        ;              ;         ; Column I/O ;                 ; no       ; Off          ;
; AD5      ; 128        ; 3        ; RESERVED_INPUT                                            ;        ;              ;         ; Column I/O ;                 ; no       ; Off          ;
; AD6      ;            ; 3        ; VCCIO3                                                    ; power  ;              ; 2.5V    ; --         ;                 ; --       ; --           ;
; AD7      ; 134        ; 3        ; RESERVED_INPUT                                            ;        ;              ;         ; Column I/O ;                 ; no       ; Off          ;
; AD8      ; 143        ; 3        ; RESERVED_INPUT                                            ;        ;              ;         ; Column I/O ;                 ; no       ; Off          ;
; AD9      ;            ; 3        ; VCCIO3                                                    ; power  ;              ; 2.5V    ; --         ;                 ; --       ; --           ;
; AD10     ; 149        ; 3        ; RESERVED_INPUT                                            ;        ;              ;         ; Column I/O ;                 ; no       ; Off          ;
; AD11     ; 186        ; 3        ; RESERVED_INPUT                                            ;        ;              ;         ; Column I/O ;                 ; no       ; Off          ;
; AD12     ; 182        ; 3        ; RESERVED_INPUT                                            ;        ;              ;         ; Column I/O ;                 ; no       ; Off          ;
; AD13     ;            ; 3        ; VCCIO3                                                    ; power  ;              ; 2.5V    ; --         ;                 ; --       ; --           ;
; AD14     ; 196        ; 3        ; RESERVED_INPUT                                            ;        ;              ;         ; Column I/O ;                 ; no       ; Off          ;
; AD15     ; 204        ; 4        ; RESERVED_INPUT                                            ;        ;              ;         ; Column I/O ;                 ; no       ; Off          ;
; AD16     ;            ; 4        ; VCCIO4                                                    ; power  ;              ; 2.5V    ; --         ;                 ; --       ; --           ;
; AD17     ; 222        ; 4        ; RESERVED_INPUT                                            ;        ;              ;         ; Column I/O ;                 ; no       ; Off          ;
; AD18     ; 237        ; 4        ; RESERVED_INPUT                                            ;        ;              ;         ; Column I/O ;                 ; no       ; Off          ;
; AD19     ; 248        ; 4        ; RESERVED_INPUT                                            ;        ;              ;         ; Column I/O ;                 ; no       ; Off          ;
; AD20     ;            ; 4        ; VCCIO4                                                    ; power  ;              ; 2.5V    ; --         ;                 ; --       ; --           ;
; AD21     ; 259        ; 4        ; RESERVED_INPUT                                            ;        ;              ;         ; Column I/O ;                 ; no       ; Off          ;
; AD22     ; 268        ; 4        ; RESERVED_INPUT                                            ;        ;              ;         ; Column I/O ;                 ; no       ; Off          ;
; AD23     ;            ; 4        ; VCCIO4                                                    ; power  ;              ; 2.5V    ; --         ;                 ; --       ; --           ;
; AD24     ; 260        ; 4        ; display3[4]                                               ; output ; 2.5 V        ;         ; Column I/O ; Y               ; no       ; Off          ;
; AD25     ; 255        ; 4        ; RESERVED_INPUT                                            ;        ;              ;         ; Column I/O ;                 ; no       ; Off          ;
; AD26     ; 281        ; 5        ; switches[6]                                               ; input  ; 2.5 V        ;         ; Row I/O    ; Y               ; no       ; Off          ;
; AD27     ; 286        ; 5        ; switches[3]                                               ; input  ; 2.5 V        ;         ; Row I/O    ; Y               ; no       ; Off          ;
; AD28     ; 285        ; 5        ; RESERVED_INPUT                                            ;        ;              ;         ; Row I/O    ;                 ; no       ; Off          ;
; AE1      ; 106        ; 2        ; RESERVED_INPUT                                            ;        ;              ;         ; Row I/O    ;                 ; no       ; Off          ;
; AE2      ; 105        ; 2        ; RESERVED_INPUT                                            ;        ;              ;         ; Row I/O    ;                 ; no       ; Off          ;
; AE3      ; 122        ; 2        ; RESERVED_INPUT                                            ;        ;              ;         ; Row I/O    ;                 ; no       ; Off          ;
; AE4      ; 132        ; 3        ; RESERVED_INPUT                                            ;        ;              ;         ; Column I/O ;                 ; no       ; Off          ;
; AE5      ; 135        ; 3        ; RESERVED_INPUT                                            ;        ;              ;         ; Column I/O ;                 ; no       ; Off          ;
; AE6      ; 129        ; 3        ; RESERVED_INPUT                                            ;        ;              ;         ; Column I/O ;                 ; no       ; Off          ;
; AE7      ; 158        ; 3        ; RESERVED_INPUT                                            ;        ;              ;         ; Column I/O ;                 ; no       ; Off          ;
; AE8      ; 161        ; 3        ; RESERVED_INPUT                                            ;        ;              ;         ; Column I/O ;                 ; no       ; Off          ;
; AE9      ; 163        ; 3        ; RESERVED_INPUT                                            ;        ;              ;         ; Column I/O ;                 ; no       ; Off          ;
; AE10     ; 165        ; 3        ; RESERVED_INPUT                                            ;        ;              ;         ; Column I/O ;                 ; no       ; Off          ;
; AE11     ; 171        ; 3        ; RESERVED_INPUT                                            ;        ;              ;         ; Column I/O ;                 ; no       ; Off          ;
; AE12     ; 169        ; 3        ; RESERVED_INPUT                                            ;        ;              ;         ; Column I/O ;                 ; no       ; Off          ;
; AE13     ; 177        ; 3        ; RESERVED_INPUT                                            ;        ;              ;         ; Column I/O ;                 ; no       ; Off          ;
; AE14     ; 183        ; 3        ; RESERVED_INPUT                                            ;        ;              ;         ; Column I/O ;                 ; no       ; Off          ;
; AE15     ; 205        ; 4        ; RESERVED_INPUT                                            ;        ;              ;         ; Column I/O ;                 ; no       ; Off          ;
; AE16     ; 209        ; 4        ; RESERVED_INPUT                                            ;        ;              ;         ; Column I/O ;                 ; no       ; Off          ;
; AE17     ; 215        ; 4        ; RESERVED_INPUT                                            ;        ;              ;         ; Column I/O ;                 ; no       ; Off          ;
; AE18     ; 225        ; 4        ; RESERVED_INPUT                                            ;        ;              ;         ; Column I/O ;                 ; no       ; Off          ;
; AE19     ; 231        ; 4        ; RESERVED_INPUT                                            ;        ;              ;         ; Column I/O ;                 ; no       ; Off          ;
; AE20     ; 235        ; 4        ; RESERVED_INPUT                                            ;        ;              ;         ; Column I/O ;                 ; no       ; Off          ;
; AE21     ; 238        ; 4        ; RESERVED_INPUT                                            ;        ;              ;         ; Column I/O ;                 ; no       ; Off          ;
; AE22     ; 251        ; 4        ; RESERVED_INPUT                                            ;        ;              ;         ; Column I/O ;                 ; no       ; Off          ;
; AE23     ; 261        ; 4        ; RESERVED_INPUT                                            ;        ;              ;         ; Column I/O ;                 ; no       ; Off          ;
; AE24     ; 256        ; 4        ; RESERVED_INPUT                                            ;        ;              ;         ; Column I/O ;                 ; no       ; Off          ;
; AE25     ; 243        ; 4        ; RESERVED_INPUT                                            ;        ;              ;         ; Column I/O ;                 ; no       ; Off          ;
; AE26     ; 278        ; 5        ; RESERVED_INPUT                                            ;        ;              ;         ; Row I/O    ;                 ; no       ; Off          ;
; AE27     ; 284        ; 5        ; RESERVED_INPUT                                            ;        ;              ;         ; Row I/O    ;                 ; no       ; Off          ;
; AE28     ; 283        ; 5        ; RESERVED_INPUT                                            ;        ;              ;         ; Row I/O    ;                 ; no       ; Off          ;
; AF1      ;            ;          ; GND                                                       ; gnd    ;              ;         ; --         ;                 ; --       ; --           ;
; AF2      ; 123        ; 2        ; RESERVED_INPUT                                            ;        ;              ;         ; Row I/O    ;                 ; no       ; Off          ;
; AF3      ; 138        ; 3        ; RESERVED_INPUT                                            ;        ;              ;         ; Column I/O ;                 ; no       ; Off          ;
; AF4      ; 131        ; 3        ; RESERVED_INPUT                                            ;        ;              ;         ; Column I/O ;                 ; no       ; Off          ;
; AF5      ; 136        ; 3        ; RESERVED_INPUT                                            ;        ;              ;         ; Column I/O ;                 ; no       ; Off          ;
; AF6      ; 139        ; 3        ; RESERVED_INPUT                                            ;        ;              ;         ; Column I/O ;                 ; no       ; Off          ;
; AF7      ; 159        ; 3        ; RESERVED_INPUT                                            ;        ;              ;         ; Column I/O ;                 ; no       ; Off          ;
; AF8      ; 162        ; 3        ; RESERVED_INPUT                                            ;        ;              ;         ; Column I/O ;                 ; no       ; Off          ;
; AF9      ; 160        ; 3        ; RESERVED_INPUT                                            ;        ;              ;         ; Column I/O ;                 ; no       ; Off          ;
; AF10     ; 166        ; 3        ; RESERVED_INPUT                                            ;        ;              ;         ; Column I/O ;                 ; no       ; Off          ;
; AF11     ; 172        ; 3        ; RESERVED_INPUT                                            ;        ;              ;         ; Column I/O ;                 ; no       ; Off          ;
; AF12     ; 170        ; 3        ; RESERVED_INPUT                                            ;        ;              ;         ; Column I/O ;                 ; no       ; Off          ;
; AF13     ; 178        ; 3        ; RESERVED_INPUT                                            ;        ;              ;         ; Column I/O ;                 ; no       ; Off          ;
; AF14     ; 184        ; 3        ; RESERVED_INPUT                                            ;        ;              ;         ; Column I/O ;                 ; no       ; Off          ;
; AF15     ; 206        ; 4        ; RESERVED_INPUT                                            ;        ;              ;         ; Column I/O ;                 ; no       ; Off          ;
; AF16     ; 210        ; 4        ; RESERVED_INPUT                                            ;        ;              ;         ; Column I/O ;                 ; no       ; Off          ;
; AF17     ; 216        ; 4        ; RESERVED_INPUT                                            ;        ;              ;         ; Column I/O ;                 ; no       ; Off          ;
; AF18     ; 226        ; 4        ; RESERVED_INPUT                                            ;        ;              ;         ; Column I/O ;                 ; no       ; Off          ;
; AF19     ; 232        ; 4        ; RESERVED_INPUT                                            ;        ;              ;         ; Column I/O ;                 ; no       ; Off          ;
; AF20     ; 236        ; 4        ; RESERVED_INPUT                                            ;        ;              ;         ; Column I/O ;                 ; no       ; Off          ;
; AF21     ; 239        ; 4        ; RESERVED_INPUT                                            ;        ;              ;         ; Column I/O ;                 ; no       ; Off          ;
; AF22     ; 252        ; 4        ; RESERVED_INPUT                                            ;        ;              ;         ; Column I/O ;                 ; no       ; Off          ;
; AF23     ; 262        ; 4        ; display3[5]                                               ; output ; 2.5 V        ;         ; Column I/O ; Y               ; no       ; Off          ;
; AF24     ; 233        ; 4        ; RESERVED_INPUT                                            ;        ;              ;         ; Column I/O ;                 ; no       ; Off          ;
; AF25     ; 234        ; 4        ; RESERVED_INPUT                                            ;        ;              ;         ; Column I/O ;                 ; no       ; Off          ;
; AF26     ; 244        ; 4        ; RESERVED_INPUT                                            ;        ;              ;         ; Column I/O ;                 ; no       ; Off          ;
; AF27     ; 277        ; 5        ; RESERVED_INPUT                                            ;        ;              ;         ; Row I/O    ;                 ; no       ; Off          ;
; AF28     ;            ;          ; GND                                                       ; gnd    ;              ;         ; --         ;                 ; --       ; --           ;
; AG1      ;            ; 2        ; VCCIO2                                                    ; power  ;              ; 2.5V    ; --         ;                 ; --       ; --           ;
; AG2      ;            ;          ; GND                                                       ; gnd    ;              ;         ; --         ;                 ; --       ; --           ;
; AG3      ; 133        ; 3        ; RESERVED_INPUT                                            ;        ;              ;         ; Column I/O ;                 ; no       ; Off          ;
; AG4      ; 141        ; 3        ; RESERVED_INPUT                                            ;        ;              ;         ; Column I/O ;                 ; no       ; Off          ;
; AG5      ;            ;          ; GND                                                       ; gnd    ;              ;         ; --         ;                 ; --       ; --           ;
; AG6      ; 145        ; 3        ; RESERVED_INPUT                                            ;        ;              ;         ; Column I/O ;                 ; no       ; Off          ;
; AG7      ; 150        ; 3        ; RESERVED_INPUT                                            ;        ;              ;         ; Column I/O ;                 ; no       ; Off          ;
; AG8      ; 156        ; 3        ; RESERVED_INPUT                                            ;        ;              ;         ; Column I/O ;                 ; no       ; Off          ;
; AG9      ;            ;          ; GND                                                       ; gnd    ;              ;         ; --         ;                 ; --       ; --           ;
; AG10     ; 167        ; 3        ; RESERVED_INPUT                                            ;        ;              ;         ; Column I/O ;                 ; no       ; Off          ;
; AG11     ; 175        ; 3        ; RESERVED_INPUT                                            ;        ;              ;         ; Column I/O ;                 ; no       ; Off          ;
; AG12     ; 193        ; 3        ; RESERVED_INPUT                                            ;        ;              ;         ; Column I/O ;                 ; no       ; Off          ;
; AG13     ;            ;          ; GND                                                       ; gnd    ;              ;         ; --         ;                 ; --       ; --           ;
; AG14     ; 199        ; 3        ; GND+                                                      ;        ;              ;         ; Column I/O ;                 ; --       ; --           ;
; AG15     ; 201        ; 4        ; GND+                                                      ;        ;              ;         ; Column I/O ;                 ; --       ; --           ;
; AG16     ;            ;          ; GND                                                       ; gnd    ;              ;         ; --         ;                 ; --       ; --           ;
; AG17     ; 207        ; 4        ; RESERVED_INPUT                                            ;        ;              ;         ; Column I/O ;                 ; no       ; Off          ;
; AG18     ; 217        ; 4        ; RESERVED_INPUT                                            ;        ;              ;         ; Column I/O ;                 ; no       ; Off          ;
; AG19     ; 219        ; 4        ; RESERVED_INPUT                                            ;        ;              ;         ; Column I/O ;                 ; no       ; Off          ;
; AG20     ;            ;          ; GND                                                       ; gnd    ;              ;         ; --         ;                 ; --       ; --           ;
; AG21     ; 223        ; 4        ; RESERVED_INPUT                                            ;        ;              ;         ; Column I/O ;                 ; no       ; Off          ;
; AG22     ; 227        ; 4        ; RESERVED_INPUT                                            ;        ;              ;         ; Column I/O ;                 ; no       ; Off          ;
; AG23     ; 229        ; 4        ; RESERVED_INPUT                                            ;        ;              ;         ; Column I/O ;                 ; no       ; Off          ;
; AG24     ;            ;          ; GND                                                       ; gnd    ;              ;         ; --         ;                 ; --       ; --           ;
; AG25     ; 245        ; 4        ; RESERVED_INPUT                                            ;        ;              ;         ; Column I/O ;                 ; no       ; Off          ;
; AG26     ; 270        ; 4        ; RESERVED_INPUT                                            ;        ;              ;         ; Column I/O ;                 ; no       ; Off          ;
; AG27     ;            ;          ; GND                                                       ; gnd    ;              ;         ; --         ;                 ; --       ; --           ;
; AG28     ;            ; 5        ; VCCIO5                                                    ; power  ;              ; 2.5V    ; --         ;                 ; --       ; --           ;
; AH2      ;            ; 3        ; VCCIO3                                                    ; power  ;              ; 2.5V    ; --         ;                 ; --       ; --           ;
; AH3      ; 137        ; 3        ; RESERVED_INPUT                                            ;        ;              ;         ; Column I/O ;                 ; no       ; Off          ;
; AH4      ; 142        ; 3        ; RESERVED_INPUT                                            ;        ;              ;         ; Column I/O ;                 ; no       ; Off          ;
; AH5      ;            ; 3        ; VCCIO3                                                    ; power  ;              ; 2.5V    ; --         ;                 ; --       ; --           ;
; AH6      ; 146        ; 3        ; RESERVED_INPUT                                            ;        ;              ;         ; Column I/O ;                 ; no       ; Off          ;
; AH7      ; 151        ; 3        ; RESERVED_INPUT                                            ;        ;              ;         ; Column I/O ;                 ; no       ; Off          ;
; AH8      ; 157        ; 3        ; RESERVED_INPUT                                            ;        ;              ;         ; Column I/O ;                 ; no       ; Off          ;
; AH9      ;            ; 3        ; VCCIO3                                                    ; power  ;              ; 2.5V    ; --         ;                 ; --       ; --           ;
; AH10     ; 168        ; 3        ; RESERVED_INPUT                                            ;        ;              ;         ; Column I/O ;                 ; no       ; Off          ;
; AH11     ; 176        ; 3        ; RESERVED_INPUT                                            ;        ;              ;         ; Column I/O ;                 ; no       ; Off          ;
; AH12     ; 194        ; 3        ; RESERVED_INPUT                                            ;        ;              ;         ; Column I/O ;                 ; no       ; Off          ;
; AH13     ;            ; 3        ; VCCIO3                                                    ; power  ;              ; 2.5V    ; --         ;                 ; --       ; --           ;
; AH14     ; 200        ; 3        ; GND+                                                      ;        ;              ;         ; Column I/O ;                 ; --       ; --           ;
; AH15     ; 202        ; 4        ; GND+                                                      ;        ;              ;         ; Column I/O ;                 ; --       ; --           ;
; AH16     ;            ; 4        ; VCCIO4                                                    ; power  ;              ; 2.5V    ; --         ;                 ; --       ; --           ;
; AH17     ; 208        ; 4        ; RESERVED_INPUT                                            ;        ;              ;         ; Column I/O ;                 ; no       ; Off          ;
; AH18     ; 218        ; 4        ; RESERVED_INPUT                                            ;        ;              ;         ; Column I/O ;                 ; no       ; Off          ;
; AH19     ; 220        ; 4        ; RESERVED_INPUT                                            ;        ;              ;         ; Column I/O ;                 ; no       ; Off          ;
; AH20     ;            ; 4        ; VCCIO4                                                    ; power  ;              ; 2.5V    ; --         ;                 ; --       ; --           ;
; AH21     ; 224        ; 4        ; RESERVED_INPUT                                            ;        ;              ;         ; Column I/O ;                 ; no       ; Off          ;
; AH22     ; 228        ; 4        ; RESERVED_INPUT                                            ;        ;              ;         ; Column I/O ;                 ; no       ; Off          ;
; AH23     ; 230        ; 4        ; RESERVED_INPUT                                            ;        ;              ;         ; Column I/O ;                 ; no       ; Off          ;
; AH24     ;            ; 4        ; VCCIO4                                                    ; power  ;              ; 2.5V    ; --         ;                 ; --       ; --           ;
; AH25     ; 246        ; 4        ; RESERVED_INPUT                                            ;        ;              ;         ; Column I/O ;                 ; no       ; Off          ;
; AH26     ; 271        ; 4        ; RESERVED_INPUT                                            ;        ;              ;         ; Column I/O ;                 ; no       ; Off          ;
; AH27     ;            ; 4        ; VCCIO4                                                    ; power  ;              ; 2.5V    ; --         ;                 ; --       ; --           ;
; B1       ;            ; 1        ; VCCIO1                                                    ; power  ;              ; 2.5V    ; --         ;                 ; --       ; --           ;
; B2       ;            ;          ; GND                                                       ; gnd    ;              ;         ; --         ;                 ; --       ; --           ;
; B3       ; 534        ; 8        ; RESERVED_INPUT                                            ;        ;              ;         ; Column I/O ;                 ; no       ; Off          ;
; B4       ; 533        ; 8        ; RESERVED_INPUT                                            ;        ;              ;         ; Column I/O ;                 ; no       ; Off          ;
; B5       ;            ;          ; GND                                                       ; gnd    ;              ;         ; --         ;                 ; --       ; --           ;
; B6       ; 505        ; 8        ; RESERVED_INPUT                                            ;        ;              ;         ; Column I/O ;                 ; no       ; Off          ;
; B7       ; 502        ; 8        ; RESERVED_INPUT                                            ;        ;              ;         ; Column I/O ;                 ; no       ; Off          ;
; B8       ; 518        ; 8        ; RESERVED_INPUT                                            ;        ;              ;         ; Column I/O ;                 ; no       ; Off          ;
; B9       ;            ;          ; GND                                                       ; gnd    ;              ;         ; --         ;                 ; --       ; --           ;
; B10      ; 492        ; 8        ; RESERVED_INPUT                                            ;        ;              ;         ; Column I/O ;                 ; no       ; Off          ;
; B11      ; 488        ; 8        ; RESERVED_INPUT                                            ;        ;              ;         ; Column I/O ;                 ; no       ; Off          ;
; B12      ;            ;          ; GND                                                       ; gnd    ;              ;         ; --         ;                 ; --       ; --           ;
; B13      ;            ;          ; GND                                                       ; gnd    ;              ;         ; --         ;                 ; --       ; --           ;
; B14      ; 473        ; 8        ; GND+                                                      ;        ;              ;         ; Column I/O ;                 ; --       ; --           ;
; B15      ; 471        ; 7        ; GND+                                                      ;        ;              ;         ; Column I/O ;                 ; --       ; --           ;
; B16      ;            ;          ; GND                                                       ; gnd    ;              ;         ; --         ;                 ; --       ; --           ;
; B17      ; 463        ; 7        ; saida_binario[24]                                         ; output ; 2.5 V        ;         ; Column I/O ; N               ; no       ; Off          ;
; B18      ; 443        ; 7        ; RESERVED_INPUT                                            ;        ;              ;         ; Column I/O ;                 ; no       ; Off          ;
; B19      ; 441        ; 7        ; RESERVED_INPUT                                            ;        ;              ;         ; Column I/O ;                 ; no       ; Off          ;
; B20      ;            ;          ; GND                                                       ; gnd    ;              ;         ; --         ;                 ; --       ; --           ;
; B21      ; 426        ; 7        ; RESERVED_INPUT                                            ;        ;              ;         ; Column I/O ;                 ; no       ; Off          ;
; B22      ; 424        ; 7        ; RESERVED_INPUT                                            ;        ;              ;         ; Column I/O ;                 ; no       ; Off          ;
; B23      ; 413        ; 7        ; RESERVED_INPUT                                            ;        ;              ;         ; Column I/O ;                 ; no       ; Off          ;
; B24      ;            ;          ; GND                                                       ; gnd    ;              ;         ; --         ;                 ; --       ; --           ;
; B25      ; 406        ; 7        ; RESERVED_INPUT                                            ;        ;              ;         ; Column I/O ;                 ; no       ; Off          ;
; B26      ; 401        ; 7        ; RESERVED_INPUT                                            ;        ;              ;         ; Column I/O ;                 ; no       ; Off          ;
; B27      ;            ;          ; GND                                                       ; gnd    ;              ;         ; --         ;                 ; --       ; --           ;
; B28      ;            ; 6        ; VCCIO6                                                    ; power  ;              ; 2.5V    ; --         ;                 ; --       ; --           ;
; C1       ;            ;          ; GND                                                       ; gnd    ;              ;         ; --         ;                 ; --       ; --           ;
; C2       ; 1          ; 1        ; RESERVED_INPUT                                            ;        ;              ;         ; Row I/O    ;                 ; no       ; Off          ;
; C3       ; 543        ; 8        ; RESERVED_INPUT                                            ;        ;              ;         ; Column I/O ;                 ; no       ; Off          ;
; C4       ; 539        ; 8        ; RESERVED_INPUT                                            ;        ;              ;         ; Column I/O ;                 ; no       ; Off          ;
; C5       ; 538        ; 8        ; RESERVED_INPUT                                            ;        ;              ;         ; Column I/O ;                 ; no       ; Off          ;
; C6       ; 536        ; 8        ; RESERVED_INPUT                                            ;        ;              ;         ; Column I/O ;                 ; no       ; Off          ;
; C7       ; 521        ; 8        ; RESERVED_INPUT                                            ;        ;              ;         ; Column I/O ;                 ; no       ; Off          ;
; C8       ; 519        ; 8        ; RESERVED_INPUT                                            ;        ;              ;         ; Column I/O ;                 ; no       ; Off          ;
; C9       ; 510        ; 8        ; RESERVED_INPUT                                            ;        ;              ;         ; Column I/O ;                 ; no       ; Off          ;
; C10      ; 495        ; 8        ; RESERVED_INPUT                                            ;        ;              ;         ; Column I/O ;                 ; no       ; Off          ;
; C11      ; 508        ; 8        ; RESERVED_INPUT                                            ;        ;              ;         ; Column I/O ;                 ; no       ; Off          ;
; C12      ; 478        ; 8        ; RESERVED_INPUT                                            ;        ;              ;         ; Column I/O ;                 ; no       ; Off          ;
; C13      ; 474        ; 8        ; saida_binario[18]                                         ; output ; 2.5 V        ;         ; Column I/O ; N               ; no       ; Off          ;
; C14      ; 476        ; 8        ; saida_binario[31]                                         ; output ; 2.5 V        ;         ; Column I/O ; N               ; no       ; Off          ;
; C15      ; 468        ; 7        ; saida_binario[22]                                         ; output ; 2.5 V        ;         ; Column I/O ; N               ; no       ; Off          ;
; C16      ; 460        ; 7        ; RESERVED_INPUT                                            ;        ;              ;         ; Column I/O ;                 ; no       ; Off          ;
; C17      ; 438        ; 7        ; RESERVED_INPUT                                            ;        ;              ;         ; Column I/O ;                 ; no       ; Off          ;
; C18      ; 429        ; 7        ; RESERVED_INPUT                                            ;        ;              ;         ; Column I/O ;                 ; no       ; Off          ;
; C19      ; 435        ; 7        ; RESERVED_INPUT                                            ;        ;              ;         ; Column I/O ;                 ; no       ; Off          ;
; C20      ; 431        ; 7        ; RESERVED_INPUT                                            ;        ;              ;         ; Column I/O ;                 ; no       ; Off          ;
; C21      ; 422        ; 7        ; RESERVED_INPUT                                            ;        ;              ;         ; Column I/O ;                 ; no       ; Off          ;
; C22      ; 418        ; 7        ; RESERVED_INPUT                                            ;        ;              ;         ; Column I/O ;                 ; no       ; Off          ;
; C23      ; 415        ; 7        ; RESERVED_INPUT                                            ;        ;              ;         ; Column I/O ;                 ; no       ; Off          ;
; C24      ; 416        ; 7        ; RESERVED_INPUT                                            ;        ;              ;         ; Column I/O ;                 ; no       ; Off          ;
; C25      ; 411        ; 7        ; RESERVED_INPUT                                            ;        ;              ;         ; Column I/O ;                 ; no       ; Off          ;
; C26      ; 400        ; 7        ; RESERVED_INPUT                                            ;        ;              ;         ; Column I/O ;                 ; no       ; Off          ;
; C27      ; 382        ; 6        ; RESERVED_INPUT                                            ;        ;              ;         ; Row I/O    ;                 ; no       ; Off          ;
; C28      ;            ;          ; GND                                                       ; gnd    ;              ;         ; --         ;                 ; --       ; --           ;
; D1       ; 3          ; 1        ; RESERVED_INPUT                                            ;        ;              ;         ; Row I/O    ;                 ; no       ; Off          ;
; D2       ; 2          ; 1        ; RESERVED_INPUT                                            ;        ;              ;         ; Row I/O    ;                 ; no       ; Off          ;
; D3       ;            ;          ; GND                                                       ; gnd    ;              ;         ; --         ;                 ; --       ; --           ;
; D4       ; 540        ; 8        ; RESERVED_INPUT                                            ;        ;              ;         ; Column I/O ;                 ; no       ; Off          ;
; D5       ; 537        ; 8        ; RESERVED_INPUT                                            ;        ;              ;         ; Column I/O ;                 ; no       ; Off          ;
; D6       ; 524        ; 8        ; RESERVED_INPUT                                            ;        ;              ;         ; Column I/O ;                 ; no       ; Off          ;
; D7       ; 522        ; 8        ; RESERVED_INPUT                                            ;        ;              ;         ; Column I/O ;                 ; no       ; Off          ;
; D8       ; 520        ; 8        ; RESERVED_INPUT                                            ;        ;              ;         ; Column I/O ;                 ; no       ; Off          ;
; D9       ; 511        ; 8        ; RESERVED_INPUT                                            ;        ;              ;         ; Column I/O ;                 ; no       ; Off          ;
; D10      ; 496        ; 8        ; RESERVED_INPUT                                            ;        ;              ;         ; Column I/O ;                 ; no       ; Off          ;
; D11      ; 509        ; 8        ; RESERVED_INPUT                                            ;        ;              ;         ; Column I/O ;                 ; no       ; Off          ;
; D12      ; 479        ; 8        ; RESERVED_INPUT                                            ;        ;              ;         ; Column I/O ;                 ; no       ; Off          ;
; D13      ; 475        ; 8        ; saida_binario[26]                                         ; output ; 2.5 V        ;         ; Column I/O ; N               ; no       ; Off          ;
; D14      ; 477        ; 8        ; saida_binario[25]                                         ; output ; 2.5 V        ;         ; Column I/O ; N               ; no       ; Off          ;
; D15      ; 469        ; 7        ; saida_binario[19]                                         ; output ; 2.5 V        ;         ; Column I/O ; N               ; no       ; Off          ;
; D16      ; 461        ; 7        ; RESERVED_INPUT                                            ;        ;              ;         ; Column I/O ;                 ; no       ; Off          ;
; D17      ; 439        ; 7        ; RESERVED_INPUT                                            ;        ;              ;         ; Column I/O ;                 ; no       ; Off          ;
; D18      ; 430        ; 7        ; RESERVED_INPUT                                            ;        ;              ;         ; Column I/O ;                 ; no       ; Off          ;
; D19      ; 436        ; 7        ; RESERVED_INPUT                                            ;        ;              ;         ; Column I/O ;                 ; no       ; Off          ;
; D20      ; 432        ; 7        ; RESERVED_INPUT                                            ;        ;              ;         ; Column I/O ;                 ; no       ; Off          ;
; D21      ; 419        ; 7        ; RESERVED_INPUT                                            ;        ;              ;         ; Column I/O ;                 ; no       ; Off          ;
; D22      ; 402        ; 7        ; RESERVED_INPUT                                            ;        ;              ;         ; Column I/O ;                 ; no       ; Off          ;
; D23      ; 414        ; 7        ; RESERVED_INPUT                                            ;        ;              ;         ; Column I/O ;                 ; no       ; Off          ;
; D24      ; 417        ; 7        ; RESERVED_INPUT                                            ;        ;              ;         ; Column I/O ;                 ; no       ; Off          ;
; D25      ; 410        ; 7        ; RESERVED_INPUT                                            ;        ;              ;         ; Column I/O ;                 ; no       ; Off          ;
; D26      ; 383        ; 6        ; RESERVED_INPUT                                            ;        ;              ;         ; Row I/O    ;                 ; no       ; Off          ;
; D27      ; 381        ; 6        ; RESERVED_INPUT                                            ;        ;              ;         ; Row I/O    ;                 ; no       ; Off          ;
; D28      ; 380        ; 6        ; RESERVED_INPUT                                            ;        ;              ;         ; Row I/O    ;                 ; no       ; Off          ;
; E1       ; 17         ; 1        ; RESERVED_INPUT                                            ;        ;              ;         ; Row I/O    ;                 ; no       ; Off          ;
; E2       ; 16         ; 1        ; ~ALTERA_FLASH_nCE_nCSO~ / RESERVED_INPUT_WITH_WEAK_PULLUP ; input  ; 2.5 V        ;         ; Row I/O    ; N               ; no       ; On           ;
; E3       ; 7          ; 1        ; RESERVED_INPUT                                            ;        ;              ;         ; Row I/O    ;                 ; no       ; Off          ;
; E4       ; 541        ; 8        ; RESERVED_INPUT                                            ;        ;              ;         ; Column I/O ;                 ; no       ; Off          ;
; E5       ; 542        ; 8        ; RESERVED_INPUT                                            ;        ;              ;         ; Column I/O ;                 ; no       ; Off          ;
; E6       ;            ; 8        ; VCCIO8                                                    ; power  ;              ; 2.5V    ; --         ;                 ; --       ; --           ;
; E7       ; 523        ; 8        ; RESERVED_INPUT                                            ;        ;              ;         ; Column I/O ;                 ; no       ; Off          ;
; E8       ; 526        ; 8        ; RESERVED_INPUT                                            ;        ;              ;         ; Column I/O ;                 ; no       ; Off          ;
; E9       ;            ; 8        ; VCCIO8                                                    ; power  ;              ; 2.5V    ; --         ;                 ; --       ; --           ;
; E10      ; 516        ; 8        ; RESERVED_INPUT                                            ;        ;              ;         ; Column I/O ;                 ; no       ; Off          ;
; E11      ; 499        ; 8        ; RESERVED_INPUT                                            ;        ;              ;         ; Column I/O ;                 ; no       ; Off          ;
; E12      ; 497        ; 8        ; RESERVED_INPUT                                            ;        ;              ;         ; Column I/O ;                 ; no       ; Off          ;
; E13      ;            ; 8        ; VCCIO8                                                    ; power  ;              ; 2.5V    ; --         ;                 ; --       ; --           ;
; E14      ; 486        ; 8        ; RESERVED_INPUT                                            ;        ;              ;         ; Column I/O ;                 ; no       ; Off          ;
; E15      ; 467        ; 7        ; saida_binario[20]                                         ; output ; 2.5 V        ;         ; Column I/O ; N               ; no       ; Off          ;
; E16      ;            ; 7        ; VCCIO7                                                    ; power  ;              ; 2.5V    ; --         ;                 ; --       ; --           ;
; E17      ; 456        ; 7        ; display0[2]                                               ; output ; 2.5 V        ;         ; Column I/O ; Y               ; no       ; Off          ;
; E18      ; 427        ; 7        ; saida_binario[5]                                          ; output ; 2.5 V        ;         ; Column I/O ; Y               ; no       ; Off          ;
; E19      ; 421        ; 7        ; saida_binario[2]                                          ; output ; 2.5 V        ;         ; Column I/O ; Y               ; no       ; Off          ;
; E20      ;            ; 7        ; VCCIO7                                                    ; power  ;              ; 2.5V    ; --         ;                 ; --       ; --           ;
; E21      ; 407        ; 7        ; led_zero                                                  ; output ; 2.5 V        ;         ; Column I/O ; Y               ; no       ; Off          ;
; E22      ; 403        ; 7        ; led_negativo                                              ; output ; 2.5 V        ;         ; Column I/O ; Y               ; no       ; Off          ;
; E23      ;            ; 7        ; VCCIO7                                                    ; power  ;              ; 2.5V    ; --         ;                 ; --       ; --           ;
; E24      ; 433        ; 7        ; RESERVED_INPUT                                            ;        ;              ;         ; Column I/O ;                 ; no       ; Off          ;
; E25      ; 434        ; 7        ; RESERVED_INPUT                                            ;        ;              ;         ; Column I/O ;                 ; no       ; Off          ;
; E26      ; 378        ; 6        ; RESERVED_INPUT                                            ;        ;              ;         ; Row I/O    ;                 ; no       ; Off          ;
; E27      ; 375        ; 6        ; RESERVED_INPUT                                            ;        ;              ;         ; Row I/O    ;                 ; no       ; Off          ;
; E28      ; 374        ; 6        ; RESERVED_INPUT                                            ;        ;              ;         ; Row I/O    ;                 ; no       ; Off          ;
; F1       ; 19         ; 1        ; RESERVED_INPUT                                            ;        ;              ;         ; Row I/O    ;                 ; no       ; Off          ;
; F2       ; 18         ; 1        ; RESERVED_INPUT                                            ;        ;              ;         ; Row I/O    ;                 ; no       ; Off          ;
; F3       ; 8          ; 1        ; RESERVED_INPUT                                            ;        ;              ;         ; Row I/O    ;                 ; no       ; Off          ;
; F4       ; 10         ; 1        ; ~ALTERA_ASDO_DATA1~ / RESERVED_INPUT_WITH_WEAK_PULLUP     ; input  ; 2.5 V        ;         ; Row I/O    ; N               ; no       ; On           ;
; F5       ; 9          ; 1        ; RESERVED_INPUT                                            ;        ;              ;         ; Row I/O    ;                 ; no       ; Off          ;
; F6       ;            ;          ; GND                                                       ; gnd    ;              ;         ; --         ;                 ; --       ; --           ;
; F7       ; 531        ; 8        ; RESERVED_INPUT                                            ;        ;              ;         ; Column I/O ;                 ; no       ; Off          ;
; F8       ; 527        ; 8        ; RESERVED_INPUT                                            ;        ;              ;         ; Column I/O ;                 ; no       ; Off          ;
; F9       ;            ;          ; GND                                                       ; gnd    ;              ;         ; --         ;                 ; --       ; --           ;
; F10      ; 512        ; 8        ; RESERVED_INPUT                                            ;        ;              ;         ; Column I/O ;                 ; no       ; Off          ;
; F11      ; 500        ; 8        ; RESERVED_INPUT                                            ;        ;              ;         ; Column I/O ;                 ; no       ; Off          ;
; F12      ; 498        ; 8        ; RESERVED_INPUT                                            ;        ;              ;         ; Column I/O ;                 ; no       ; Off          ;
; F13      ;            ;          ; GND                                                       ; gnd    ;              ;         ; --         ;                 ; --       ; --           ;
; F14      ; 485        ; 8        ; RESERVED_INPUT                                            ;        ;              ;         ; Column I/O ;                 ; no       ; Off          ;
; F15      ; 466        ; 7        ; saida_binario[14]                                         ; output ; 2.5 V        ;         ; Column I/O ; Y               ; no       ; Off          ;
; F16      ;            ;          ; GND                                                       ; gnd    ;              ;         ; --         ;                 ; --       ; --           ;
; F17      ; 455        ; 7        ; io_stall_flag                                             ; output ; 2.5 V        ;         ; Column I/O ; Y               ; no       ; Off          ;
; F18      ; 428        ; 7        ; saida_binario[4]                                          ; output ; 2.5 V        ;         ; Column I/O ; Y               ; no       ; Off          ;
; F19      ; 420        ; 7        ; saida_binario[1]                                          ; output ; 2.5 V        ;         ; Column I/O ; Y               ; no       ; Off          ;
; F20      ;            ;          ; GND                                                       ; gnd    ;              ;         ; --         ;                 ; --       ; --           ;
; F21      ; 408        ; 7        ; saida_binario[3]                                          ; output ; 2.5 V        ;         ; Column I/O ; Y               ; no       ; Off          ;
; F22      ; 409        ; 7        ; display0[1]                                               ; output ; 2.5 V        ;         ; Column I/O ; Y               ; no       ; Off          ;
; F23      ;            ;          ; GND                                                       ; gnd    ;              ;         ; --         ;                 ; --       ; --           ;
; F24      ; 396        ; 6        ; RESERVED_INPUT                                            ;        ;              ;         ; Row I/O    ;                 ; no       ; Off          ;
; F25      ; 395        ; 6        ; RESERVED_INPUT                                            ;        ;              ;         ; Row I/O    ;                 ; no       ; Off          ;
; F26      ; 379        ; 6        ; RESERVED_INPUT                                            ;        ;              ;         ; Row I/O    ;                 ; no       ; Off          ;
; F27      ; 373        ; 6        ; RESERVED_INPUT                                            ;        ;              ;         ; Row I/O    ;                 ; no       ; Off          ;
; F28      ; 372        ; 6        ; RESERVED_INPUT                                            ;        ;              ;         ; Row I/O    ;                 ; no       ; Off          ;
; G1       ; 26         ; 1        ; RESERVED_INPUT                                            ;        ;              ;         ; Row I/O    ;                 ; no       ; Off          ;
; G2       ; 25         ; 1        ; RESERVED_INPUT                                            ;        ;              ;         ; Row I/O    ;                 ; no       ; Off          ;
; G3       ; 13         ; 1        ; RESERVED_INPUT                                            ;        ;              ;         ; Row I/O    ;                 ; no       ; Off          ;
; G4       ; 12         ; 1        ; RESERVED_INPUT                                            ;        ;              ;         ; Row I/O    ;                 ; no       ; Off          ;
; G5       ; 6          ; 1        ; RESERVED_INPUT                                            ;        ;              ;         ; Row I/O    ;                 ; no       ; Off          ;
; G6       ; 5          ; 1        ; RESERVED_INPUT                                            ;        ;              ;         ; Row I/O    ;                 ; no       ; Off          ;
; G7       ; 530        ; 8        ; RESERVED_INPUT                                            ;        ;              ;         ; Column I/O ;                 ; no       ; Off          ;
; G8       ; 528        ; 8        ; RESERVED_INPUT                                            ;        ;              ;         ; Column I/O ;                 ; no       ; Off          ;
; G9       ; 525        ; 8        ; RESERVED_INPUT                                            ;        ;              ;         ; Column I/O ;                 ; --       ; --           ;
; G10      ; 513        ; 8        ; RESERVED_INPUT                                            ;        ;              ;         ; Column I/O ;                 ; no       ; Off          ;
; G11      ; 506        ; 8        ; RESERVED_INPUT                                            ;        ;              ;         ; Column I/O ;                 ; no       ; Off          ;
; G12      ; 503        ; 8        ; RESERVED_INPUT                                            ;        ;              ;         ; Column I/O ;                 ; --       ; --           ;
; G13      ; 493        ; 8        ; RESERVED_INPUT                                            ;        ;              ;         ; Column I/O ;                 ; no       ; Off          ;
; G14      ; 484        ; 8        ; RESERVED_INPUT                                            ;        ;              ;         ; Column I/O ;                 ; --       ; --           ;
; G15      ; 457        ; 7        ; saida_binario[15]                                         ; output ; 2.5 V        ;         ; Column I/O ; Y               ; no       ; Off          ;
; G16      ; 453        ; 7        ; saida_binario[16]                                         ; output ; 2.5 V        ;         ; Column I/O ; Y               ; no       ; Off          ;
; G17      ; 437        ; 7        ; saida_binario[9]                                          ; output ; 2.5 V        ;         ; Column I/O ; Y               ; no       ; Off          ;
; G18      ; 452        ; 7        ; display0[0]                                               ; output ; 2.5 V        ;         ; Column I/O ; Y               ; no       ; Off          ;
; G19      ; 451        ; 7        ; saida_binario[0]                                          ; output ; 2.5 V        ;         ; Column I/O ; Y               ; no       ; Off          ;
; G20      ; 444        ; 7        ; RESERVED_INPUT                                            ;        ;              ;         ; Column I/O ;                 ; no       ; Off          ;
; G21      ; 445        ; 7        ; RESERVED_INPUT                                            ;        ;              ;         ; Column I/O ;                 ; no       ; Off          ;
; G22      ; 449        ; 7        ; RESERVED_INPUT                                            ;        ;              ;         ; Column I/O ;                 ; no       ; Off          ;
; G23      ; 398        ; 6        ; RESERVED_INPUT                                            ;        ;              ;         ; Row I/O    ;                 ; no       ; Off          ;
; G24      ; 397        ; 6        ; RESERVED_INPUT                                            ;        ;              ;         ; Row I/O    ;                 ; no       ; Off          ;
; G25      ; 393        ; 6        ; RESERVED_INPUT                                            ;        ;              ;         ; Row I/O    ;                 ; no       ; Off          ;
; G26      ; 392        ; 6        ; RESERVED_INPUT                                            ;        ;              ;         ; Row I/O    ;                 ; no       ; Off          ;
; G27      ; 367        ; 6        ; RESERVED_INPUT                                            ;        ;              ;         ; Row I/O    ;                 ; no       ; Off          ;
; G28      ; 366        ; 6        ; RESERVED_INPUT                                            ;        ;              ;         ; Row I/O    ;                 ; no       ; Off          ;
; H1       ;            ; 1        ; VCCIO1                                                    ; power  ;              ; 2.5V    ; --         ;                 ; --       ; --           ;
; H2       ;            ;          ; GND                                                       ; gnd    ;              ;         ; --         ;                 ; --       ; --           ;
; H3       ; 15         ; 1        ; RESERVED_INPUT                                            ;        ;              ;         ; Row I/O    ;                 ; no       ; Off          ;
; H4       ; 14         ; 1        ; RESERVED_INPUT                                            ;        ;              ;         ; Row I/O    ;                 ; no       ; Off          ;
; H5       ; 20         ; 1        ; RESERVED_INPUT                                            ;        ;              ;         ; Row I/O    ;                 ; no       ; Off          ;
; H6       ; 11         ; 1        ; RESERVED_INPUT                                            ;        ;              ;         ; Row I/O    ;                 ; no       ; Off          ;
; H7       ; 4          ; 1        ; RESERVED_INPUT                                            ;        ;              ;         ; Row I/O    ;                 ; --       ; --           ;
; H8       ; 529        ; 8        ; RESERVED_INPUT                                            ;        ;              ;         ; Column I/O ;                 ; no       ; Off          ;
; H9       ;            ;          ; GNDA3                                                     ; gnd    ;              ;         ; --         ;                 ; --       ; --           ;
; H10      ; 514        ; 8        ; RESERVED_INPUT                                            ;        ;              ;         ; Column I/O ;                 ; no       ; Off          ;
; H11      ;            ; 8        ; VCCIO8                                                    ; power  ;              ; 2.5V    ; --         ;                 ; --       ; --           ;
; H12      ; 507        ; 8        ; RESERVED_INPUT                                            ;        ;              ;         ; Column I/O ;                 ; no       ; Off          ;
; H13      ; 494        ; 8        ; RESERVED_INPUT                                            ;        ;              ;         ; Column I/O ;                 ; no       ; Off          ;
; H14      ; 480        ; 8        ; RESERVED_INPUT                                            ;        ;              ;         ; Column I/O ;                 ; no       ; Off          ;
; H15      ; 464        ; 7        ; saida_binario[17]                                         ; output ; 2.5 V        ;         ; Column I/O ; Y               ; no       ; Off          ;
; H16      ; 459        ; 7        ; saida_binario[11]                                         ; output ; 2.5 V        ;         ; Column I/O ; Y               ; no       ; Off          ;
; H17      ; 454        ; 7        ; saida_binario[13]                                         ; output ; 2.5 V        ;         ; Column I/O ; Y               ; no       ; Off          ;
; H18      ;            ; 7        ; VCCIO7                                                    ; power  ;              ; 2.5V    ; --         ;                 ; --       ; --           ;
; H19      ; 446        ; 7        ; saida_binario[7]                                          ; output ; 2.5 V        ;         ; Column I/O ; Y               ; no       ; Off          ;
; H20      ;            ;          ; GNDA2                                                     ; gnd    ;              ;         ; --         ;                 ; --       ; --           ;
; H21      ; 448        ; 7        ; RESERVED_INPUT                                            ;        ;              ;         ; Column I/O ;                 ; no       ; Off          ;
; H22      ; 399        ; 6        ; display0[6]                                               ; output ; 2.5 V        ;         ; Row I/O    ; Y               ; no       ; Off          ;
; H23      ; 391        ; 6        ; RESERVED_INPUT                                            ;        ;              ;         ; Row I/O    ;                 ; no       ; Off          ;
; H24      ; 390        ; 6        ; RESERVED_INPUT                                            ;        ;              ;         ; Row I/O    ;                 ; no       ; Off          ;
; H25      ; 377        ; 6        ; RESERVED_INPUT                                            ;        ;              ;         ; Row I/O    ;                 ; no       ; Off          ;
; H26      ; 376        ; 6        ; RESERVED_INPUT                                            ;        ;              ;         ; Row I/O    ;                 ; no       ; Off          ;
; H27      ;            ;          ; GND                                                       ; gnd    ;              ;         ; --         ;                 ; --       ; --           ;
; H28      ;            ; 6        ; VCCIO6                                                    ; power  ;              ; 2.5V    ; --         ;                 ; --       ; --           ;
; J1       ; 64         ; 1        ; GND+                                                      ;        ;              ;         ; Row I/O    ;                 ; --       ; --           ;
; J2       ;            ;          ; GND                                                       ; gnd    ;              ;         ; --         ;                 ; --       ; --           ;
; J3       ; 23         ; 1        ; RESERVED_INPUT                                            ;        ;              ;         ; Row I/O    ;                 ; no       ; Off          ;
; J4       ; 22         ; 1        ; RESERVED_INPUT                                            ;        ;              ;         ; Row I/O    ;                 ; no       ; Off          ;
; J5       ; 36         ; 1        ; RESERVED_INPUT                                            ;        ;              ;         ; Row I/O    ;                 ; no       ; Off          ;
; J6       ; 35         ; 1        ; RESERVED_INPUT                                            ;        ;              ;         ; Row I/O    ;                 ; no       ; Off          ;
; J7       ; 37         ; 1        ; RESERVED_INPUT                                            ;        ;              ;         ; Row I/O    ;                 ; no       ; Off          ;
; J8       ;            ; --       ; VCCA3                                                     ; power  ;              ; 2.5V    ; --         ;                 ; --       ; --           ;
; J9       ;            ;          ; VCCD_PLL3                                                 ; power  ;              ; 1.2V    ; --         ;                 ; --       ; --           ;
; J10      ; 515        ; 8        ; RESERVED_INPUT                                            ;        ;              ;         ; Column I/O ;                 ; no       ; Off          ;
; J11      ;            ;          ; GND                                                       ; gnd    ;              ;         ; --         ;                 ; --       ; --           ;
; J12      ; 490        ; 8        ; RESERVED_INPUT                                            ;        ;              ;         ; Column I/O ;                 ; no       ; Off          ;
; J13      ; 489        ; 8        ; RESERVED_INPUT                                            ;        ;              ;         ; Column I/O ;                 ; no       ; Off          ;
; J14      ; 481        ; 8        ; RESERVED_INPUT                                            ;        ;              ;         ; Column I/O ;                 ; no       ; Off          ;
; J15      ; 465        ; 7        ; saida_binario[10]                                         ; output ; 2.5 V        ;         ; Column I/O ; Y               ; no       ; Off          ;
; J16      ; 458        ; 7        ; saida_binario[12]                                         ; output ; 2.5 V        ;         ; Column I/O ; Y               ; no       ; Off          ;
; J17      ; 450        ; 7        ; saida_binario[8]                                          ; output ; 2.5 V        ;         ; Column I/O ; Y               ; no       ; Off          ;
; J18      ;            ;          ; GND                                                       ; gnd    ;              ;         ; --         ;                 ; --       ; --           ;
; J19      ; 447        ; 7        ; saida_binario[6]                                          ; output ; 2.5 V        ;         ; Column I/O ; Y               ; no       ; Off          ;
; J20      ;            ;          ; VCCD_PLL2                                                 ; power  ;              ; 1.2V    ; --         ;                 ; --       ; --           ;
; J21      ;            ; --       ; VCCA2                                                     ; power  ;              ; 2.5V    ; --         ;                 ; --       ; --           ;
; J22      ; 394        ; 6        ; display0[5]                                               ; output ; 2.5 V        ;         ; Row I/O    ; Y               ; no       ; Off          ;
; J23      ; 387        ; 6        ; RESERVED_INPUT                                            ;        ;              ;         ; Row I/O    ;                 ; no       ; Off          ;
; J24      ; 386        ; 6        ; RESERVED_INPUT                                            ;        ;              ;         ; Row I/O    ;                 ; no       ; Off          ;
; J25      ; 365        ; 6        ; RESERVED_INPUT                                            ;        ;              ;         ; Row I/O    ;                 ; no       ; Off          ;
; J26      ; 364        ; 6        ; RESERVED_INPUT                                            ;        ;              ;         ; Row I/O    ;                 ; no       ; Off          ;
; J27      ; 338        ; 6        ; GND+                                                      ;        ;              ;         ; Row I/O    ;                 ; --       ; --           ;
; J28      ; 337        ; 6        ; GND+                                                      ;        ;              ;         ; Row I/O    ;                 ; --       ; --           ;
; K1       ; 28         ; 1        ; RESERVED_INPUT                                            ;        ;              ;         ; Row I/O    ;                 ; no       ; Off          ;
; K2       ; 27         ; 1        ; RESERVED_INPUT                                            ;        ;              ;         ; Row I/O    ;                 ; no       ; Off          ;
; K3       ; 30         ; 1        ; RESERVED_INPUT                                            ;        ;              ;         ; Row I/O    ;                 ; no       ; Off          ;
; K4       ; 29         ; 1        ; RESERVED_INPUT                                            ;        ;              ;         ; Row I/O    ;                 ; no       ; Off          ;
; K5       ;            ; 1        ; VCCIO1                                                    ; power  ;              ; 2.5V    ; --         ;                 ; --       ; --           ;
; K6       ;            ;          ; GND                                                       ; gnd    ;              ;         ; --         ;                 ; --       ; --           ;
; K7       ; 38         ; 1        ; RESERVED_INPUT                                            ;        ;              ;         ; Row I/O    ;                 ; no       ; Off          ;
; K8       ; 39         ; 1        ; RESERVED_INPUT                                            ;        ;              ;         ; Row I/O    ;                 ; no       ; Off          ;
; K9       ;            ;          ; VCCINT                                                    ; power  ;              ; 1.2V    ; --         ;                 ; --       ; --           ;
; K10      ;            ;          ; GND                                                       ; gnd    ;              ;         ; --         ;                 ; --       ; --           ;
; K11      ;            ;          ; VCCINT                                                    ; power  ;              ; 1.2V    ; --         ;                 ; --       ; --           ;
; K12      ;            ;          ; GND                                                       ; gnd    ;              ;         ; --         ;                 ; --       ; --           ;
; K13      ;            ;          ; VCCINT                                                    ; power  ;              ; 1.2V    ; --         ;                 ; --       ; --           ;
; K14      ;            ;          ; GND                                                       ; gnd    ;              ;         ; --         ;                 ; --       ; --           ;
; K15      ;            ;          ; VCCINT                                                    ; power  ;              ; 1.2V    ; --         ;                 ; --       ; --           ;
; K16      ;            ;          ; GND                                                       ; gnd    ;              ;         ; --         ;                 ; --       ; --           ;
; K17      ;            ;          ; VCCINT                                                    ; power  ;              ; 1.2V    ; --         ;                 ; --       ; --           ;
; K18      ;            ;          ; GND                                                       ; gnd    ;              ;         ; --         ;                 ; --       ; --           ;
; K19      ;            ;          ; VCCINT                                                    ; power  ;              ; 1.2V    ; --         ;                 ; --       ; --           ;
; K20      ;            ;          ; GND                                                       ; gnd    ;              ;         ; --         ;                 ; --       ; --           ;
; K21      ; 389        ; 6        ; RESERVED_INPUT                                            ;        ;              ;         ; Row I/O    ;                 ; no       ; Off          ;
; K22      ; 388        ; 6        ; RESERVED_INPUT                                            ;        ;              ;         ; Row I/O    ;                 ; no       ; Off          ;
; K23      ;            ;          ; GND                                                       ; gnd    ;              ;         ; --         ;                 ; --       ; --           ;
; K24      ;            ; 6        ; VCCIO6                                                    ; power  ;              ; 2.5V    ; --         ;                 ; --       ; --           ;
; K25      ; 371        ; 6        ; RESERVED_INPUT                                            ;        ;              ;         ; Row I/O    ;                 ; no       ; Off          ;
; K26      ; 370        ; 6        ; RESERVED_INPUT                                            ;        ;              ;         ; Row I/O    ;                 ; no       ; Off          ;
; K27      ; 362        ; 6        ; RESERVED_INPUT                                            ;        ;              ;         ; Row I/O    ;                 ; no       ; Off          ;
; K28      ; 361        ; 6        ; saida_binario[23]                                         ; output ; 2.5 V        ;         ; Row I/O    ; N               ; no       ; Off          ;
; L1       ; 49         ; 1        ; RESERVED_INPUT                                            ;        ;              ;         ; Row I/O    ;                 ; no       ; Off          ;
; L2       ; 48         ; 1        ; RESERVED_INPUT                                            ;        ;              ;         ; Row I/O    ;                 ; no       ; Off          ;
; L3       ; 32         ; 1        ; RESERVED_INPUT                                            ;        ;              ;         ; Row I/O    ;                 ; no       ; Off          ;
; L4       ; 31         ; 1        ; RESERVED_INPUT                                            ;        ;              ;         ; Row I/O    ;                 ; no       ; Off          ;
; L5       ; 21         ; 1        ; RESERVED_INPUT                                            ;        ;              ;         ; Row I/O    ;                 ; --       ; --           ;
; L6       ; 43         ; 1        ; RESERVED_INPUT                                            ;        ;              ;         ; Row I/O    ;                 ; no       ; Off          ;
; L7       ; 42         ; 1        ; RESERVED_INPUT                                            ;        ;              ;         ; Row I/O    ;                 ; no       ; Off          ;
; L8       ; 40         ; 1        ; RESERVED_INPUT                                            ;        ;              ;         ; Row I/O    ;                 ; no       ; Off          ;
; L9       ;            ;          ; GND                                                       ; gnd    ;              ;         ; --         ;                 ; --       ; --           ;
; L10      ;            ;          ; VCCINT                                                    ; power  ;              ; 1.2V    ; --         ;                 ; --       ; --           ;
; L11      ;            ;          ; GND                                                       ; gnd    ;              ;         ; --         ;                 ; --       ; --           ;
; L12      ;            ;          ; VCCINT                                                    ; power  ;              ; 1.2V    ; --         ;                 ; --       ; --           ;
; L13      ;            ;          ; GND                                                       ; gnd    ;              ;         ; --         ;                 ; --       ; --           ;
; L14      ;            ;          ; VCCINT                                                    ; power  ;              ; 1.2V    ; --         ;                 ; --       ; --           ;
; L15      ;            ;          ; GND                                                       ; gnd    ;              ;         ; --         ;                 ; --       ; --           ;
; L16      ;            ;          ; VCCINT                                                    ; power  ;              ; 1.2V    ; --         ;                 ; --       ; --           ;
; L17      ;            ;          ; GND                                                       ; gnd    ;              ;         ; --         ;                 ; --       ; --           ;
; L18      ;            ;          ; VCCINT                                                    ; power  ;              ; 1.2V    ; --         ;                 ; --       ; --           ;
; L19      ;            ;          ; GND                                                       ; gnd    ;              ;         ; --         ;                 ; --       ; --           ;
; L20      ;            ;          ; VCCINT                                                    ; power  ;              ; 1.2V    ; --         ;                 ; --       ; --           ;
; L21      ; 385        ; 6        ; RESERVED_INPUT                                            ;        ;              ;         ; Row I/O    ;                 ; no       ; Off          ;
; L22      ; 384        ; 6        ; RESERVED_INPUT                                            ;        ;              ;         ; Row I/O    ;                 ; no       ; Off          ;
; L23      ; 360        ; 6        ; RESERVED_INPUT                                            ;        ;              ;         ; Row I/O    ;                 ; no       ; Off          ;
; L24      ; 359        ; 6        ; saida_binario[21]                                         ; output ; 2.5 V        ;         ; Row I/O    ; N               ; no       ; Off          ;
; L25      ; 369        ; 6        ; display0[4]                                               ; output ; 2.5 V        ;         ; Row I/O    ; Y               ; no       ; Off          ;
; L26      ; 363        ; 6        ; display0[3]                                               ; output ; 2.5 V        ;         ; Row I/O    ; Y               ; no       ; Off          ;
; L27      ; 358        ; 6        ; RESERVED_INPUT                                            ;        ;              ;         ; Row I/O    ;                 ; no       ; Off          ;
; L28      ; 357        ; 6        ; RESERVED_INPUT                                            ;        ;              ;         ; Row I/O    ;                 ; no       ; Off          ;
; M1       ; 51         ; 1        ; RESERVED_INPUT                                            ;        ;              ;         ; Row I/O    ;                 ; no       ; Off          ;
; M2       ; 50         ; 1        ; RESERVED_INPUT                                            ;        ;              ;         ; Row I/O    ;                 ; no       ; Off          ;
; M3       ; 34         ; 1        ; RESERVED_INPUT                                            ;        ;              ;         ; Row I/O    ;                 ; no       ; Off          ;
; M4       ; 33         ; 1        ; RESERVED_INPUT                                            ;        ;              ;         ; Row I/O    ;                 ; no       ; Off          ;
; M5       ; 41         ; 1        ; RESERVED_INPUT                                            ;        ;              ;         ; Row I/O    ;                 ; --       ; --           ;
; M6       ; 24         ; 1        ; ^nSTATUS                                                  ;        ;              ;         ; --         ;                 ; --       ; --           ;
; M7       ; 47         ; 1        ; RESERVED_INPUT                                            ;        ;              ;         ; Row I/O    ;                 ; no       ; Off          ;
; M8       ; 46         ; 1        ; RESERVED_INPUT                                            ;        ;              ;         ; Row I/O    ;                 ; no       ; Off          ;
; M9       ;            ;          ; VCCINT                                                    ; power  ;              ; 1.2V    ; --         ;                 ; --       ; --           ;
; M10      ;            ;          ; GND                                                       ; gnd    ;              ;         ; --         ;                 ; --       ; --           ;
; M11      ;            ;          ; VCCINT                                                    ; power  ;              ; 1.2V    ; --         ;                 ; --       ; --           ;
; M12      ;            ;          ; GND                                                       ; gnd    ;              ;         ; --         ;                 ; --       ; --           ;
; M13      ;            ;          ; VCCINT                                                    ; power  ;              ; 1.2V    ; --         ;                 ; --       ; --           ;
; M14      ;            ;          ; GND                                                       ; gnd    ;              ;         ; --         ;                 ; --       ; --           ;
; M15      ;            ;          ; VCCINT                                                    ; power  ;              ; 1.2V    ; --         ;                 ; --       ; --           ;
; M16      ;            ;          ; GND                                                       ; gnd    ;              ;         ; --         ;                 ; --       ; --           ;
; M17      ;            ;          ; VCCINT                                                    ; power  ;              ; 1.2V    ; --         ;                 ; --       ; --           ;
; M18      ;            ;          ; GND                                                       ; gnd    ;              ;         ; --         ;                 ; --       ; --           ;
; M19      ;            ;          ; VCCINT                                                    ; power  ;              ; 1.2V    ; --         ;                 ; --       ; --           ;
; M20      ;            ;          ; GND                                                       ; gnd    ;              ;         ; --         ;                 ; --       ; --           ;
; M21      ; 368        ; 6        ; RESERVED_INPUT                                            ;        ;              ;         ; Row I/O    ;                 ; --       ; --           ;
; M22      ; 342        ; 6        ; ^MSEL2                                                    ;        ;              ;         ; --         ;                 ; --       ; --           ;
; M23      ; 344        ; 6        ; botaoEnter_n                                              ; input  ; 2.5 V        ;         ; Row I/O    ; Y               ; no       ; Off          ;
; M24      ; 347        ; 6        ; display1[0]                                               ; output ; 2.5 V        ;         ; Row I/O    ; Y               ; no       ; Off          ;
; M25      ; 356        ; 6        ; RESERVED_INPUT                                            ;        ;              ;         ; Row I/O    ;                 ; no       ; Off          ;
; M26      ; 355        ; 6        ; RESERVED_INPUT                                            ;        ;              ;         ; Row I/O    ;                 ; no       ; Off          ;
; M27      ; 354        ; 6        ; RESERVED_INPUT                                            ;        ;              ;         ; Row I/O    ;                 ; no       ; Off          ;
; M28      ; 353        ; 6        ; RESERVED_INPUT                                            ;        ;              ;         ; Row I/O    ;                 ; no       ; Off          ;
; N1       ;            ; 1        ; VCCIO1                                                    ; power  ;              ; 2.5V    ; --         ;                 ; --       ; --           ;
; N2       ;            ;          ; GND                                                       ; gnd    ;              ;         ; --         ;                 ; --       ; --           ;
; N3       ; 45         ; 1        ; RESERVED_INPUT                                            ;        ;              ;         ; Row I/O    ;                 ; no       ; Off          ;
; N4       ; 44         ; 1        ; RESERVED_INPUT                                            ;        ;              ;         ; Row I/O    ;                 ; no       ; Off          ;
; N5       ;            ; 1        ; VCCIO1                                                    ; power  ;              ; 2.5V    ; --         ;                 ; --       ; --           ;
; N6       ;            ;          ; GND                                                       ; gnd    ;              ;         ; --         ;                 ; --       ; --           ;
; N7       ; 56         ; 1        ; ~ALTERA_DATA0~ / RESERVED_INPUT_WITH_WEAK_PULLUP          ; input  ; 2.5 V        ;         ; Row I/O    ; N               ; no       ; On           ;
; N8       ; 54         ; 1        ; RESERVED_INPUT                                            ;        ;              ;         ; Row I/O    ;                 ; no       ; Off          ;
; N9       ;            ;          ; GND                                                       ; gnd    ;              ;         ; --         ;                 ; --       ; --           ;
; N10      ;            ;          ; VCCINT                                                    ; power  ;              ; 1.2V    ; --         ;                 ; --       ; --           ;
; N11      ;            ;          ; GND                                                       ; gnd    ;              ;         ; --         ;                 ; --       ; --           ;
; N12      ;            ;          ; VCCINT                                                    ; power  ;              ; 1.2V    ; --         ;                 ; --       ; --           ;
; N13      ;            ;          ; GND                                                       ; gnd    ;              ;         ; --         ;                 ; --       ; --           ;
; N14      ;            ;          ; VCCINT                                                    ; power  ;              ; 1.2V    ; --         ;                 ; --       ; --           ;
; N15      ;            ;          ; GND                                                       ; gnd    ;              ;         ; --         ;                 ; --       ; --           ;
; N16      ;            ;          ; VCCINT                                                    ; power  ;              ; 1.2V    ; --         ;                 ; --       ; --           ;
; N17      ;            ;          ; GND                                                       ; gnd    ;              ;         ; --         ;                 ; --       ; --           ;
; N18      ;            ;          ; VCCINT                                                    ; power  ;              ; 1.2V    ; --         ;                 ; --       ; --           ;
; N19      ;            ;          ; GND                                                       ; gnd    ;              ;         ; --         ;                 ; --       ; --           ;
; N20      ;            ;          ; VCCINT                                                    ; power  ;              ; 1.2V    ; --         ;                 ; --       ; --           ;
; N21      ; 348        ; 6        ; saida_binario[29]                                         ; output ; 2.5 V        ;         ; Row I/O    ; N               ; no       ; Off          ;
; N22      ; 340        ; 6        ; ^MSEL0                                                    ;        ;              ;         ; --         ;                 ; --       ; --           ;
; N23      ;            ;          ; GND                                                       ; gnd    ;              ;         ; --         ;                 ; --       ; --           ;
; N24      ;            ; 6        ; VCCIO6                                                    ; power  ;              ; 2.5V    ; --         ;                 ; --       ; --           ;
; N25      ; 352        ; 6        ; RESERVED_INPUT                                            ;        ;              ;         ; Row I/O    ;                 ; no       ; Off          ;
; N26      ; 351        ; 6        ; RESERVED_INPUT                                            ;        ;              ;         ; Row I/O    ;                 ; no       ; Off          ;
; N27      ;            ;          ; GND                                                       ; gnd    ;              ;         ; --         ;                 ; --       ; --           ;
; N28      ;            ; 6        ; VCCIO6                                                    ; power  ;              ; 2.5V    ; --         ;                 ; --       ; --           ;
; P1       ; 53         ; 1        ; RESERVED_INPUT                                            ;        ;              ;         ; Row I/O    ;                 ; no       ; Off          ;
; P2       ; 52         ; 1        ; RESERVED_INPUT                                            ;        ;              ;         ; Row I/O    ;                 ; no       ; Off          ;
; P3       ; 55         ; 1        ; ~ALTERA_DCLK~                                             ; output ; 2.5 V        ;         ; Row I/O    ; N               ; no       ; On           ;
; P4       ; 57         ; 1        ; ^nCONFIG                                                  ;        ;              ;         ; --         ;                 ; --       ; --           ;
; P5       ; 59         ; 1        ; #TCK                                                      ; input  ;              ;         ; --         ;                 ; --       ; --           ;
; P6       ; 61         ; 1        ; #TDO                                                      ; output ;              ;         ; --         ;                 ; --       ; --           ;
; P7       ; 58         ; 1        ; #TDI                                                      ; input  ;              ;         ; --         ;                 ; --       ; --           ;
; P8       ; 60         ; 1        ; #TMS                                                      ; input  ;              ;         ; --         ;                 ; --       ; --           ;
; P9       ;            ;          ; VCCINT                                                    ; power  ;              ; 1.2V    ; --         ;                 ; --       ; --           ;
; P10      ;            ;          ; GND                                                       ; gnd    ;              ;         ; --         ;                 ; --       ; --           ;
; P11      ;            ;          ; VCCINT                                                    ; power  ;              ; 1.2V    ; --         ;                 ; --       ; --           ;
; P12      ;            ;          ; GND                                                       ; gnd    ;              ;         ; --         ;                 ; --       ; --           ;
; P13      ;            ;          ; VCCINT                                                    ; power  ;              ; 1.2V    ; --         ;                 ; --       ; --           ;
; P14      ;            ;          ; GND                                                       ; gnd    ;              ;         ; --         ;                 ; --       ; --           ;
; P15      ;            ;          ; VCCINT                                                    ; power  ;              ; 1.2V    ; --         ;                 ; --       ; --           ;
; P16      ;            ;          ; GND                                                       ; gnd    ;              ;         ; --         ;                 ; --       ; --           ;
; P17      ;            ;          ; VCCINT                                                    ; power  ;              ; 1.2V    ; --         ;                 ; --       ; --           ;
; P18      ;            ;          ; GND                                                       ; gnd    ;              ;         ; --         ;                 ; --       ; --           ;
; P19      ;            ;          ; VCCINT                                                    ; power  ;              ; 1.2V    ; --         ;                 ; --       ; --           ;
; P20      ;            ;          ; GND                                                       ; gnd    ;              ;         ; --         ;                 ; --       ; --           ;
; P21      ; 334        ; 5        ; RESERVED_INPUT                                            ;        ;              ;         ; Row I/O    ;                 ; no       ; Off          ;
; P22      ; 343        ; 6        ; ^MSEL3                                                    ;        ;              ;         ; --         ;                 ; --       ; --           ;
; P23      ; 341        ; 6        ; ^MSEL1                                                    ;        ;              ;         ; --         ;                 ; --       ; --           ;
; P24      ; 339        ; 6        ; ^CONF_DONE                                                ;        ;              ;         ; --         ;                 ; --       ; --           ;
; P25      ; 346        ; 6        ; saida_binario[30]                                         ; output ; 2.5 V        ;         ; Row I/O    ; N               ; no       ; Off          ;
; P26      ; 345        ; 6        ; RESERVED_INPUT                                            ;        ;              ;         ; Row I/O    ;                 ; no       ; Off          ;
; P27      ; 350        ; 6        ; saida_binario[27]                                         ; output ; 2.5 V        ;         ; Row I/O    ; N               ; no       ; Off          ;
; P28      ; 349        ; 6        ; ~ALTERA_nCEO~ / RESERVED_OUTPUT_OPEN_DRAIN                ; output ; 2.5 V        ;         ; Row I/O    ; N               ; no       ; Off          ;
; R1       ; 68         ; 2        ; RESERVED_INPUT                                            ;        ;              ;         ; Row I/O    ;                 ; no       ; Off          ;
; R2       ; 67         ; 2        ; RESERVED_INPUT                                            ;        ;              ;         ; Row I/O    ;                 ; no       ; Off          ;
; R3       ; 73         ; 2        ; RESERVED_INPUT                                            ;        ;              ;         ; Row I/O    ;                 ; no       ; Off          ;
; R4       ; 74         ; 2        ; RESERVED_INPUT                                            ;        ;              ;         ; Row I/O    ;                 ; no       ; Off          ;
; R5       ; 77         ; 2        ; RESERVED_INPUT                                            ;        ;              ;         ; Row I/O    ;                 ; no       ; Off          ;
; R6       ; 70         ; 2        ; RESERVED_INPUT                                            ;        ;              ;         ; Row I/O    ;                 ; no       ; Off          ;
; R7       ; 69         ; 2        ; RESERVED_INPUT                                            ;        ;              ;         ; Row I/O    ;                 ; no       ; Off          ;
; R8       ; 62         ; 1        ; ^nCE                                                      ;        ;              ;         ; --         ;                 ; --       ; --           ;
; R9       ;            ;          ; GND                                                       ; gnd    ;              ;         ; --         ;                 ; --       ; --           ;
; R10      ;            ;          ; VCCINT                                                    ; power  ;              ; 1.2V    ; --         ;                 ; --       ; --           ;
; R11      ;            ;          ; GND                                                       ; gnd    ;              ;         ; --         ;                 ; --       ; --           ;
; R12      ;            ;          ; VCCINT                                                    ; power  ;              ; 1.2V    ; --         ;                 ; --       ; --           ;
; R13      ;            ;          ; GND                                                       ; gnd    ;              ;         ; --         ;                 ; --       ; --           ;
; R14      ;            ;          ; VCCINT                                                    ; power  ;              ; 1.2V    ; --         ;                 ; --       ; --           ;
; R15      ;            ;          ; GND                                                       ; gnd    ;              ;         ; --         ;                 ; --       ; --           ;
; R16      ;            ;          ; VCCINT                                                    ; power  ;              ; 1.2V    ; --         ;                 ; --       ; --           ;
; R17      ;            ;          ; GND                                                       ; gnd    ;              ;         ; --         ;                 ; --       ; --           ;
; R18      ;            ;          ; VCCINT                                                    ; power  ;              ; 1.2V    ; --         ;                 ; --       ; --           ;
; R19      ;            ;          ; GND                                                       ; gnd    ;              ;         ; --         ;                 ; --       ; --           ;
; R20      ;            ;          ; VCCINT                                                    ; power  ;              ; 1.2V    ; --         ;                 ; --       ; --           ;
; R21      ; 333        ; 5        ; RESERVED_INPUT                                            ;        ;              ;         ; Row I/O    ;                 ; no       ; Off          ;
; R22      ; 332        ; 5        ; RESERVED_INPUT                                            ;        ;              ;         ; Row I/O    ;                 ; no       ; Off          ;
; R23      ; 331        ; 5        ; RESERVED_INPUT                                            ;        ;              ;         ; Row I/O    ;                 ; no       ; Off          ;
; R24      ; 330        ; 5        ; reset_n                                                   ; input  ; 2.5 V        ;         ; Row I/O    ; Y               ; no       ; Off          ;
; R25      ; 327        ; 5        ; RESERVED_INPUT                                            ;        ;              ;         ; Row I/O    ;                 ; no       ; Off          ;
; R26      ; 326        ; 5        ; RESERVED_INPUT                                            ;        ;              ;         ; Row I/O    ;                 ; no       ; Off          ;
; R27      ; 329        ; 5        ; RESERVED_INPUT                                            ;        ;              ;         ; Row I/O    ;                 ; no       ; Off          ;
; R28      ; 328        ; 5        ; RESERVED_INPUT                                            ;        ;              ;         ; Row I/O    ;                 ; no       ; Off          ;
; T1       ;            ; 2        ; VCCIO2                                                    ; power  ;              ; 2.5V    ; --         ;                 ; --       ; --           ;
; T2       ;            ;          ; GND                                                       ; gnd    ;              ;         ; --         ;                 ; --       ; --           ;
; T3       ; 76         ; 2        ; RESERVED_INPUT                                            ;        ;              ;         ; Row I/O    ;                 ; no       ; Off          ;
; T4       ; 75         ; 2        ; RESERVED_INPUT                                            ;        ;              ;         ; Row I/O    ;                 ; no       ; Off          ;
; T5       ;            ; 2        ; VCCIO2                                                    ; power  ;              ; 2.5V    ; --         ;                 ; --       ; --           ;
; T6       ;            ;          ; GND                                                       ; gnd    ;              ;         ; --         ;                 ; --       ; --           ;
; T7       ; 78         ; 2        ; RESERVED_INPUT                                            ;        ;              ;         ; Row I/O    ;                 ; --       ; --           ;
; T8       ; 100        ; 2        ; RESERVED_INPUT                                            ;        ;              ;         ; Row I/O    ;                 ; --       ; --           ;
; T9       ;            ;          ; VCCINT                                                    ; power  ;              ; 1.2V    ; --         ;                 ; --       ; --           ;
; T10      ;            ;          ; GND                                                       ; gnd    ;              ;         ; --         ;                 ; --       ; --           ;
; T11      ;            ;          ; VCCINT                                                    ; power  ;              ; 1.2V    ; --         ;                 ; --       ; --           ;
; T12      ;            ;          ; GND                                                       ; gnd    ;              ;         ; --         ;                 ; --       ; --           ;
; T13      ;            ;          ; VCCINT                                                    ; power  ;              ; 1.2V    ; --         ;                 ; --       ; --           ;
; T14      ;            ;          ; GND                                                       ; gnd    ;              ;         ; --         ;                 ; --       ; --           ;
; T15      ;            ;          ; VCCINT                                                    ; power  ;              ; 1.2V    ; --         ;                 ; --       ; --           ;
; T16      ;            ;          ; GND                                                       ; gnd    ;              ;         ; --         ;                 ; --       ; --           ;
; T17      ;            ;          ; VCCINT                                                    ; power  ;              ; 1.2V    ; --         ;                 ; --       ; --           ;
; T18      ;            ;          ; GND                                                       ; gnd    ;              ;         ; --         ;                 ; --       ; --           ;
; T19      ;            ;          ; VCCINT                                                    ; power  ;              ; 1.2V    ; --         ;                 ; --       ; --           ;
; T20      ;            ;          ; GND                                                       ; gnd    ;              ;         ; --         ;                 ; --       ; --           ;
; T21      ; 325        ; 5        ; RESERVED_INPUT                                            ;        ;              ;         ; Row I/O    ;                 ; no       ; Off          ;
; T22      ; 324        ; 5        ; RESERVED_INPUT                                            ;        ;              ;         ; Row I/O    ;                 ; no       ; Off          ;
; T23      ;            ;          ; GND                                                       ; gnd    ;              ;         ; --         ;                 ; --       ; --           ;
; T24      ;            ; 5        ; VCCIO5                                                    ; power  ;              ; 2.5V    ; --         ;                 ; --       ; --           ;
; T25      ; 323        ; 5        ; RESERVED_INPUT                                            ;        ;              ;         ; Row I/O    ;                 ; no       ; Off          ;
; T26      ; 322        ; 5        ; RESERVED_INPUT                                            ;        ;              ;         ; Row I/O    ;                 ; no       ; Off          ;
; T27      ;            ;          ; GND                                                       ; gnd    ;              ;         ; --         ;                 ; --       ; --           ;
; T28      ;            ; 5        ; VCCIO5                                                    ; power  ;              ; 2.5V    ; --         ;                 ; --       ; --           ;
; U1       ; 80         ; 2        ; RESERVED_INPUT                                            ;        ;              ;         ; Row I/O    ;                 ; no       ; Off          ;
; U2       ; 79         ; 2        ; RESERVED_INPUT                                            ;        ;              ;         ; Row I/O    ;                 ; no       ; Off          ;
; U3       ; 71         ; 2        ; RESERVED_INPUT                                            ;        ;              ;         ; Row I/O    ;                 ; no       ; Off          ;
; U4       ; 72         ; 2        ; RESERVED_INPUT                                            ;        ;              ;         ; Row I/O    ;                 ; no       ; Off          ;
; U5       ; 90         ; 2        ; RESERVED_INPUT                                            ;        ;              ;         ; Row I/O    ;                 ; no       ; Off          ;
; U6       ; 89         ; 2        ; RESERVED_INPUT                                            ;        ;              ;         ; Row I/O    ;                 ; no       ; Off          ;
; U7       ; 103        ; 2        ; RESERVED_INPUT                                            ;        ;              ;         ; Row I/O    ;                 ; no       ; Off          ;
; U8       ; 104        ; 2        ; RESERVED_INPUT                                            ;        ;              ;         ; Row I/O    ;                 ; no       ; Off          ;
; U9       ;            ;          ; GND                                                       ; gnd    ;              ;         ; --         ;                 ; --       ; --           ;
; U10      ;            ;          ; VCCINT                                                    ; power  ;              ; 1.2V    ; --         ;                 ; --       ; --           ;
; U11      ;            ;          ; GND                                                       ; gnd    ;              ;         ; --         ;                 ; --       ; --           ;
; U12      ;            ;          ; VCCINT                                                    ; power  ;              ; 1.2V    ; --         ;                 ; --       ; --           ;
; U13      ;            ;          ; GND                                                       ; gnd    ;              ;         ; --         ;                 ; --       ; --           ;
; U14      ;            ;          ; VCCINT                                                    ; power  ;              ; 1.2V    ; --         ;                 ; --       ; --           ;
; U15      ;            ;          ; GND                                                       ; gnd    ;              ;         ; --         ;                 ; --       ; --           ;
; U16      ;            ;          ; VCCINT                                                    ; power  ;              ; 1.2V    ; --         ;                 ; --       ; --           ;
; U17      ;            ;          ; GND                                                       ; gnd    ;              ;         ; --         ;                 ; --       ; --           ;
; U18      ;            ;          ; VCCINT                                                    ; power  ;              ; 1.2V    ; --         ;                 ; --       ; --           ;
; U19      ;            ;          ; GND                                                       ; gnd    ;              ;         ; --         ;                 ; --       ; --           ;
; U20      ;            ;          ; VCCINT                                                    ; power  ;              ; 1.2V    ; --         ;                 ; --       ; --           ;
; U21      ; 319        ; 5        ; display3[1]                                               ; output ; 2.5 V        ;         ; Row I/O    ; Y               ; no       ; Off          ;
; U22      ; 313        ; 5        ; RESERVED_INPUT                                            ;        ;              ;         ; Row I/O    ;                 ; no       ; Off          ;
; U23      ; 305        ; 5        ; display1[5]                                               ; output ; 2.5 V        ;         ; Row I/O    ; Y               ; no       ; Off          ;
; U24      ; 316        ; 5        ; display1[6]                                               ; output ; 2.5 V        ;         ; Row I/O    ; Y               ; no       ; Off          ;
; U25      ; 315        ; 5        ; RESERVED_INPUT                                            ;        ;              ;         ; Row I/O    ;                 ; no       ; Off          ;
; U26      ; 314        ; 5        ; RESERVED_INPUT                                            ;        ;              ;         ; Row I/O    ;                 ; no       ; Off          ;
; U27      ; 318        ; 5        ; RESERVED_INPUT                                            ;        ;              ;         ; Row I/O    ;                 ; no       ; Off          ;
; U28      ; 317        ; 5        ; RESERVED_INPUT                                            ;        ;              ;         ; Row I/O    ;                 ; no       ; Off          ;
; V1       ; 84         ; 2        ; RESERVED_INPUT                                            ;        ;              ;         ; Row I/O    ;                 ; no       ; Off          ;
; V2       ; 83         ; 2        ; RESERVED_INPUT                                            ;        ;              ;         ; Row I/O    ;                 ; no       ; Off          ;
; V3       ; 82         ; 2        ; RESERVED_INPUT                                            ;        ;              ;         ; Row I/O    ;                 ; no       ; Off          ;
; V4       ; 81         ; 2        ; RESERVED_INPUT                                            ;        ;              ;         ; Row I/O    ;                 ; no       ; Off          ;
; V5       ; 108        ; 2        ; RESERVED_INPUT                                            ;        ;              ;         ; Row I/O    ;                 ; no       ; Off          ;
; V6       ; 107        ; 2        ; RESERVED_INPUT                                            ;        ;              ;         ; Row I/O    ;                 ; no       ; Off          ;
; V7       ; 110        ; 2        ; RESERVED_INPUT                                            ;        ;              ;         ; Row I/O    ;                 ; no       ; Off          ;
; V8       ; 109        ; 2        ; RESERVED_INPUT                                            ;        ;              ;         ; Row I/O    ;                 ; no       ; Off          ;
; V9       ;            ;          ; VCCINT                                                    ; power  ;              ; 1.2V    ; --         ;                 ; --       ; --           ;
; V10      ;            ;          ; GND                                                       ; gnd    ;              ;         ; --         ;                 ; --       ; --           ;
; V11      ;            ;          ; VCCINT                                                    ; power  ;              ; 1.2V    ; --         ;                 ; --       ; --           ;
; V12      ;            ;          ; GND                                                       ; gnd    ;              ;         ; --         ;                 ; --       ; --           ;
; V13      ;            ;          ; VCCINT                                                    ; power  ;              ; 1.2V    ; --         ;                 ; --       ; --           ;
; V14      ;            ;          ; GND                                                       ; gnd    ;              ;         ; --         ;                 ; --       ; --           ;
; V15      ;            ;          ; VCCINT                                                    ; power  ;              ; 1.2V    ; --         ;                 ; --       ; --           ;
; V16      ;            ;          ; GND                                                       ; gnd    ;              ;         ; --         ;                 ; --       ; --           ;
; V17      ;            ;          ; VCCINT                                                    ; power  ;              ; 1.2V    ; --         ;                 ; --       ; --           ;
; V18      ;            ;          ; GND                                                       ; gnd    ;              ;         ; --         ;                 ; --       ; --           ;
; V19      ;            ;          ; VCCINT                                                    ; power  ;              ; 1.2V    ; --         ;                 ; --       ; --           ;
; V20      ;            ;          ; GND                                                       ; gnd    ;              ;         ; --         ;                 ; --       ; --           ;
; V21      ; 311        ; 5        ; display3[0]                                               ; output ; 2.5 V        ;         ; Row I/O    ; Y               ; no       ; Off          ;
; V22      ; 312        ; 5        ; RESERVED_INPUT                                            ;        ;              ;         ; Row I/O    ;                 ; no       ; Off          ;
; V23      ; 309        ; 5        ; RESERVED_INPUT                                            ;        ;              ;         ; Row I/O    ;                 ; no       ; Off          ;
; V24      ; 308        ; 5        ; RESERVED_INPUT                                            ;        ;              ;         ; Row I/O    ;                 ; no       ; Off          ;
; V25      ; 307        ; 5        ; RESERVED_INPUT                                            ;        ;              ;         ; Row I/O    ;                 ; no       ; Off          ;
; V26      ; 306        ; 5        ; RESERVED_INPUT                                            ;        ;              ;         ; Row I/O    ;                 ; no       ; Off          ;
; V27      ; 304        ; 5        ; RESERVED_INPUT                                            ;        ;              ;         ; Row I/O    ;                 ; no       ; Off          ;
; V28      ; 303        ; 5        ; RESERVED_INPUT                                            ;        ;              ;         ; Row I/O    ;                 ; no       ; Off          ;
; W1       ; 88         ; 2        ; RESERVED_INPUT                                            ;        ;              ;         ; Row I/O    ;                 ; no       ; Off          ;
; W2       ; 87         ; 2        ; RESERVED_INPUT                                            ;        ;              ;         ; Row I/O    ;                 ; no       ; Off          ;
; W3       ; 112        ; 2        ; RESERVED_INPUT                                            ;        ;              ;         ; Row I/O    ;                 ; no       ; Off          ;
; W4       ; 111        ; 2        ; RESERVED_INPUT                                            ;        ;              ;         ; Row I/O    ;                 ; no       ; Off          ;
; W5       ;            ; 2        ; VCCIO2                                                    ; power  ;              ; 2.5V    ; --         ;                 ; --       ; --           ;
; W6       ;            ;          ; GND                                                       ; gnd    ;              ;         ; --         ;                 ; --       ; --           ;
; W7       ; 115        ; 2        ; RESERVED_INPUT                                            ;        ;              ;         ; Row I/O    ;                 ; no       ; Off          ;
; W8       ; 116        ; 2        ; RESERVED_INPUT                                            ;        ;              ;         ; Row I/O    ;                 ; no       ; Off          ;
; W9       ;            ;          ; GND                                                       ; gnd    ;              ;         ; --         ;                 ; --       ; --           ;
; W10      ;            ;          ; VCCINT                                                    ; power  ;              ; 1.2V    ; --         ;                 ; --       ; --           ;
; W11      ;            ;          ; GND                                                       ; gnd    ;              ;         ; --         ;                 ; --       ; --           ;
; W12      ;            ;          ; VCCINT                                                    ; power  ;              ; 1.2V    ; --         ;                 ; --       ; --           ;
; W13      ;            ;          ; GND                                                       ; gnd    ;              ;         ; --         ;                 ; --       ; --           ;
; W14      ;            ;          ; VCCINT                                                    ; power  ;              ; 1.2V    ; --         ;                 ; --       ; --           ;
; W15      ;            ;          ; GND                                                       ; gnd    ;              ;         ; --         ;                 ; --       ; --           ;
; W16      ;            ;          ; VCCINT                                                    ; power  ;              ; 1.2V    ; --         ;                 ; --       ; --           ;
; W17      ;            ;          ; GND                                                       ; gnd    ;              ;         ; --         ;                 ; --       ; --           ;
; W18      ;            ;          ; VCCINT                                                    ; power  ;              ; 1.2V    ; --         ;                 ; --       ; --           ;
; W19      ;            ;          ; GND                                                       ; gnd    ;              ;         ; --         ;                 ; --       ; --           ;
; W20      ;            ;          ; VCCINT                                                    ; power  ;              ; 1.2V    ; --         ;                 ; --       ; --           ;
; W21      ; 310        ; 5        ; display1[2]                                               ; output ; 2.5 V        ;         ; Row I/O    ; Y               ; no       ; Off          ;
; W22      ; 321        ; 5        ; display1[3]                                               ; output ; 2.5 V        ;         ; Row I/O    ; Y               ; no       ; Off          ;
; W23      ;            ;          ; GND                                                       ; gnd    ;              ;         ; --         ;                 ; --       ; --           ;
; W24      ;            ; 5        ; VCCIO5                                                    ; power  ;              ; 2.5V    ; --         ;                 ; --       ; --           ;
; W25      ; 300        ; 5        ; display1[4]                                               ; output ; 2.5 V        ;         ; Row I/O    ; Y               ; no       ; Off          ;
; W26      ; 299        ; 5        ; display2[3]                                               ; output ; 2.5 V        ;         ; Row I/O    ; Y               ; no       ; Off          ;
; W27      ; 301        ; 5        ; display2[5]                                               ; output ; 2.5 V        ;         ; Row I/O    ; Y               ; no       ; Off          ;
; W28      ; 302        ; 5        ; display2[6]                                               ; output ; 2.5 V        ;         ; Row I/O    ; Y               ; no       ; Off          ;
; Y1       ; 66         ; 2        ; GND+                                                      ;        ;              ;         ; Row I/O    ;                 ; --       ; --           ;
; Y2       ; 65         ; 2        ; clock                                                     ; input  ; 2.5 V        ;         ; Row I/O    ; Y               ; no       ; Off          ;
; Y3       ; 92         ; 2        ; RESERVED_INPUT                                            ;        ;              ;         ; Row I/O    ;                 ; no       ; Off          ;
; Y4       ; 91         ; 2        ; RESERVED_INPUT                                            ;        ;              ;         ; Row I/O    ;                 ; no       ; Off          ;
; Y5       ; 114        ; 2        ; RESERVED_INPUT                                            ;        ;              ;         ; Row I/O    ;                 ; no       ; Off          ;
; Y6       ; 113        ; 2        ; RESERVED_INPUT                                            ;        ;              ;         ; Row I/O    ;                 ; no       ; Off          ;
; Y7       ; 117        ; 2        ; RESERVED_INPUT                                            ;        ;              ;         ; Row I/O    ;                 ; no       ; Off          ;
; Y8       ;            ; --       ; VCCA1                                                     ; power  ;              ; 2.5V    ; --         ;                 ; --       ; --           ;
; Y9       ;            ;          ; VCCD_PLL1                                                 ; power  ;              ; 1.2V    ; --         ;                 ; --       ; --           ;
; Y10      ; 140        ; 3        ; RESERVED_INPUT                                            ;        ;              ;         ; Column I/O ;                 ; --       ; --           ;
; Y11      ;            ;          ; GND                                                       ; gnd    ;              ;         ; --         ;                 ; --       ; --           ;
; Y12      ; 187        ; 3        ; RESERVED_INPUT                                            ;        ;              ;         ; Column I/O ;                 ; no       ; Off          ;
; Y13      ; 189        ; 3        ; RESERVED_INPUT                                            ;        ;              ;         ; Column I/O ;                 ; no       ; Off          ;
; Y14      ; 197        ; 3        ; RESERVED_INPUT                                            ;        ;              ;         ; Column I/O ;                 ; no       ; Off          ;
; Y15      ; 198        ; 3        ; RESERVED_INPUT                                            ;        ;              ;         ; Column I/O ;                 ; no       ; Off          ;
; Y16      ; 250        ; 4        ; RESERVED_INPUT                                            ;        ;              ;         ; Column I/O ;                 ; no       ; Off          ;
; Y17      ; 249        ; 4        ; RESERVED_INPUT                                            ;        ;              ;         ; Column I/O ;                 ; no       ; Off          ;
; Y18      ;            ;          ; GND                                                       ; gnd    ;              ;         ; --         ;                 ; --       ; --           ;
; Y19      ; 263        ; 4        ; display3[6]                                               ; output ; 2.5 V        ;         ; Column I/O ; Y               ; no       ; Off          ;
; Y20      ;            ;          ; VCCD_PLL4                                                 ; power  ;              ; 1.2V    ; --         ;                 ; --       ; --           ;
; Y21      ;            ; --       ; VCCA4                                                     ; power  ;              ; 2.5V    ; --         ;                 ; --       ; --           ;
; Y22      ; 320        ; 5        ; display1[1]                                               ; output ; 2.5 V        ;         ; Row I/O    ; Y               ; no       ; Off          ;
; Y23      ; 288        ; 5        ; RESERVED_INPUT                                            ;        ;              ;         ; Row I/O    ;                 ; no       ; Off          ;
; Y24      ; 287        ; 5        ; RESERVED_INPUT                                            ;        ;              ;         ; Row I/O    ;                 ; no       ; Off          ;
; Y25      ; 298        ; 5        ; display2[2]                                               ; output ; 2.5 V        ;         ; Row I/O    ; Y               ; no       ; Off          ;
; Y26      ; 297        ; 5        ; display2[4]                                               ; output ; 2.5 V        ;         ; Row I/O    ; Y               ; no       ; Off          ;
; Y27      ; 336        ; 5        ; GND+                                                      ;        ;              ;         ; Row I/O    ;                 ; --       ; --           ;
; Y28      ; 335        ; 5        ; GND+                                                      ;        ;              ;         ; Row I/O    ;                 ; --       ; --           ;
+----------+------------+----------+-----------------------------------------------------------+--------+--------------+---------+------------+-----------------+----------+--------------+
Note: Pin directions (input, output or bidir) are based on device operating in user mode.


+---------------------------------------------------+
; I/O Assignment Warnings                           ;
+-------------------+-------------------------------+
; Pin Name          ; Reason                        ;
+-------------------+-------------------------------+
; saida_binario[0]  ; Incomplete set of assignments ;
; saida_binario[1]  ; Incomplete set of assignments ;
; saida_binario[2]  ; Incomplete set of assignments ;
; saida_binario[3]  ; Incomplete set of assignments ;
; saida_binario[4]  ; Incomplete set of assignments ;
; saida_binario[5]  ; Incomplete set of assignments ;
; saida_binario[6]  ; Incomplete set of assignments ;
; saida_binario[7]  ; Incomplete set of assignments ;
; saida_binario[8]  ; Incomplete set of assignments ;
; saida_binario[9]  ; Incomplete set of assignments ;
; saida_binario[10] ; Incomplete set of assignments ;
; saida_binario[11] ; Incomplete set of assignments ;
; saida_binario[12] ; Incomplete set of assignments ;
; saida_binario[13] ; Incomplete set of assignments ;
; saida_binario[14] ; Incomplete set of assignments ;
; saida_binario[15] ; Incomplete set of assignments ;
; saida_binario[16] ; Incomplete set of assignments ;
; saida_binario[17] ; Incomplete set of assignments ;
; saida_binario[18] ; Incomplete set of assignments ;
; saida_binario[19] ; Incomplete set of assignments ;
; saida_binario[20] ; Incomplete set of assignments ;
; saida_binario[21] ; Incomplete set of assignments ;
; saida_binario[22] ; Incomplete set of assignments ;
; saida_binario[23] ; Incomplete set of assignments ;
; saida_binario[24] ; Incomplete set of assignments ;
; saida_binario[25] ; Incomplete set of assignments ;
; saida_binario[26] ; Incomplete set of assignments ;
; saida_binario[27] ; Incomplete set of assignments ;
; saida_binario[28] ; Incomplete set of assignments ;
; saida_binario[29] ; Incomplete set of assignments ;
; saida_binario[30] ; Incomplete set of assignments ;
; saida_binario[31] ; Incomplete set of assignments ;
; led_zero          ; Incomplete set of assignments ;
; led_negativo      ; Incomplete set of assignments ;
; display3[0]       ; Incomplete set of assignments ;
; display3[1]       ; Incomplete set of assignments ;
; display3[2]       ; Incomplete set of assignments ;
; display3[3]       ; Incomplete set of assignments ;
; display3[4]       ; Incomplete set of assignments ;
; display3[5]       ; Incomplete set of assignments ;
; display3[6]       ; Incomplete set of assignments ;
; display2[0]       ; Incomplete set of assignments ;
; display2[1]       ; Incomplete set of assignments ;
; display2[2]       ; Incomplete set of assignments ;
; display2[3]       ; Incomplete set of assignments ;
; display2[4]       ; Incomplete set of assignments ;
; display2[5]       ; Incomplete set of assignments ;
; display2[6]       ; Incomplete set of assignments ;
; display1[0]       ; Incomplete set of assignments ;
; display1[1]       ; Incomplete set of assignments ;
; display1[2]       ; Incomplete set of assignments ;
; display1[3]       ; Incomplete set of assignments ;
; display1[4]       ; Incomplete set of assignments ;
; display1[5]       ; Incomplete set of assignments ;
; display1[6]       ; Incomplete set of assignments ;
; display0[0]       ; Incomplete set of assignments ;
; display0[1]       ; Incomplete set of assignments ;
; display0[2]       ; Incomplete set of assignments ;
; display0[3]       ; Incomplete set of assignments ;
; display0[4]       ; Incomplete set of assignments ;
; display0[5]       ; Incomplete set of assignments ;
; display0[6]       ; Incomplete set of assignments ;
; io_stall_flag     ; Incomplete set of assignments ;
; clock             ; Incomplete set of assignments ;
; reset_n           ; Incomplete set of assignments ;
; switches[0]       ; Incomplete set of assignments ;
; switches[1]       ; Incomplete set of assignments ;
; switches[2]       ; Incomplete set of assignments ;
; switches[3]       ; Incomplete set of assignments ;
; switches[4]       ; Incomplete set of assignments ;
; switches[5]       ; Incomplete set of assignments ;
; switches[6]       ; Incomplete set of assignments ;
; switches[7]       ; Incomplete set of assignments ;
; switches[8]       ; Incomplete set of assignments ;
; switches[9]       ; Incomplete set of assignments ;
; switches[10]      ; Incomplete set of assignments ;
; switches[11]      ; Incomplete set of assignments ;
; switches[12]      ; Incomplete set of assignments ;
; switches[13]      ; Incomplete set of assignments ;
; switches[14]      ; Incomplete set of assignments ;
; switches[15]      ; Incomplete set of assignments ;
; botaoEnter_n      ; Incomplete set of assignments ;
; saida_binario[18] ; Missing location assignment   ;
; saida_binario[19] ; Missing location assignment   ;
; saida_binario[20] ; Missing location assignment   ;
; saida_binario[21] ; Missing location assignment   ;
; saida_binario[22] ; Missing location assignment   ;
; saida_binario[23] ; Missing location assignment   ;
; saida_binario[24] ; Missing location assignment   ;
; saida_binario[25] ; Missing location assignment   ;
; saida_binario[26] ; Missing location assignment   ;
; saida_binario[27] ; Missing location assignment   ;
; saida_binario[28] ; Missing location assignment   ;
; saida_binario[29] ; Missing location assignment   ;
; saida_binario[30] ; Missing location assignment   ;
; saida_binario[31] ; Missing location assignment   ;
+-------------------+-------------------------------+


+----------------------------------------------------------------------------------------------------------------------------------------------------------------------------------------------------------------------------------------------------------------------------------------------------------------------------------------------------------------------------------------------------------------------------------+
; Fitter Resource Utilization by Entity                                                                                                                                                                                                                                                                                                                                                                                            ;
+-------------------------------------------+-------------+---------------------------+---------------+-------------+------+--------------+---------+-----------+------+--------------+--------------+-------------------+------------------+-------------------------------------------------------------------------------------------------------------------------------------------------+---------------------+--------------+
; Compilation Hierarchy Node                ; Logic Cells ; Dedicated Logic Registers ; I/O Registers ; Memory Bits ; M9Ks ; DSP Elements ; DSP 9x9 ; DSP 18x18 ; Pins ; Virtual Pins ; LUT-Only LCs ; Register-Only LCs ; LUT/Register LCs ; Full Hierarchy Name                                                                                                                             ; Entity Name         ; Library Name ;
+-------------------------------------------+-------------+---------------------------+---------------+-------------+------+--------------+---------+-----------+------+--------------+--------------+-------------------+------------------+-------------------------------------------------------------------------------------------------------------------------------------------------+---------------------+--------------+
; |processador                              ; 5702 (462)  ; 1049 (0)                  ; 0 (0)         ; 16384       ; 2    ; 6            ; 0       ; 3         ; 82   ; 0            ; 4653 (462)   ; 99 (0)            ; 950 (33)         ; |processador                                                                                                                                    ; processador         ; work         ;
;    |PC:pc_inst|                           ; 36 (36)     ; 32 (32)                   ; 0 (0)         ; 0           ; 0    ; 0            ; 0       ; 0         ; 0    ; 0            ; 3 (3)        ; 0 (0)             ; 33 (33)          ; |processador|PC:pc_inst                                                                                                                         ; PC                  ; work         ;
;    |ULA:ula_inst|                         ; 1653 (535)  ; 0 (0)                     ; 0 (0)         ; 0           ; 0    ; 6            ; 0       ; 3         ; 0    ; 0            ; 1652 (534)   ; 0 (0)             ; 1 (1)            ; |processador|ULA:ula_inst                                                                                                                       ; ULA                 ; work         ;
;       |lpm_divide:Div0|                   ; 1090 (0)    ; 0 (0)                     ; 0 (0)         ; 0           ; 0    ; 0            ; 0       ; 0         ; 0    ; 0            ; 1090 (0)     ; 0 (0)             ; 0 (0)            ; |processador|ULA:ula_inst|lpm_divide:Div0                                                                                                       ; lpm_divide          ; work         ;
;          |lpm_divide_hkm:auto_generated|  ; 1090 (0)    ; 0 (0)                     ; 0 (0)         ; 0           ; 0    ; 0            ; 0       ; 0         ; 0    ; 0            ; 1090 (0)     ; 0 (0)             ; 0 (0)            ; |processador|ULA:ula_inst|lpm_divide:Div0|lpm_divide_hkm:auto_generated                                                                         ; lpm_divide_hkm      ; work         ;
;             |sign_div_unsign_9nh:divider| ; 1090 (0)    ; 0 (0)                     ; 0 (0)         ; 0           ; 0    ; 0            ; 0       ; 0         ; 0    ; 0            ; 1090 (0)     ; 0 (0)             ; 0 (0)            ; |processador|ULA:ula_inst|lpm_divide:Div0|lpm_divide_hkm:auto_generated|sign_div_unsign_9nh:divider                                             ; sign_div_unsign_9nh ; work         ;
;                |alt_u_div_6af:divider|    ; 1090 (1089) ; 0 (0)                     ; 0 (0)         ; 0           ; 0    ; 0            ; 0       ; 0         ; 0    ; 0            ; 1090 (1089)  ; 0 (0)             ; 0 (0)            ; |processador|ULA:ula_inst|lpm_divide:Div0|lpm_divide_hkm:auto_generated|sign_div_unsign_9nh:divider|alt_u_div_6af:divider                       ; alt_u_div_6af       ; work         ;
;                   |add_sub_8pc:add_sub_1| ; 1 (1)       ; 0 (0)                     ; 0 (0)         ; 0           ; 0    ; 0            ; 0       ; 0         ; 0    ; 0            ; 1 (1)        ; 0 (0)             ; 0 (0)            ; |processador|ULA:ula_inst|lpm_divide:Div0|lpm_divide_hkm:auto_generated|sign_div_unsign_9nh:divider|alt_u_div_6af:divider|add_sub_8pc:add_sub_1 ; add_sub_8pc         ; work         ;
;       |lpm_mult:Mult0|                    ; 28 (0)      ; 0 (0)                     ; 0 (0)         ; 0           ; 0    ; 6            ; 0       ; 3         ; 0    ; 0            ; 28 (0)       ; 0 (0)             ; 0 (0)            ; |processador|ULA:ula_inst|lpm_mult:Mult0                                                                                                        ; lpm_mult            ; work         ;
;          |mult_7dt:auto_generated|        ; 28 (28)     ; 0 (0)                     ; 0 (0)         ; 0           ; 0    ; 6            ; 0       ; 3         ; 0    ; 0            ; 28 (28)      ; 0 (0)             ; 0 (0)            ; |processador|ULA:ula_inst|lpm_mult:Mult0|mult_7dt:auto_generated                                                                                ; mult_7dt            ; work         ;
;    |ULAcontrol:ula_control_inst|          ; 15 (15)     ; 0 (0)                     ; 0 (0)         ; 0           ; 0    ; 0            ; 0       ; 0         ; 0    ; 0            ; 15 (15)      ; 0 (0)             ; 0 (0)            ; |processador|ULAcontrol:ula_control_inst                                                                                                        ; ULAcontrol          ; work         ;
;    |bancoReg:banco_reg_inst|              ; 1484 (1484) ; 992 (992)                 ; 0 (0)         ; 0           ; 0    ; 0            ; 0       ; 0         ; 0    ; 0            ; 492 (492)    ; 99 (99)           ; 893 (893)        ; |processador|bancoReg:banco_reg_inst                                                                                                            ; bancoReg            ; work         ;
;    |controle:controle_inst|               ; 18 (18)     ; 0 (0)                     ; 0 (0)         ; 0           ; 0    ; 0            ; 0       ; 0         ; 0    ; 0            ; 18 (18)      ; 0 (0)             ; 0 (0)            ; |processador|controle:controle_inst                                                                                                             ; controle            ; work         ;
;    |debouncer:debouncer_inst|             ; 2 (2)       ; 2 (2)                     ; 0 (0)         ; 0           ; 0    ; 0            ; 0       ; 0         ; 0    ; 0            ; 0 (0)        ; 0 (0)             ; 2 (2)            ; |processador|debouncer:debouncer_inst                                                                                                           ; debouncer           ; work         ;
;    |divisorClock:divisor_de_clock_inst|   ; 38 (38)     ; 23 (23)                   ; 0 (0)         ; 0           ; 0    ; 0            ; 0       ; 0         ; 0    ; 0            ; 15 (15)      ; 0 (0)             ; 23 (23)          ; |processador|divisorClock:divisor_de_clock_inst                                                                                                 ; divisorClock        ; work         ;
;    |lpm_divide:Div0|                      ; 553 (0)     ; 0 (0)                     ; 0 (0)         ; 0           ; 0    ; 0            ; 0       ; 0         ; 0    ; 0            ; 553 (0)      ; 0 (0)             ; 0 (0)            ; |processador|lpm_divide:Div0                                                                                                                    ; lpm_divide          ; work         ;
;       |lpm_divide_3jm:auto_generated|     ; 553 (0)     ; 0 (0)                     ; 0 (0)         ; 0           ; 0    ; 0            ; 0       ; 0         ; 0    ; 0            ; 553 (0)      ; 0 (0)             ; 0 (0)            ; |processador|lpm_divide:Div0|lpm_divide_3jm:auto_generated                                                                                      ; lpm_divide_3jm      ; work         ;
;          |sign_div_unsign_rlh:divider|    ; 553 (0)     ; 0 (0)                     ; 0 (0)         ; 0           ; 0    ; 0            ; 0       ; 0         ; 0    ; 0            ; 553 (0)      ; 0 (0)             ; 0 (0)            ; |processador|lpm_divide:Div0|lpm_divide_3jm:auto_generated|sign_div_unsign_rlh:divider                                                          ; sign_div_unsign_rlh ; work         ;
;             |alt_u_div_a7f:divider|       ; 553 (553)   ; 0 (0)                     ; 0 (0)         ; 0           ; 0    ; 0            ; 0       ; 0         ; 0    ; 0            ; 553 (553)    ; 0 (0)             ; 0 (0)            ; |processador|lpm_divide:Div0|lpm_divide_3jm:auto_generated|sign_div_unsign_rlh:divider|alt_u_div_a7f:divider                                    ; alt_u_div_a7f       ; work         ;
;    |lpm_divide:Div1|                      ; 368 (0)     ; 0 (0)                     ; 0 (0)         ; 0           ; 0    ; 0            ; 0       ; 0         ; 0    ; 0            ; 368 (0)      ; 0 (0)             ; 0 (0)            ; |processador|lpm_divide:Div1                                                                                                                    ; lpm_divide          ; work         ;
;       |lpm_divide_0jm:auto_generated|     ; 368 (0)     ; 0 (0)                     ; 0 (0)         ; 0           ; 0    ; 0            ; 0       ; 0         ; 0    ; 0            ; 368 (0)      ; 0 (0)             ; 0 (0)            ; |processador|lpm_divide:Div1|lpm_divide_0jm:auto_generated                                                                                      ; lpm_divide_0jm      ; work         ;
;          |sign_div_unsign_olh:divider|    ; 368 (0)     ; 0 (0)                     ; 0 (0)         ; 0           ; 0    ; 0            ; 0       ; 0         ; 0    ; 0            ; 368 (0)      ; 0 (0)             ; 0 (0)            ; |processador|lpm_divide:Div1|lpm_divide_0jm:auto_generated|sign_div_unsign_olh:divider                                                          ; sign_div_unsign_olh ; work         ;
;             |alt_u_div_47f:divider|       ; 368 (368)   ; 0 (0)                     ; 0 (0)         ; 0           ; 0    ; 0            ; 0       ; 0         ; 0    ; 0            ; 368 (368)    ; 0 (0)             ; 0 (0)            ; |processador|lpm_divide:Div1|lpm_divide_0jm:auto_generated|sign_div_unsign_olh:divider|alt_u_div_47f:divider                                    ; alt_u_div_47f       ; work         ;
;    |lpm_divide:Mod0|                      ; 315 (0)     ; 0 (0)                     ; 0 (0)         ; 0           ; 0    ; 0            ; 0       ; 0         ; 0    ; 0            ; 315 (0)      ; 0 (0)             ; 0 (0)            ; |processador|lpm_divide:Mod0                                                                                                                    ; lpm_divide          ; work         ;
;       |lpm_divide_3bm:auto_generated|     ; 315 (0)     ; 0 (0)                     ; 0 (0)         ; 0           ; 0    ; 0            ; 0       ; 0         ; 0    ; 0            ; 315 (0)      ; 0 (0)             ; 0 (0)            ; |processador|lpm_divide:Mod0|lpm_divide_3bm:auto_generated                                                                                      ; lpm_divide_3bm      ; work         ;
;          |sign_div_unsign_olh:divider|    ; 315 (0)     ; 0 (0)                     ; 0 (0)         ; 0           ; 0    ; 0            ; 0       ; 0         ; 0    ; 0            ; 315 (0)      ; 0 (0)             ; 0 (0)            ; |processador|lpm_divide:Mod0|lpm_divide_3bm:auto_generated|sign_div_unsign_olh:divider                                                          ; sign_div_unsign_olh ; work         ;
;             |alt_u_div_47f:divider|       ; 315 (315)   ; 0 (0)                     ; 0 (0)         ; 0           ; 0    ; 0            ; 0       ; 0         ; 0    ; 0            ; 315 (315)    ; 0 (0)             ; 0 (0)            ; |processador|lpm_divide:Mod0|lpm_divide_3bm:auto_generated|sign_div_unsign_olh:divider|alt_u_div_47f:divider                                    ; alt_u_div_47f       ; work         ;
;    |lpm_divide:Mod1|                      ; 359 (0)     ; 0 (0)                     ; 0 (0)         ; 0           ; 0    ; 0            ; 0       ; 0         ; 0    ; 0            ; 359 (0)      ; 0 (0)             ; 0 (0)            ; |processador|lpm_divide:Mod1                                                                                                                    ; lpm_divide          ; work         ;
;       |lpm_divide_3bm:auto_generated|     ; 359 (0)     ; 0 (0)                     ; 0 (0)         ; 0           ; 0    ; 0            ; 0       ; 0         ; 0    ; 0            ; 359 (0)      ; 0 (0)             ; 0 (0)            ; |processador|lpm_divide:Mod1|lpm_divide_3bm:auto_generated                                                                                      ; lpm_divide_3bm      ; work         ;
;          |sign_div_unsign_olh:divider|    ; 359 (0)     ; 0 (0)                     ; 0 (0)         ; 0           ; 0    ; 0            ; 0       ; 0         ; 0    ; 0            ; 359 (0)      ; 0 (0)             ; 0 (0)            ; |processador|lpm_divide:Mod1|lpm_divide_3bm:auto_generated|sign_div_unsign_olh:divider                                                          ; sign_div_unsign_olh ; work         ;
;             |alt_u_div_47f:divider|       ; 359 (359)   ; 0 (0)                     ; 0 (0)         ; 0           ; 0    ; 0            ; 0       ; 0         ; 0    ; 0            ; 359 (359)    ; 0 (0)             ; 0 (0)            ; |processador|lpm_divide:Mod1|lpm_divide_3bm:auto_generated|sign_div_unsign_olh:divider|alt_u_div_47f:divider                                    ; alt_u_div_47f       ; work         ;
;    |lpm_divide:Mod2|                      ; 368 (0)     ; 0 (0)                     ; 0 (0)         ; 0           ; 0    ; 0            ; 0       ; 0         ; 0    ; 0            ; 368 (0)      ; 0 (0)             ; 0 (0)            ; |processador|lpm_divide:Mod2                                                                                                                    ; lpm_divide          ; work         ;
;       |lpm_divide_3bm:auto_generated|     ; 368 (0)     ; 0 (0)                     ; 0 (0)         ; 0           ; 0    ; 0            ; 0       ; 0         ; 0    ; 0            ; 368 (0)      ; 0 (0)             ; 0 (0)            ; |processador|lpm_divide:Mod2|lpm_divide_3bm:auto_generated                                                                                      ; lpm_divide_3bm      ; work         ;
;          |sign_div_unsign_olh:divider|    ; 368 (0)     ; 0 (0)                     ; 0 (0)         ; 0           ; 0    ; 0            ; 0       ; 0         ; 0    ; 0            ; 368 (0)      ; 0 (0)             ; 0 (0)            ; |processador|lpm_divide:Mod2|lpm_divide_3bm:auto_generated|sign_div_unsign_olh:divider                                                          ; sign_div_unsign_olh ; work         ;
;             |alt_u_div_47f:divider|       ; 368 (368)   ; 0 (0)                     ; 0 (0)         ; 0           ; 0    ; 0            ; 0       ; 0         ; 0    ; 0            ; 368 (368)    ; 0 (0)             ; 0 (0)            ; |processador|lpm_divide:Mod2|lpm_divide_3bm:auto_generated|sign_div_unsign_olh:divider|alt_u_div_47f:divider                                    ; alt_u_div_47f       ; work         ;
;    |memoriaRAM:memoria_de_dados_inst|     ; 0 (0)       ; 0 (0)                     ; 0 (0)         ; 8192        ; 1    ; 0            ; 0       ; 0         ; 0    ; 0            ; 0 (0)        ; 0 (0)             ; 0 (0)            ; |processador|memoriaRAM:memoria_de_dados_inst                                                                                                   ; memoriaRAM          ; work         ;
;       |altsyncram:ram_rtl_0|              ; 0 (0)       ; 0 (0)                     ; 0 (0)         ; 8192        ; 1    ; 0            ; 0       ; 0         ; 0    ; 0            ; 0 (0)        ; 0 (0)             ; 0 (0)            ; |processador|memoriaRAM:memoria_de_dados_inst|altsyncram:ram_rtl_0                                                                              ; altsyncram          ; work         ;
;          |altsyncram_qsd1:auto_generated| ; 0 (0)       ; 0 (0)                     ; 0 (0)         ; 8192        ; 1    ; 0            ; 0       ; 0         ; 0    ; 0            ; 0 (0)        ; 0 (0)             ; 0 (0)            ; |processador|memoriaRAM:memoria_de_dados_inst|altsyncram:ram_rtl_0|altsyncram_qsd1:auto_generated                                               ; altsyncram_qsd1     ; work         ;
;    |memoriaROM:memoria_de_instrucao_inst| ; 0 (0)       ; 0 (0)                     ; 0 (0)         ; 8192        ; 1    ; 0            ; 0       ; 0         ; 0    ; 0            ; 0 (0)        ; 0 (0)             ; 0 (0)            ; |processador|memoriaROM:memoria_de_instrucao_inst                                                                                               ; memoriaROM          ; work         ;
;       |altsyncram:rom_rtl_0|              ; 0 (0)       ; 0 (0)                     ; 0 (0)         ; 8192        ; 1    ; 0            ; 0       ; 0         ; 0    ; 0            ; 0 (0)        ; 0 (0)             ; 0 (0)            ; |processador|memoriaROM:memoria_de_instrucao_inst|altsyncram:rom_rtl_0                                                                          ; altsyncram          ; work         ;
;          |altsyncram_7m71:auto_generated| ; 0 (0)       ; 0 (0)                     ; 0 (0)         ; 8192        ; 1    ; 0            ; 0       ; 0         ; 0    ; 0            ; 0 (0)        ; 0 (0)             ; 0 (0)            ; |processador|memoriaROM:memoria_de_instrucao_inst|altsyncram:rom_rtl_0|altsyncram_7m71:auto_generated                                           ; altsyncram_7m71     ; work         ;
;    |mux2:mux_alusrc_inst|                 ; 33 (33)     ; 0 (0)                     ; 0 (0)         ; 0           ; 0    ; 0            ; 0       ; 0         ; 0    ; 0            ; 33 (33)      ; 0 (0)             ; 0 (0)            ; |processador|mux2:mux_alusrc_inst                                                                                                               ; mux2                ; work         ;
+-------------------------------------------+-------------+---------------------------+---------------+-------------+------+--------------+---------+-----------+------+--------------+--------------+-------------------+------------------+-------------------------------------------------------------------------------------------------------------------------------------------------+---------------------+--------------+
Note: For table entries with two numbers listed, the numbers in parentheses indicate the number of resources of the given type used by the specific entity alone. The numbers listed outside of parentheses indicate the total resources of the given type used by the specific entity and all of its sub-entities in the hierarchy.


+---------------------------------------------------------------------------------------------------+
; Delay Chain Summary                                                                               ;
+-------------------+----------+---------------+---------------+-----------------------+-----+------+
; Name              ; Pin Type ; Pad to Core 0 ; Pad to Core 1 ; Pad to Input Register ; TCO ; TCOE ;
+-------------------+----------+---------------+---------------+-----------------------+-----+------+
; saida_binario[0]  ; Output   ; --            ; --            ; --                    ; --  ; --   ;
; saida_binario[1]  ; Output   ; --            ; --            ; --                    ; --  ; --   ;
; saida_binario[2]  ; Output   ; --            ; --            ; --                    ; --  ; --   ;
; saida_binario[3]  ; Output   ; --            ; --            ; --                    ; --  ; --   ;
; saida_binario[4]  ; Output   ; --            ; --            ; --                    ; --  ; --   ;
; saida_binario[5]  ; Output   ; --            ; --            ; --                    ; --  ; --   ;
; saida_binario[6]  ; Output   ; --            ; --            ; --                    ; --  ; --   ;
; saida_binario[7]  ; Output   ; --            ; --            ; --                    ; --  ; --   ;
; saida_binario[8]  ; Output   ; --            ; --            ; --                    ; --  ; --   ;
; saida_binario[9]  ; Output   ; --            ; --            ; --                    ; --  ; --   ;
; saida_binario[10] ; Output   ; --            ; --            ; --                    ; --  ; --   ;
; saida_binario[11] ; Output   ; --            ; --            ; --                    ; --  ; --   ;
; saida_binario[12] ; Output   ; --            ; --            ; --                    ; --  ; --   ;
; saida_binario[13] ; Output   ; --            ; --            ; --                    ; --  ; --   ;
; saida_binario[14] ; Output   ; --            ; --            ; --                    ; --  ; --   ;
; saida_binario[15] ; Output   ; --            ; --            ; --                    ; --  ; --   ;
; saida_binario[16] ; Output   ; --            ; --            ; --                    ; --  ; --   ;
; saida_binario[17] ; Output   ; --            ; --            ; --                    ; --  ; --   ;
; saida_binario[18] ; Output   ; --            ; --            ; --                    ; --  ; --   ;
; saida_binario[19] ; Output   ; --            ; --            ; --                    ; --  ; --   ;
; saida_binario[20] ; Output   ; --            ; --            ; --                    ; --  ; --   ;
; saida_binario[21] ; Output   ; --            ; --            ; --                    ; --  ; --   ;
; saida_binario[22] ; Output   ; --            ; --            ; --                    ; --  ; --   ;
; saida_binario[23] ; Output   ; --            ; --            ; --                    ; --  ; --   ;
; saida_binario[24] ; Output   ; --            ; --            ; --                    ; --  ; --   ;
; saida_binario[25] ; Output   ; --            ; --            ; --                    ; --  ; --   ;
; saida_binario[26] ; Output   ; --            ; --            ; --                    ; --  ; --   ;
; saida_binario[27] ; Output   ; --            ; --            ; --                    ; --  ; --   ;
; saida_binario[28] ; Output   ; --            ; --            ; --                    ; --  ; --   ;
; saida_binario[29] ; Output   ; --            ; --            ; --                    ; --  ; --   ;
; saida_binario[30] ; Output   ; --            ; --            ; --                    ; --  ; --   ;
; saida_binario[31] ; Output   ; --            ; --            ; --                    ; --  ; --   ;
; led_zero          ; Output   ; --            ; --            ; --                    ; --  ; --   ;
; led_negativo      ; Output   ; --            ; --            ; --                    ; --  ; --   ;
; display3[0]       ; Output   ; --            ; --            ; --                    ; --  ; --   ;
; display3[1]       ; Output   ; --            ; --            ; --                    ; --  ; --   ;
; display3[2]       ; Output   ; --            ; --            ; --                    ; --  ; --   ;
; display3[3]       ; Output   ; --            ; --            ; --                    ; --  ; --   ;
; display3[4]       ; Output   ; --            ; --            ; --                    ; --  ; --   ;
; display3[5]       ; Output   ; --            ; --            ; --                    ; --  ; --   ;
; display3[6]       ; Output   ; --            ; --            ; --                    ; --  ; --   ;
; display2[0]       ; Output   ; --            ; --            ; --                    ; --  ; --   ;
; display2[1]       ; Output   ; --            ; --            ; --                    ; --  ; --   ;
; display2[2]       ; Output   ; --            ; --            ; --                    ; --  ; --   ;
; display2[3]       ; Output   ; --            ; --            ; --                    ; --  ; --   ;
; display2[4]       ; Output   ; --            ; --            ; --                    ; --  ; --   ;
; display2[5]       ; Output   ; --            ; --            ; --                    ; --  ; --   ;
; display2[6]       ; Output   ; --            ; --            ; --                    ; --  ; --   ;
; display1[0]       ; Output   ; --            ; --            ; --                    ; --  ; --   ;
; display1[1]       ; Output   ; --            ; --            ; --                    ; --  ; --   ;
; display1[2]       ; Output   ; --            ; --            ; --                    ; --  ; --   ;
; display1[3]       ; Output   ; --            ; --            ; --                    ; --  ; --   ;
; display1[4]       ; Output   ; --            ; --            ; --                    ; --  ; --   ;
; display1[5]       ; Output   ; --            ; --            ; --                    ; --  ; --   ;
; display1[6]       ; Output   ; --            ; --            ; --                    ; --  ; --   ;
; display0[0]       ; Output   ; --            ; --            ; --                    ; --  ; --   ;
; display0[1]       ; Output   ; --            ; --            ; --                    ; --  ; --   ;
; display0[2]       ; Output   ; --            ; --            ; --                    ; --  ; --   ;
; display0[3]       ; Output   ; --            ; --            ; --                    ; --  ; --   ;
; display0[4]       ; Output   ; --            ; --            ; --                    ; --  ; --   ;
; display0[5]       ; Output   ; --            ; --            ; --                    ; --  ; --   ;
; display0[6]       ; Output   ; --            ; --            ; --                    ; --  ; --   ;
; io_stall_flag     ; Output   ; --            ; --            ; --                    ; --  ; --   ;
; clock             ; Input    ; (0) 0 ps      ; --            ; --                    ; --  ; --   ;
; reset_n           ; Input    ; --            ; (6) 1314 ps   ; --                    ; --  ; --   ;
; switches[0]       ; Input    ; (6) 1314 ps   ; --            ; --                    ; --  ; --   ;
; switches[1]       ; Input    ; --            ; (6) 1314 ps   ; --                    ; --  ; --   ;
; switches[2]       ; Input    ; (6) 1314 ps   ; --            ; --                    ; --  ; --   ;
; switches[3]       ; Input    ; --            ; (6) 1314 ps   ; --                    ; --  ; --   ;
; switches[4]       ; Input    ; (6) 1314 ps   ; --            ; --                    ; --  ; --   ;
; switches[5]       ; Input    ; --            ; (6) 1314 ps   ; --                    ; --  ; --   ;
; switches[6]       ; Input    ; (6) 1314 ps   ; --            ; --                    ; --  ; --   ;
; switches[7]       ; Input    ; --            ; (6) 1314 ps   ; --                    ; --  ; --   ;
; switches[8]       ; Input    ; --            ; (6) 1314 ps   ; --                    ; --  ; --   ;
; switches[9]       ; Input    ; (6) 1314 ps   ; --            ; --                    ; --  ; --   ;
; switches[10]      ; Input    ; (6) 1314 ps   ; --            ; --                    ; --  ; --   ;
; switches[11]      ; Input    ; --            ; (6) 1314 ps   ; --                    ; --  ; --   ;
; switches[12]      ; Input    ; (6) 1314 ps   ; --            ; --                    ; --  ; --   ;
; switches[13]      ; Input    ; (6) 1314 ps   ; --            ; --                    ; --  ; --   ;
; switches[14]      ; Input    ; (6) 1314 ps   ; --            ; --                    ; --  ; --   ;
; switches[15]      ; Input    ; (6) 1314 ps   ; --            ; --                    ; --  ; --   ;
; botaoEnter_n      ; Input    ; --            ; (6) 1314 ps   ; --                    ; --  ; --   ;
+-------------------+----------+---------------+---------------+-----------------------+-----+------+


+---------------------------------------------------------------------------------------+
; Pad To Core Delay Chain Fanout                                                        ;
+---------------------------------------------------------+-------------------+---------+
; Source Pin / Fanout                                     ; Pad To Core Index ; Setting ;
+---------------------------------------------------------+-------------------+---------+
; clock                                                   ;                   ;         ;
; reset_n                                                 ;                   ;         ;
;      - PC:pc_inst|atualPC[0]                            ; 1                 ; 6       ;
;      - PC:pc_inst|atualPC[1]                            ; 1                 ; 6       ;
;      - PC:pc_inst|atualPC[2]                            ; 1                 ; 6       ;
;      - PC:pc_inst|atualPC[3]                            ; 1                 ; 6       ;
;      - PC:pc_inst|atualPC[4]                            ; 1                 ; 6       ;
;      - PC:pc_inst|atualPC[5]                            ; 1                 ; 6       ;
;      - PC:pc_inst|atualPC[6]                            ; 1                 ; 6       ;
;      - PC:pc_inst|atualPC[7]                            ; 1                 ; 6       ;
;      - bancoReg:banco_reg_inst|registradores~6          ; 1                 ; 6       ;
;      - bancoReg:banco_reg_inst|registradores[26][18]~7  ; 1                 ; 6       ;
;      - bancoReg:banco_reg_inst|registradores[22][18]~8  ; 1                 ; 6       ;
;      - bancoReg:banco_reg_inst|registradores[18][26]~9  ; 1                 ; 6       ;
;      - bancoReg:banco_reg_inst|registradores[30][27]~10 ; 1                 ; 6       ;
;      - bancoReg:banco_reg_inst|registradores[21][10]~11 ; 1                 ; 6       ;
;      - bancoReg:banco_reg_inst|registradores[25][9]~12  ; 1                 ; 6       ;
;      - bancoReg:banco_reg_inst|registradores[17][1]~13  ; 1                 ; 6       ;
;      - bancoReg:banco_reg_inst|registradores[29][19]~14 ; 1                 ; 6       ;
;      - bancoReg:banco_reg_inst|registradores[24][13]~15 ; 1                 ; 6       ;
;      - bancoReg:banco_reg_inst|registradores[20][4]~16  ; 1                 ; 6       ;
;      - bancoReg:banco_reg_inst|registradores[16][31]~17 ; 1                 ; 6       ;
;      - bancoReg:banco_reg_inst|registradores[28][3]~18  ; 1                 ; 6       ;
;      - bancoReg:banco_reg_inst|registradores[27][20]~19 ; 1                 ; 6       ;
;      - bancoReg:banco_reg_inst|registradores[23][10]~20 ; 1                 ; 6       ;
;      - bancoReg:banco_reg_inst|registradores[19][25]~21 ; 1                 ; 6       ;
;      - bancoReg:banco_reg_inst|registradores[31][16]~22 ; 1                 ; 6       ;
;      - bancoReg:banco_reg_inst|registradores[9][12]~23  ; 1                 ; 6       ;
;      - bancoReg:banco_reg_inst|registradores[10][13]~24 ; 1                 ; 6       ;
;      - bancoReg:banco_reg_inst|registradores[8][22]~25  ; 1                 ; 6       ;
;      - bancoReg:banco_reg_inst|registradores[11][23]~26 ; 1                 ; 6       ;
;      - bancoReg:banco_reg_inst|registradores[3][14]~27  ; 1                 ; 6       ;
;      - bancoReg:banco_reg_inst|registradores[1][22]~28  ; 1                 ; 6       ;
;      - bancoReg:banco_reg_inst|registradores[6][24]~29  ; 1                 ; 6       ;
;      - bancoReg:banco_reg_inst|registradores[5][8]~30   ; 1                 ; 6       ;
;      - bancoReg:banco_reg_inst|registradores[4][0]~31   ; 1                 ; 6       ;
;      - bancoReg:banco_reg_inst|registradores[7][10]~32  ; 1                 ; 6       ;
;      - bancoReg:banco_reg_inst|registradores[14][28]~33 ; 1                 ; 6       ;
;      - bancoReg:banco_reg_inst|registradores[13][15]~34 ; 1                 ; 6       ;
;      - bancoReg:banco_reg_inst|registradores[12][18]~35 ; 1                 ; 6       ;
;      - bancoReg:banco_reg_inst|registradores[15][5]~36  ; 1                 ; 6       ;
;      - bancoReg:banco_reg_inst|registradores~37         ; 1                 ; 6       ;
;      - bancoReg:banco_reg_inst|registradores~38         ; 1                 ; 6       ;
;      - bancoReg:banco_reg_inst|registradores~39         ; 1                 ; 6       ;
;      - bancoReg:banco_reg_inst|registradores~40         ; 1                 ; 6       ;
;      - bancoReg:banco_reg_inst|registradores~41         ; 1                 ; 6       ;
;      - bancoReg:banco_reg_inst|registradores~42         ; 1                 ; 6       ;
;      - bancoReg:banco_reg_inst|registradores~43         ; 1                 ; 6       ;
;      - PC:pc_inst|atualPC[8]                            ; 1                 ; 6       ;
;      - bancoReg:banco_reg_inst|registradores~44         ; 1                 ; 6       ;
;      - PC:pc_inst|atualPC[9]                            ; 1                 ; 6       ;
;      - bancoReg:banco_reg_inst|registradores~45         ; 1                 ; 6       ;
;      - PC:pc_inst|atualPC[10]                           ; 1                 ; 6       ;
;      - bancoReg:banco_reg_inst|registradores~46         ; 1                 ; 6       ;
;      - PC:pc_inst|atualPC[11]                           ; 1                 ; 6       ;
;      - bancoReg:banco_reg_inst|registradores~47         ; 1                 ; 6       ;
;      - PC:pc_inst|atualPC[12]                           ; 1                 ; 6       ;
;      - bancoReg:banco_reg_inst|registradores~48         ; 1                 ; 6       ;
;      - PC:pc_inst|atualPC[13]                           ; 1                 ; 6       ;
;      - bancoReg:banco_reg_inst|registradores~49         ; 1                 ; 6       ;
;      - PC:pc_inst|atualPC[14]                           ; 1                 ; 6       ;
;      - bancoReg:banco_reg_inst|registradores~50         ; 1                 ; 6       ;
;      - PC:pc_inst|atualPC[15]                           ; 1                 ; 6       ;
;      - bancoReg:banco_reg_inst|registradores~51         ; 1                 ; 6       ;
;      - PC:pc_inst|atualPC[16]                           ; 1                 ; 6       ;
;      - bancoReg:banco_reg_inst|registradores~52         ; 1                 ; 6       ;
;      - PC:pc_inst|atualPC[17]                           ; 1                 ; 6       ;
;      - bancoReg:banco_reg_inst|registradores~53         ; 1                 ; 6       ;
;      - PC:pc_inst|atualPC[18]                           ; 1                 ; 6       ;
;      - bancoReg:banco_reg_inst|registradores~54         ; 1                 ; 6       ;
;      - PC:pc_inst|atualPC[19]                           ; 1                 ; 6       ;
;      - bancoReg:banco_reg_inst|registradores~55         ; 1                 ; 6       ;
;      - PC:pc_inst|atualPC[20]                           ; 1                 ; 6       ;
;      - bancoReg:banco_reg_inst|registradores~56         ; 1                 ; 6       ;
;      - PC:pc_inst|atualPC[21]                           ; 1                 ; 6       ;
;      - bancoReg:banco_reg_inst|registradores~57         ; 1                 ; 6       ;
;      - PC:pc_inst|atualPC[22]                           ; 1                 ; 6       ;
;      - bancoReg:banco_reg_inst|registradores~58         ; 1                 ; 6       ;
;      - PC:pc_inst|atualPC[23]                           ; 1                 ; 6       ;
;      - bancoReg:banco_reg_inst|registradores~59         ; 1                 ; 6       ;
;      - PC:pc_inst|atualPC[24]                           ; 1                 ; 6       ;
;      - bancoReg:banco_reg_inst|registradores~61         ; 1                 ; 6       ;
;      - PC:pc_inst|atualPC[25]                           ; 1                 ; 6       ;
;      - bancoReg:banco_reg_inst|registradores~63         ; 1                 ; 6       ;
;      - PC:pc_inst|atualPC[26]                           ; 1                 ; 6       ;
;      - bancoReg:banco_reg_inst|registradores~65         ; 1                 ; 6       ;
;      - PC:pc_inst|atualPC[27]                           ; 1                 ; 6       ;
;      - bancoReg:banco_reg_inst|registradores~67         ; 1                 ; 6       ;
;      - PC:pc_inst|atualPC[28]                           ; 1                 ; 6       ;
;      - bancoReg:banco_reg_inst|registradores~69         ; 1                 ; 6       ;
;      - PC:pc_inst|atualPC[29]                           ; 1                 ; 6       ;
;      - bancoReg:banco_reg_inst|registradores~71         ; 1                 ; 6       ;
;      - PC:pc_inst|atualPC[30]                           ; 1                 ; 6       ;
;      - bancoReg:banco_reg_inst|registradores~76         ; 1                 ; 6       ;
;      - PC:pc_inst|atualPC[31]                           ; 1                 ; 6       ;
;      - bancoReg:banco_reg_inst|registradores~78         ; 1                 ; 6       ;
;      - bancoReg:banco_reg_inst|registradores[2][8]~79   ; 1                 ; 6       ;
; switches[0]                                             ;                   ;         ;
;      - Mux36~1                                          ; 0                 ; 6       ;
; switches[1]                                             ;                   ;         ;
;      - Mux35~1                                          ; 1                 ; 6       ;
; switches[2]                                             ;                   ;         ;
;      - Mux34~1                                          ; 0                 ; 6       ;
; switches[3]                                             ;                   ;         ;
;      - Mux33~1                                          ; 1                 ; 6       ;
; switches[4]                                             ;                   ;         ;
;      - Mux32~1                                          ; 0                 ; 6       ;
; switches[5]                                             ;                   ;         ;
;      - Mux31~1                                          ; 1                 ; 6       ;
; switches[6]                                             ;                   ;         ;
;      - Mux30~1                                          ; 0                 ; 6       ;
; switches[7]                                             ;                   ;         ;
;      - Mux29~1                                          ; 1                 ; 6       ;
; switches[8]                                             ;                   ;         ;
;      - bancoReg:banco_reg_inst|registradores~44         ; 1                 ; 6       ;
; switches[9]                                             ;                   ;         ;
;      - bancoReg:banco_reg_inst|registradores~45         ; 0                 ; 6       ;
; switches[10]                                            ;                   ;         ;
;      - bancoReg:banco_reg_inst|registradores~46         ; 0                 ; 6       ;
; switches[11]                                            ;                   ;         ;
;      - bancoReg:banco_reg_inst|registradores~47         ; 1                 ; 6       ;
; switches[12]                                            ;                   ;         ;
;      - bancoReg:banco_reg_inst|registradores~48         ; 0                 ; 6       ;
; switches[13]                                            ;                   ;         ;
;      - bancoReg:banco_reg_inst|registradores~49         ; 0                 ; 6       ;
; switches[14]                                            ;                   ;         ;
;      - bancoReg:banco_reg_inst|registradores~50         ; 0                 ; 6       ;
; switches[15]                                            ;                   ;         ;
;      - bancoReg:banco_reg_inst|registradores~51         ; 0                 ; 6       ;
; botaoEnter_n                                            ;                   ;         ;
;      - debouncer:debouncer_inst|btn_sync_1~0            ; 1                 ; 6       ;
+---------------------------------------------------------+-------------------+---------+


+---------------------------------------------------------------------------------------------------------------------------------------------------------------------------------------------+
; Control Signals                                                                                                                                                                             ;
+--------------------------------------------------+--------------------+---------+----------------------------+--------+----------------------+------------------+---------------------------+
; Name                                             ; Location           ; Fan-Out ; Usage                      ; Global ; Global Resource Used ; Global Line Name ; Enable Signal Source Name ;
+--------------------------------------------------+--------------------+---------+----------------------------+--------+----------------------+------------------+---------------------------+
; PC:pc_inst|always0~1                             ; LCCOMB_X69_Y38_N16 ; 32      ; Clock enable               ; no     ; --                   ; --               ; --                        ;
; bancoReg:banco_reg_inst|registradores[10][13]~24 ; LCCOMB_X69_Y35_N4  ; 32      ; Clock enable               ; no     ; --                   ; --               ; --                        ;
; bancoReg:banco_reg_inst|registradores[11][23]~26 ; LCCOMB_X61_Y31_N26 ; 32      ; Clock enable               ; no     ; --                   ; --               ; --                        ;
; bancoReg:banco_reg_inst|registradores[12][18]~35 ; LCCOMB_X57_Y35_N22 ; 32      ; Clock enable               ; no     ; --                   ; --               ; --                        ;
; bancoReg:banco_reg_inst|registradores[13][15]~34 ; LCCOMB_X69_Y35_N10 ; 32      ; Clock enable               ; no     ; --                   ; --               ; --                        ;
; bancoReg:banco_reg_inst|registradores[14][28]~33 ; LCCOMB_X69_Y35_N20 ; 32      ; Clock enable               ; no     ; --                   ; --               ; --                        ;
; bancoReg:banco_reg_inst|registradores[15][5]~36  ; LCCOMB_X69_Y35_N16 ; 32      ; Clock enable               ; no     ; --                   ; --               ; --                        ;
; bancoReg:banco_reg_inst|registradores[16][31]~17 ; LCCOMB_X57_Y35_N6  ; 32      ; Clock enable               ; no     ; --                   ; --               ; --                        ;
; bancoReg:banco_reg_inst|registradores[17][1]~13  ; LCCOMB_X57_Y36_N22 ; 32      ; Clock enable               ; no     ; --                   ; --               ; --                        ;
; bancoReg:banco_reg_inst|registradores[18][26]~9  ; LCCOMB_X63_Y32_N8  ; 32      ; Clock enable               ; no     ; --                   ; --               ; --                        ;
; bancoReg:banco_reg_inst|registradores[19][25]~21 ; LCCOMB_X57_Y36_N0  ; 32      ; Clock enable               ; no     ; --                   ; --               ; --                        ;
; bancoReg:banco_reg_inst|registradores[1][22]~28  ; LCCOMB_X63_Y35_N28 ; 32      ; Clock enable               ; no     ; --                   ; --               ; --                        ;
; bancoReg:banco_reg_inst|registradores[20][4]~16  ; LCCOMB_X63_Y35_N12 ; 32      ; Clock enable               ; no     ; --                   ; --               ; --                        ;
; bancoReg:banco_reg_inst|registradores[21][10]~11 ; LCCOMB_X57_Y35_N10 ; 32      ; Clock enable               ; no     ; --                   ; --               ; --                        ;
; bancoReg:banco_reg_inst|registradores[22][18]~8  ; LCCOMB_X57_Y35_N2  ; 32      ; Clock enable               ; no     ; --                   ; --               ; --                        ;
; bancoReg:banco_reg_inst|registradores[23][10]~20 ; LCCOMB_X57_Y35_N12 ; 32      ; Clock enable               ; no     ; --                   ; --               ; --                        ;
; bancoReg:banco_reg_inst|registradores[24][13]~15 ; LCCOMB_X57_Y35_N0  ; 32      ; Clock enable               ; no     ; --                   ; --               ; --                        ;
; bancoReg:banco_reg_inst|registradores[25][9]~12  ; LCCOMB_X57_Y35_N30 ; 32      ; Clock enable               ; no     ; --                   ; --               ; --                        ;
; bancoReg:banco_reg_inst|registradores[26][18]~7  ; LCCOMB_X69_Y35_N30 ; 32      ; Clock enable               ; no     ; --                   ; --               ; --                        ;
; bancoReg:banco_reg_inst|registradores[27][20]~19 ; LCCOMB_X69_Y35_N12 ; 32      ; Clock enable               ; no     ; --                   ; --               ; --                        ;
; bancoReg:banco_reg_inst|registradores[28][3]~18  ; LCCOMB_X65_Y35_N12 ; 32      ; Clock enable               ; no     ; --                   ; --               ; --                        ;
; bancoReg:banco_reg_inst|registradores[29][19]~14 ; LCCOMB_X57_Y35_N4  ; 32      ; Clock enable               ; no     ; --                   ; --               ; --                        ;
; bancoReg:banco_reg_inst|registradores[2][8]~79   ; LCCOMB_X57_Y35_N28 ; 32      ; Clock enable               ; no     ; --                   ; --               ; --                        ;
; bancoReg:banco_reg_inst|registradores[30][27]~10 ; LCCOMB_X63_Y32_N26 ; 32      ; Clock enable               ; no     ; --                   ; --               ; --                        ;
; bancoReg:banco_reg_inst|registradores[31][16]~22 ; LCCOMB_X69_Y35_N22 ; 32      ; Clock enable               ; no     ; --                   ; --               ; --                        ;
; bancoReg:banco_reg_inst|registradores[3][14]~27  ; LCCOMB_X63_Y32_N20 ; 32      ; Clock enable               ; no     ; --                   ; --               ; --                        ;
; bancoReg:banco_reg_inst|registradores[4][0]~31   ; LCCOMB_X63_Y32_N14 ; 32      ; Clock enable               ; no     ; --                   ; --               ; --                        ;
; bancoReg:banco_reg_inst|registradores[5][8]~30   ; LCCOMB_X63_Y32_N24 ; 32      ; Clock enable               ; no     ; --                   ; --               ; --                        ;
; bancoReg:banco_reg_inst|registradores[6][24]~29  ; LCCOMB_X63_Y32_N30 ; 32      ; Clock enable               ; no     ; --                   ; --               ; --                        ;
; bancoReg:banco_reg_inst|registradores[7][10]~32  ; LCCOMB_X63_Y32_N4  ; 32      ; Clock enable               ; no     ; --                   ; --               ; --                        ;
; bancoReg:banco_reg_inst|registradores[8][22]~25  ; LCCOMB_X69_Y35_N18 ; 32      ; Clock enable               ; no     ; --                   ; --               ; --                        ;
; bancoReg:banco_reg_inst|registradores[9][12]~23  ; LCCOMB_X59_Y33_N18 ; 32      ; Clock enable               ; no     ; --                   ; --               ; --                        ;
; clock                                            ; PIN_Y2             ; 19      ; Clock                      ; no     ; --                   ; --               ; --                        ;
; clock                                            ; PIN_Y2             ; 7       ; Clock                      ; yes    ; Global Clock         ; GCLK4            ; --                        ;
; controle:controle_inst|Decoder0~2                ; LCCOMB_X61_Y51_N18 ; 1       ; Clock enable, Write enable ; no     ; --                   ; --               ; --                        ;
; controle:controle_inst|Decoder0~3                ; LCCOMB_X50_Y37_N2  ; 1       ; Clock enable               ; no     ; --                   ; --               ; --                        ;
; divisorClock:divisor_de_clock_inst|LessThan0~7   ; LCCOMB_X2_Y35_N0   ; 23      ; Sync. clear                ; no     ; --                   ; --               ; --                        ;
; divisorClock:divisor_de_clock_inst|LessThan1     ; LCCOMB_X1_Y35_N28  ; 1027    ; Clock                      ; yes    ; Global Clock         ; GCLK0            ; --                        ;
; reset_n                                          ; PIN_R24            ; 95      ; Async. clear               ; no     ; --                   ; --               ; --                        ;
+--------------------------------------------------+--------------------+---------+----------------------------+--------+----------------------+------------------+---------------------------+


+-----------------------------------------------------------------------------------------------------------------------------------------------------------------------------------------+
; Global & Other Fast Signals                                                                                                                                                             ;
+----------------------------------------------+-------------------+---------+--------------------------------------+----------------------+------------------+---------------------------+
; Name                                         ; Location          ; Fan-Out ; Fan-Out Using Intentional Clock Skew ; Global Resource Used ; Global Line Name ; Enable Signal Source Name ;
+----------------------------------------------+-------------------+---------+--------------------------------------+----------------------+------------------+---------------------------+
; clock                                        ; PIN_Y2            ; 7       ; 0                                    ; Global Clock         ; GCLK4            ; --                        ;
; divisorClock:divisor_de_clock_inst|LessThan1 ; LCCOMB_X1_Y35_N28 ; 1027    ; 0                                    ; Global Clock         ; GCLK0            ; --                        ;
+----------------------------------------------+-------------------+---------+--------------------------------------+----------------------+------------------+---------------------------+


+----------------------------------------------------------------------------------------------------------------------------------------------------------------------------------------------------------------------------------------------------------------------------------------------------------------------------------------------------------------------------------------------------------------------------------------------------------------------------------------------------------------------------------------------------------------------------------------------------------------------------------------------------------------------------+
; Fitter RAM Summary                                                                                                                                                                                                                                                                                                                                                                                                                                                                                                                                                                                                                                                         ;
+-----------------------------------------------------------------------------------------------------+------+------------------+--------------+--------------+--------------+--------------+--------------+------------------------+-------------------------+------------------------+-------------------------+------+-----------------------------+-----------------------------+-----------------------------+-----------------------------+---------------------+------+-------------------------------------------------+----------------+----------------------+------------------------+------------------------+----------+------------------------+---------------+
; Name                                                                                                ; Type ; Mode             ; Clock Mode   ; Port A Depth ; Port A Width ; Port B Depth ; Port B Width ; Port A Input Registers ; Port A Output Registers ; Port B Input Registers ; Port B Output Registers ; Size ; Implementation Port A Depth ; Implementation Port A Width ; Implementation Port B Depth ; Implementation Port B Width ; Implementation Bits ; M9Ks ; MIF                                             ; Location       ; Mixed Width RDW Mode ; Port A RDW Mode        ; Port B RDW Mode        ; ECC Mode ; ECC Pipeline Registers ; Fits in MLABs ;
+-----------------------------------------------------------------------------------------------------+------+------------------+--------------+--------------+--------------+--------------+--------------+------------------------+-------------------------+------------------------+-------------------------+------+-----------------------------+-----------------------------+-----------------------------+-----------------------------+---------------------+------+-------------------------------------------------+----------------+----------------------+------------------------+------------------------+----------+------------------------+---------------+
; memoriaRAM:memoria_de_dados_inst|altsyncram:ram_rtl_0|altsyncram_qsd1:auto_generated|ALTSYNCRAM     ; AUTO ; Simple Dual Port ; Dual Clocks  ; 256          ; 32           ; 256          ; 32           ; yes                    ; no                      ; yes                    ; no                      ; 8192 ; 256                         ; 32                          ; 256                         ; 32                          ; 8192                ; 1    ; None                                            ; M9K_X51_Y37_N0 ; Don't care           ; New data with NBE Read ; New data with NBE Read ; Off      ; No                     ; No - Unknown  ;
; memoriaROM:memoria_de_instrucao_inst|altsyncram:rom_rtl_0|altsyncram_7m71:auto_generated|ALTSYNCRAM ; AUTO ; ROM              ; Single Clock ; 256          ; 32           ; --           ; --           ; yes                    ; no                      ; --                     ; --                      ; 8192 ; 256                         ; 32                          ; --                          ; --                          ; 8192                ; 1    ; db/processador.ram0_memoriaROM_72ae0008.hdl.mif ; M9K_X64_Y37_N0 ; Don't care           ; New data with NBE Read ; New data with NBE Read ; Off      ; No                     ; No - Unknown  ;
+-----------------------------------------------------------------------------------------------------+------+------------------+--------------+--------------+--------------+--------------+--------------+------------------------+-------------------------+------------------------+-------------------------+------+-----------------------------+-----------------------------+-----------------------------+-----------------------------+---------------------+------+-------------------------------------------------+----------------+----------------------+------------------------+------------------------+----------+------------------------+---------------+
Note: Fitter may spread logical memories into multiple blocks to improve timing. The actual required RAM blocks can be found in the Fitter Resource Usage section.


RAM content values are presented in the following format: (Binary) (Octal) (Decimal) (Hexadecimal) 
+------------------------------------------------------------------------------------------------------------------------------------------------------------------------------------------------------------------------------------------------------------------+
; |processador|memoriaROM:memoria_de_instrucao_inst|altsyncram:rom_rtl_0|altsyncram_7m71:auto_generated|ALTSYNCRAM                                                                                                                                                 ;
+------------------------------------------------------------------------------------------------------------------------------------------------------------------------------------------------------------------------------------------------------------------+
;   Addr   ;              +0              ;              +1              ;              +2              ;              +3              ;              +4              ;              +5              ;              +6              ;              +7              ;
+----------+------------------------------+------------------------------+------------------------------+------------------------------+------------------------------+------------------------------+------------------------------+------------------------------+
;0;(00110100000010000000000000000000) (2107032704) (872939520) (34080000)    ;(00001101000010000000000011111111) (1502000377) (218628351) (D0800FF)   ;(00000100000010100000000000000000) (402400000) (67764224) (40A0000)   ;(00011101000000000000000000011001) (-794967265) (486539289) (1D000019)   ;(01001000000000000000000000000000) (-1147483648) (1207959552) (48000000)   ;(00000100000011000000000000000001) (403000001) (67895297) (40C0001)   ;(00000100000010100000000000000001) (402400001) (67764225) (40A0001)   ;(00011101000011000000000000010110) (-791967270) (487325718) (1D0C0016)   ;
;8;(01001000000000000000000000000000) (-1147483648) (1207959552) (48000000)    ;(00000100000011010000000000000000) (403200000) (67960832) (40D0000)   ;(00011000000011010000000011001000) (-1291766986) (403505352) (180D00C8)   ;(00010100000010010000000011001000) (-1892766986) (336134344) (140900C8)   ;(00001001000010000000000000000001) (1102000001) (151519233) (9080001)   ;(00000001010010010101100000000000) (122254000) (21583872) (1495800)   ;(00000001010000000100100000000000) (120044000) (20989952) (1404800)   ;(00000001011000000101000000000000) (130050000) (23089152) (1605000)   ;
;16;(00001001000010000000000000000001) (1102000001) (151519233) (9080001)    ;(00100001000000001111111111111011) (-194789523) (553713659) (2100FFFB)   ;(01001000000000000000000000000000) (-1147483648) (1207959552) (48000000)   ;(00000000000000000000000000000000) (0) (0) (00)   ;(00000000000000000000000000000000) (0) (0) (00)   ;(00000000000000000000000000000000) (0) (0) (00)   ;(00000000000000000000000000000000) (0) (0) (00)   ;(00000000000000000000000000000000) (0) (0) (00)   ;
;24;(00000000000000000000000000000000) (0) (0) (00)    ;(00111001010000000000000000000000) (-1469934592) (960495616) (39400000)   ;(01000000000000000000000000000000) (-2147483648) (1073741824) (40000000)   ;(00000000000000000000000000000000) (0) (0) (00)   ;(00000000000000000000000000000000) (0) (0) (00)   ;(00000000000000000000000000000000) (0) (0) (00)   ;(00000000000000000000000000000000) (0) (0) (00)   ;(00000000000000000000000000000000) (0) (0) (00)   ;
;32;(00000000000000000000000000000000) (0) (0) (00)    ;(00000000000000000000000000000000) (0) (0) (00)   ;(00000000000000000000000000000000) (0) (0) (00)   ;(00000000000000000000000000000000) (0) (0) (00)   ;(00000000000000000000000000000000) (0) (0) (00)   ;(00000000000000000000000000000000) (0) (0) (00)   ;(00000000000000000000000000000000) (0) (0) (00)   ;(00000000000000000000000000000000) (0) (0) (00)   ;
;40;(00000000000000000000000000000000) (0) (0) (00)    ;(00000000000000000000000000000000) (0) (0) (00)   ;(00000000000000000000000000000000) (0) (0) (00)   ;(00000000000000000000000000000000) (0) (0) (00)   ;(00000000000000000000000000000000) (0) (0) (00)   ;(00000000000000000000000000000000) (0) (0) (00)   ;(00000000000000000000000000000000) (0) (0) (00)   ;(00000000000000000000000000000000) (0) (0) (00)   ;
;48;(00000000000000000000000000000000) (0) (0) (00)    ;(00000000000000000000000000000000) (0) (0) (00)   ;(00000000000000000000000000000000) (0) (0) (00)   ;(00000000000000000000000000000000) (0) (0) (00)   ;(00000000000000000000000000000000) (0) (0) (00)   ;(00000000000000000000000000000000) (0) (0) (00)   ;(00000000000000000000000000000000) (0) (0) (00)   ;(00000000000000000000000000000000) (0) (0) (00)   ;
;56;(00000000000000000000000000000000) (0) (0) (00)    ;(00000000000000000000000000000000) (0) (0) (00)   ;(00000000000000000000000000000000) (0) (0) (00)   ;(00000000000000000000000000000000) (0) (0) (00)   ;(00000000000000000000000000000000) (0) (0) (00)   ;(00000000000000000000000000000000) (0) (0) (00)   ;(00000000000000000000000000000000) (0) (0) (00)   ;(00000000000000000000000000000000) (0) (0) (00)   ;
;64;(00000000000000000000000000000000) (0) (0) (00)    ;(00000000000000000000000000000000) (0) (0) (00)   ;(00000000000000000000000000000000) (0) (0) (00)   ;(00000000000000000000000000000000) (0) (0) (00)   ;(00000000000000000000000000000000) (0) (0) (00)   ;(00000000000000000000000000000000) (0) (0) (00)   ;(00000000000000000000000000000000) (0) (0) (00)   ;(00000000000000000000000000000000) (0) (0) (00)   ;
;72;(00000000000000000000000000000000) (0) (0) (00)    ;(00000000000000000000000000000000) (0) (0) (00)   ;(00000000000000000000000000000000) (0) (0) (00)   ;(00000000000000000000000000000000) (0) (0) (00)   ;(00000000000000000000000000000000) (0) (0) (00)   ;(00000000000000000000000000000000) (0) (0) (00)   ;(00000000000000000000000000000000) (0) (0) (00)   ;(00000000000000000000000000000000) (0) (0) (00)   ;
;80;(00000000000000000000000000000000) (0) (0) (00)    ;(00000000000000000000000000000000) (0) (0) (00)   ;(00000000000000000000000000000000) (0) (0) (00)   ;(00000000000000000000000000000000) (0) (0) (00)   ;(00000000000000000000000000000000) (0) (0) (00)   ;(00000000000000000000000000000000) (0) (0) (00)   ;(00000000000000000000000000000000) (0) (0) (00)   ;(00000000000000000000000000000000) (0) (0) (00)   ;
;88;(00000000000000000000000000000000) (0) (0) (00)    ;(00000000000000000000000000000000) (0) (0) (00)   ;(00000000000000000000000000000000) (0) (0) (00)   ;(00000000000000000000000000000000) (0) (0) (00)   ;(00000000000000000000000000000000) (0) (0) (00)   ;(00000000000000000000000000000000) (0) (0) (00)   ;(00000000000000000000000000000000) (0) (0) (00)   ;(00000000000000000000000000000000) (0) (0) (00)   ;
;96;(00000000000000000000000000000000) (0) (0) (00)    ;(00000000000000000000000000000000) (0) (0) (00)   ;(00000000000000000000000000000000) (0) (0) (00)   ;(00000000000000000000000000000000) (0) (0) (00)   ;(00000000000000000000000000000000) (0) (0) (00)   ;(00000000000000000000000000000000) (0) (0) (00)   ;(00000000000000000000000000000000) (0) (0) (00)   ;(00000000000000000000000000000000) (0) (0) (00)   ;
;104;(00000000000000000000000000000000) (0) (0) (00)    ;(00000000000000000000000000000000) (0) (0) (00)   ;(00000000000000000000000000000000) (0) (0) (00)   ;(00000000000000000000000000000000) (0) (0) (00)   ;(00000000000000000000000000000000) (0) (0) (00)   ;(00000000000000000000000000000000) (0) (0) (00)   ;(00000000000000000000000000000000) (0) (0) (00)   ;(00000000000000000000000000000000) (0) (0) (00)   ;
;112;(00000000000000000000000000000000) (0) (0) (00)    ;(00000000000000000000000000000000) (0) (0) (00)   ;(00000000000000000000000000000000) (0) (0) (00)   ;(00000000000000000000000000000000) (0) (0) (00)   ;(00000000000000000000000000000000) (0) (0) (00)   ;(00000000000000000000000000000000) (0) (0) (00)   ;(00000000000000000000000000000000) (0) (0) (00)   ;(00000000000000000000000000000000) (0) (0) (00)   ;
;120;(00000000000000000000000000000000) (0) (0) (00)    ;(00000000000000000000000000000000) (0) (0) (00)   ;(00000000000000000000000000000000) (0) (0) (00)   ;(00000000000000000000000000000000) (0) (0) (00)   ;(00000000000000000000000000000000) (0) (0) (00)   ;(00000000000000000000000000000000) (0) (0) (00)   ;(00000000000000000000000000000000) (0) (0) (00)   ;(00000000000000000000000000000000) (0) (0) (00)   ;
;128;(00000000000000000000000000000000) (0) (0) (00)    ;(00000000000000000000000000000000) (0) (0) (00)   ;(00000000000000000000000000000000) (0) (0) (00)   ;(00000000000000000000000000000000) (0) (0) (00)   ;(00000000000000000000000000000000) (0) (0) (00)   ;(00000000000000000000000000000000) (0) (0) (00)   ;(00000000000000000000000000000000) (0) (0) (00)   ;(00000000000000000000000000000000) (0) (0) (00)   ;
;136;(00000000000000000000000000000000) (0) (0) (00)    ;(00000000000000000000000000000000) (0) (0) (00)   ;(00000000000000000000000000000000) (0) (0) (00)   ;(00000000000000000000000000000000) (0) (0) (00)   ;(00000000000000000000000000000000) (0) (0) (00)   ;(00000000000000000000000000000000) (0) (0) (00)   ;(00000000000000000000000000000000) (0) (0) (00)   ;(00000000000000000000000000000000) (0) (0) (00)   ;
;144;(00000000000000000000000000000000) (0) (0) (00)    ;(00000000000000000000000000000000) (0) (0) (00)   ;(00000000000000000000000000000000) (0) (0) (00)   ;(00000000000000000000000000000000) (0) (0) (00)   ;(00000000000000000000000000000000) (0) (0) (00)   ;(00000000000000000000000000000000) (0) (0) (00)   ;(00000000000000000000000000000000) (0) (0) (00)   ;(00000000000000000000000000000000) (0) (0) (00)   ;
;152;(00000000000000000000000000000000) (0) (0) (00)    ;(00000000000000000000000000000000) (0) (0) (00)   ;(00000000000000000000000000000000) (0) (0) (00)   ;(00000000000000000000000000000000) (0) (0) (00)   ;(00000000000000000000000000000000) (0) (0) (00)   ;(00000000000000000000000000000000) (0) (0) (00)   ;(00000000000000000000000000000000) (0) (0) (00)   ;(00000000000000000000000000000000) (0) (0) (00)   ;
;160;(00000000000000000000000000000000) (0) (0) (00)    ;(00000000000000000000000000000000) (0) (0) (00)   ;(00000000000000000000000000000000) (0) (0) (00)   ;(00000000000000000000000000000000) (0) (0) (00)   ;(00000000000000000000000000000000) (0) (0) (00)   ;(00000000000000000000000000000000) (0) (0) (00)   ;(00000000000000000000000000000000) (0) (0) (00)   ;(00000000000000000000000000000000) (0) (0) (00)   ;
;168;(00000000000000000000000000000000) (0) (0) (00)    ;(00000000000000000000000000000000) (0) (0) (00)   ;(00000000000000000000000000000000) (0) (0) (00)   ;(00000000000000000000000000000000) (0) (0) (00)   ;(00000000000000000000000000000000) (0) (0) (00)   ;(00000000000000000000000000000000) (0) (0) (00)   ;(00000000000000000000000000000000) (0) (0) (00)   ;(00000000000000000000000000000000) (0) (0) (00)   ;
;176;(00000000000000000000000000000000) (0) (0) (00)    ;(00000000000000000000000000000000) (0) (0) (00)   ;(00000000000000000000000000000000) (0) (0) (00)   ;(00000000000000000000000000000000) (0) (0) (00)   ;(00000000000000000000000000000000) (0) (0) (00)   ;(00000000000000000000000000000000) (0) (0) (00)   ;(00000000000000000000000000000000) (0) (0) (00)   ;(00000000000000000000000000000000) (0) (0) (00)   ;
;184;(00000000000000000000000000000000) (0) (0) (00)    ;(00000000000000000000000000000000) (0) (0) (00)   ;(00000000000000000000000000000000) (0) (0) (00)   ;(00000000000000000000000000000000) (0) (0) (00)   ;(00000000000000000000000000000000) (0) (0) (00)   ;(00000000000000000000000000000000) (0) (0) (00)   ;(00000000000000000000000000000000) (0) (0) (00)   ;(00000000000000000000000000000000) (0) (0) (00)   ;
;192;(00000000000000000000000000000000) (0) (0) (00)    ;(00000000000000000000000000000000) (0) (0) (00)   ;(00000000000000000000000000000000) (0) (0) (00)   ;(00000000000000000000000000000000) (0) (0) (00)   ;(00000000000000000000000000000000) (0) (0) (00)   ;(00000000000000000000000000000000) (0) (0) (00)   ;(00000000000000000000000000000000) (0) (0) (00)   ;(00000000000000000000000000000000) (0) (0) (00)   ;
;200;(00000000000000000000000000000000) (0) (0) (00)    ;(00000000000000000000000000000000) (0) (0) (00)   ;(00000000000000000000000000000000) (0) (0) (00)   ;(00000000000000000000000000000000) (0) (0) (00)   ;(00000000000000000000000000000000) (0) (0) (00)   ;(00000000000000000000000000000000) (0) (0) (00)   ;(00000000000000000000000000000000) (0) (0) (00)   ;(00000000000000000000000000000000) (0) (0) (00)   ;
;208;(00000000000000000000000000000000) (0) (0) (00)    ;(00000000000000000000000000000000) (0) (0) (00)   ;(00000000000000000000000000000000) (0) (0) (00)   ;(00000000000000000000000000000000) (0) (0) (00)   ;(00000000000000000000000000000000) (0) (0) (00)   ;(00000000000000000000000000000000) (0) (0) (00)   ;(00000000000000000000000000000000) (0) (0) (00)   ;(00000000000000000000000000000000) (0) (0) (00)   ;
;216;(00000000000000000000000000000000) (0) (0) (00)    ;(00000000000000000000000000000000) (0) (0) (00)   ;(00000000000000000000000000000000) (0) (0) (00)   ;(00000000000000000000000000000000) (0) (0) (00)   ;(00000000000000000000000000000000) (0) (0) (00)   ;(00000000000000000000000000000000) (0) (0) (00)   ;(00000000000000000000000000000000) (0) (0) (00)   ;(00000000000000000000000000000000) (0) (0) (00)   ;
;224;(00000000000000000000000000000000) (0) (0) (00)    ;(00000000000000000000000000000000) (0) (0) (00)   ;(00000000000000000000000000000000) (0) (0) (00)   ;(00000000000000000000000000000000) (0) (0) (00)   ;(00000000000000000000000000000000) (0) (0) (00)   ;(00000000000000000000000000000000) (0) (0) (00)   ;(00000000000000000000000000000000) (0) (0) (00)   ;(00000000000000000000000000000000) (0) (0) (00)   ;
;232;(00000000000000000000000000000000) (0) (0) (00)    ;(00000000000000000000000000000000) (0) (0) (00)   ;(00000000000000000000000000000000) (0) (0) (00)   ;(00000000000000000000000000000000) (0) (0) (00)   ;(00000000000000000000000000000000) (0) (0) (00)   ;(00000000000000000000000000000000) (0) (0) (00)   ;(00000000000000000000000000000000) (0) (0) (00)   ;(00000000000000000000000000000000) (0) (0) (00)   ;
;240;(00000000000000000000000000000000) (0) (0) (00)    ;(00000000000000000000000000000000) (0) (0) (00)   ;(00000000000000000000000000000000) (0) (0) (00)   ;(00000000000000000000000000000000) (0) (0) (00)   ;(00000000000000000000000000000000) (0) (0) (00)   ;(00000000000000000000000000000000) (0) (0) (00)   ;(00000000000000000000000000000000) (0) (0) (00)   ;(00000000000000000000000000000000) (0) (0) (00)   ;
;248;(00000000000000000000000000000000) (0) (0) (00)    ;(00000000000000000000000000000000) (0) (0) (00)   ;(00000000000000000000000000000000) (0) (0) (00)   ;(00000000000000000000000000000000) (0) (0) (00)   ;(00000000000000000000000000000000) (0) (0) (00)   ;(00000000000000000000000000000000) (0) (0) (00)   ;(00000000000000000000000000000000) (0) (0) (00)   ;(00000000000000000000000000000000) (0) (0) (00)   ;


+-----------------------------------------------------------------------------------------------+
; Fitter DSP Block Usage Summary                                                                ;
+---------------------------------------+-------------+---------------------+-------------------+
; Statistic                             ; Number Used ; Available per Block ; Maximum Available ;
+---------------------------------------+-------------+---------------------+-------------------+
; Simple Multipliers (9-bit)            ; 0           ; 2                   ; 532               ;
; Simple Multipliers (18-bit)           ; 3           ; 1                   ; 266               ;
; Embedded Multiplier Blocks            ; 3           ; --                  ; 266               ;
; Embedded Multiplier 9-bit elements    ; 6           ; 2                   ; 532               ;
; Signed Embedded Multipliers           ; 0           ; --                  ; --                ;
; Unsigned Embedded Multipliers         ; 3           ; --                  ; --                ;
; Mixed Sign Embedded Multipliers       ; 0           ; --                  ; --                ;
; Variable Sign Embedded Multipliers    ; 0           ; --                  ; --                ;
; Dedicated Input Shift Register Chains ; 0           ; --                  ; --                ;
+---------------------------------------+-------------+---------------------+-------------------+


+-----------------------------------------------------------------------------------------------------------------------------------------------------------------------------------------------------------------------------------------------------------------+
; DSP Block Details                                                                                                                                                                                                                                               ;
+------------------------------------------------------------------+----------------------------+--------------------+---------------------+--------------------------------+-----------------------+-----------------------+-------------------+-----------------+
; Name                                                             ; Mode                       ; Location           ; Sign Representation ; Has Input Shift Register Chain ; Data A Input Register ; Data B Input Register ; Pipeline Register ; Output Register ;
+------------------------------------------------------------------+----------------------------+--------------------+---------------------+--------------------------------+-----------------------+-----------------------+-------------------+-----------------+
; ULA:ula_inst|lpm_mult:Mult0|mult_7dt:auto_generated|mac_out4     ; Simple Multiplier (18-bit) ; DSPOUT_X44_Y39_N2  ;                     ; No                             ;                       ;                       ;                   ; no              ;
;    ULA:ula_inst|lpm_mult:Mult0|mult_7dt:auto_generated|mac_mult3 ;                            ; DSPMULT_X44_Y39_N0 ; Unsigned            ;                                ; no                    ; no                    ; no                ;                 ;
; ULA:ula_inst|lpm_mult:Mult0|mult_7dt:auto_generated|mac_out6     ; Simple Multiplier (18-bit) ; DSPOUT_X44_Y43_N2  ;                     ; No                             ;                       ;                       ;                   ; no              ;
;    ULA:ula_inst|lpm_mult:Mult0|mult_7dt:auto_generated|mac_mult5 ;                            ; DSPMULT_X44_Y43_N0 ; Unsigned            ;                                ; no                    ; no                    ; no                ;                 ;
; ULA:ula_inst|lpm_mult:Mult0|mult_7dt:auto_generated|w513w[0]     ; Simple Multiplier (18-bit) ; DSPOUT_X44_Y40_N2  ;                     ; No                             ;                       ;                       ;                   ; no              ;
;    ULA:ula_inst|lpm_mult:Mult0|mult_7dt:auto_generated|mac_mult1 ;                            ; DSPMULT_X44_Y40_N0 ; Unsigned            ;                                ; no                    ; no                    ; no                ;                 ;
+------------------------------------------------------------------+----------------------------+--------------------+---------------------+--------------------------------+-----------------------+-----------------------+-------------------+-----------------+


+---------------------------------------------------+
; Routing Usage Summary                             ;
+-----------------------+---------------------------+
; Routing Resource Type ; Usage                     ;
+-----------------------+---------------------------+
; Block interconnects   ; 9,281 / 342,891 ( 3 % )   ;
; C16 interconnects     ; 290 / 10,120 ( 3 % )      ;
; C4 interconnects      ; 6,891 / 209,544 ( 3 % )   ;
; Direct links          ; 1,055 / 342,891 ( < 1 % ) ;
; Global clocks         ; 2 / 20 ( 10 % )           ;
; Local interconnects   ; 2,468 / 119,088 ( 2 % )   ;
; R24 interconnects     ; 365 / 9,963 ( 4 % )       ;
; R4 interconnects      ; 8,233 / 289,782 ( 3 % )   ;
+-----------------------+---------------------------+


+-----------------------------------------------------------------------------+
; LAB Logic Elements                                                          ;
+---------------------------------------------+-------------------------------+
; Number of Logic Elements  (Average = 13.64) ; Number of LABs  (Total = 418) ;
+---------------------------------------------+-------------------------------+
; 1                                           ; 21                            ;
; 2                                           ; 8                             ;
; 3                                           ; 6                             ;
; 4                                           ; 6                             ;
; 5                                           ; 1                             ;
; 6                                           ; 4                             ;
; 7                                           ; 3                             ;
; 8                                           ; 3                             ;
; 9                                           ; 2                             ;
; 10                                          ; 6                             ;
; 11                                          ; 7                             ;
; 12                                          ; 12                            ;
; 13                                          ; 14                            ;
; 14                                          ; 38                            ;
; 15                                          ; 56                            ;
; 16                                          ; 231                           ;
+---------------------------------------------+-------------------------------+


+--------------------------------------------------------------------+
; LAB-wide Signals                                                   ;
+------------------------------------+-------------------------------+
; LAB-wide Signals  (Average = 0.55) ; Number of LABs  (Total = 418) ;
+------------------------------------+-------------------------------+
; 1 Async. clear                     ; 6                             ;
; 1 Clock                            ; 112                           ;
; 1 Clock enable                     ; 11                            ;
; 1 Sync. clear                      ; 2                             ;
; 2 Clock enables                    ; 96                            ;
; 2 Clocks                           ; 1                             ;
+------------------------------------+-------------------------------+


+------------------------------------------------------------------------------+
; LAB Signals Sourced                                                          ;
+----------------------------------------------+-------------------------------+
; Number of Signals Sourced  (Average = 15.48) ; Number of LABs  (Total = 418) ;
+----------------------------------------------+-------------------------------+
; 0                                            ; 3                             ;
; 1                                            ; 22                            ;
; 2                                            ; 8                             ;
; 3                                            ; 6                             ;
; 4                                            ; 4                             ;
; 5                                            ; 3                             ;
; 6                                            ; 5                             ;
; 7                                            ; 3                             ;
; 8                                            ; 4                             ;
; 9                                            ; 3                             ;
; 10                                           ; 8                             ;
; 11                                           ; 6                             ;
; 12                                           ; 10                            ;
; 13                                           ; 30                            ;
; 14                                           ; 42                            ;
; 15                                           ; 60                            ;
; 16                                           ; 99                            ;
; 17                                           ; 5                             ;
; 18                                           ; 5                             ;
; 19                                           ; 10                            ;
; 20                                           ; 5                             ;
; 21                                           ; 5                             ;
; 22                                           ; 5                             ;
; 23                                           ; 4                             ;
; 24                                           ; 10                            ;
; 25                                           ; 6                             ;
; 26                                           ; 10                            ;
; 27                                           ; 2                             ;
; 28                                           ; 6                             ;
; 29                                           ; 4                             ;
; 30                                           ; 4                             ;
; 31                                           ; 6                             ;
; 32                                           ; 15                            ;
+----------------------------------------------+-------------------------------+


+----------------------------------------------------------------------------------+
; LAB Signals Sourced Out                                                          ;
+--------------------------------------------------+-------------------------------+
; Number of Signals Sourced Out  (Average = 10.64) ; Number of LABs  (Total = 418) ;
+--------------------------------------------------+-------------------------------+
; 0                                                ; 3                             ;
; 1                                                ; 25                            ;
; 2                                                ; 11                            ;
; 3                                                ; 8                             ;
; 4                                                ; 11                            ;
; 5                                                ; 11                            ;
; 6                                                ; 15                            ;
; 7                                                ; 52                            ;
; 8                                                ; 32                            ;
; 9                                                ; 30                            ;
; 10                                               ; 22                            ;
; 11                                               ; 30                            ;
; 12                                               ; 30                            ;
; 13                                               ; 18                            ;
; 14                                               ; 22                            ;
; 15                                               ; 17                            ;
; 16                                               ; 28                            ;
; 17                                               ; 5                             ;
; 18                                               ; 4                             ;
; 19                                               ; 5                             ;
; 20                                               ; 8                             ;
; 21                                               ; 5                             ;
; 22                                               ; 3                             ;
; 23                                               ; 4                             ;
; 24                                               ; 14                            ;
; 25                                               ; 4                             ;
; 26                                               ; 0                             ;
; 27                                               ; 0                             ;
; 28                                               ; 0                             ;
; 29                                               ; 0                             ;
; 30                                               ; 0                             ;
; 31                                               ; 1                             ;
+--------------------------------------------------+-------------------------------+


+------------------------------------------------------------------------------+
; LAB Distinct Inputs                                                          ;
+----------------------------------------------+-------------------------------+
; Number of Distinct Inputs  (Average = 20.80) ; Number of LABs  (Total = 418) ;
+----------------------------------------------+-------------------------------+
; 0                                            ; 0                             ;
; 1                                            ; 3                             ;
; 2                                            ; 8                             ;
; 3                                            ; 3                             ;
; 4                                            ; 17                            ;
; 5                                            ; 2                             ;
; 6                                            ; 4                             ;
; 7                                            ; 6                             ;
; 8                                            ; 29                            ;
; 9                                            ; 12                            ;
; 10                                           ; 8                             ;
; 11                                           ; 20                            ;
; 12                                           ; 13                            ;
; 13                                           ; 13                            ;
; 14                                           ; 21                            ;
; 15                                           ; 16                            ;
; 16                                           ; 6                             ;
; 17                                           ; 9                             ;
; 18                                           ; 10                            ;
; 19                                           ; 5                             ;
; 20                                           ; 5                             ;
; 21                                           ; 4                             ;
; 22                                           ; 3                             ;
; 23                                           ; 5                             ;
; 24                                           ; 5                             ;
; 25                                           ; 10                            ;
; 26                                           ; 7                             ;
; 27                                           ; 6                             ;
; 28                                           ; 7                             ;
; 29                                           ; 23                            ;
; 30                                           ; 21                            ;
; 31                                           ; 23                            ;
; 32                                           ; 25                            ;
; 33                                           ; 17                            ;
; 34                                           ; 11                            ;
; 35                                           ; 12                            ;
; 36                                           ; 15                            ;
; 37                                           ; 14                            ;
+----------------------------------------------+-------------------------------+


+------------------------------------------+
; I/O Rules Summary                        ;
+----------------------------------+-------+
; I/O Rules Statistic              ; Total ;
+----------------------------------+-------+
; Total I/O Rules                  ; 30    ;
; Number of I/O Rules Passed       ; 12    ;
; Number of I/O Rules Failed       ; 0     ;
; Number of I/O Rules Unchecked    ; 0     ;
; Number of I/O Rules Inapplicable ; 18    ;
+----------------------------------+-------+


+-----------------------------------------------------------------------------------------------------------------------------------------------------------------------------------------------------------------------------------------------------------------------------------------------------+
; I/O Rules Details                                                                                                                                                                                                                                                                                   ;
+--------------+-----------+-----------------------------------+------------------------------------------------------------------------------------------------------+----------+--------------------------------------------------------------------------+---------------------+-------------------+
; Status       ; ID        ; Category                          ; Rule Description                                                                                     ; Severity ; Information                                                              ; Area                ; Extra Information ;
+--------------+-----------+-----------------------------------+------------------------------------------------------------------------------------------------------+----------+--------------------------------------------------------------------------+---------------------+-------------------+
; Pass         ; IO_000001 ; Capacity Checks                   ; Number of pins in an I/O bank should not exceed the number of locations available.                   ; Critical ; 0 such failures found.                                                   ; I/O                 ;                   ;
; Inapplicable ; IO_000002 ; Capacity Checks                   ; Number of clocks in an I/O bank should not exceed the number of clocks available.                    ; Critical ; No Global Signal assignments found.                                      ; I/O                 ;                   ;
; Pass         ; IO_000003 ; Capacity Checks                   ; Number of pins in a Vrefgroup should not exceed the number of locations available.                   ; Critical ; 0 such failures found.                                                   ; I/O                 ;                   ;
; Inapplicable ; IO_000004 ; Voltage Compatibility Checks      ; The I/O bank should support the requested VCCIO.                                                     ; Critical ; No IOBANK_VCCIO assignments found.                                       ; I/O                 ;                   ;
; Inapplicable ; IO_000005 ; Voltage Compatibility Checks      ; The I/O bank should not have competing VREF values.                                                  ; Critical ; No VREF I/O Standard assignments found.                                  ; I/O                 ;                   ;
; Pass         ; IO_000006 ; Voltage Compatibility Checks      ; The I/O bank should not have competing VCCIO values.                                                 ; Critical ; 0 such failures found.                                                   ; I/O                 ;                   ;
; Pass         ; IO_000007 ; Valid Location Checks             ; Checks for unavailable locations.                                                                    ; Critical ; 0 such failures found.                                                   ; I/O                 ;                   ;
; Inapplicable ; IO_000008 ; Valid Location Checks             ; Checks for reserved locations.                                                                       ; Critical ; No reserved LogicLock region found.                                      ; I/O                 ;                   ;
; Pass         ; IO_000009 ; I/O Properties Checks for One I/O ; The location should support the requested I/O standard.                                              ; Critical ; 0 such failures found.                                                   ; I/O                 ;                   ;
; Pass         ; IO_000010 ; I/O Properties Checks for One I/O ; The location should support the requested I/O direction.                                             ; Critical ; 0 such failures found.                                                   ; I/O                 ;                   ;
; Inapplicable ; IO_000011 ; I/O Properties Checks for One I/O ; The location should support the requested Current Strength.                                          ; Critical ; No Current Strength assignments found.                                   ; I/O                 ;                   ;
; Pass         ; IO_000012 ; I/O Properties Checks for One I/O ; The location should support the requested On Chip Termination value.                                 ; Critical ; 0 such failures found.                                                   ; I/O                 ;                   ;
; Inapplicable ; IO_000013 ; I/O Properties Checks for One I/O ; The location should support the requested Bus Hold value.                                            ; Critical ; No Enable Bus-Hold Circuitry assignments found.                          ; I/O                 ;                   ;
; Inapplicable ; IO_000014 ; I/O Properties Checks for One I/O ; The location should support the requested Weak Pull Up value.                                        ; Critical ; No Weak Pull-Up Resistor assignments found.                              ; I/O                 ;                   ;
; Pass         ; IO_000015 ; I/O Properties Checks for One I/O ; The location should support the requested PCI Clamp Diode.                                           ; Critical ; 0 such failures found.                                                   ; I/O                 ;                   ;
; Inapplicable ; IO_000018 ; I/O Properties Checks for One I/O ; The I/O standard should support the requested Current Strength.                                      ; Critical ; No Current Strength assignments found.                                   ; I/O                 ;                   ;
; Pass         ; IO_000019 ; I/O Properties Checks for One I/O ; The I/O standard should support the requested On Chip Termination value.                             ; Critical ; 0 such failures found.                                                   ; I/O                 ;                   ;
; Pass         ; IO_000020 ; I/O Properties Checks for One I/O ; The I/O standard should support the requested PCI Clamp Diode.                                       ; Critical ; 0 such failures found.                                                   ; I/O                 ;                   ;
; Inapplicable ; IO_000021 ; I/O Properties Checks for One I/O ; The I/O standard should support the requested Weak Pull Up value.                                    ; Critical ; No Weak Pull-Up Resistor assignments found.                              ; I/O                 ;                   ;
; Inapplicable ; IO_000022 ; I/O Properties Checks for One I/O ; The I/O standard should support the requested Bus Hold value.                                        ; Critical ; No Enable Bus-Hold Circuitry assignments found.                          ; I/O                 ;                   ;
; Inapplicable ; IO_000023 ; I/O Properties Checks for One I/O ; The I/O standard should support the Open Drain value.                                                ; Critical ; No open drain assignments found.                                         ; I/O                 ;                   ;
; Pass         ; IO_000024 ; I/O Properties Checks for One I/O ; The I/O direction should support the On Chip Termination value.                                      ; Critical ; 0 such failures found.                                                   ; I/O                 ;                   ;
; Inapplicable ; IO_000026 ; I/O Properties Checks for One I/O ; On Chip Termination and Current Strength should not be used at the same time.                        ; Critical ; No Current Strength assignments found.                                   ; I/O                 ;                   ;
; Inapplicable ; IO_000027 ; I/O Properties Checks for One I/O ; Weak Pull Up and Bus Hold should not be used at the same time.                                       ; Critical ; No Enable Bus-Hold Circuitry or Weak Pull-Up Resistor assignments found. ; I/O                 ;                   ;
; Inapplicable ; IO_000045 ; I/O Properties Checks for One I/O ; The I/O standard should support the requested Slew Rate value.                                       ; Critical ; No Slew Rate assignments found.                                          ; I/O                 ;                   ;
; Inapplicable ; IO_000046 ; I/O Properties Checks for One I/O ; The location should support the requested Slew Rate value.                                           ; Critical ; No Slew Rate assignments found.                                          ; I/O                 ;                   ;
; Inapplicable ; IO_000047 ; I/O Properties Checks for One I/O ; On Chip Termination and Slew Rate should not be used at the same time.                               ; Critical ; No Slew Rate assignments found.                                          ; I/O                 ;                   ;
; Pass         ; IO_000033 ; Electromigration Checks           ; Current density for consecutive I/Os should not exceed 240mA for row I/Os and 240mA for column I/Os. ; Critical ; 0 such failures found.                                                   ; I/O                 ;                   ;
; Inapplicable ; IO_000034 ; SI Related Distance Checks        ; Single-ended outputs should be 5 LAB row(s) away from a differential I/O.                            ; High     ; No Differential I/O Standard assignments found.                          ; I/O                 ;                   ;
; Inapplicable ; IO_000042 ; SI Related SSO Limit Checks       ; No more than 20 outputs are allowed in a VREF group when VREF is being read from.                    ; High     ; No VREF I/O Standard assignments found.                                  ; I/O                 ;                   ;
; ----         ; ----      ; Disclaimer                        ; OCT rules are checked but not reported.                                                              ; None     ; ----                                                                     ; On Chip Termination ;                   ;
+--------------+-----------+-----------------------------------+------------------------------------------------------------------------------------------------------+----------+--------------------------------------------------------------------------+---------------------+-------------------+


+--------------------------------------------------------------------------------------------------------------------------------------------------------------------------------------------------------------------------------------------------------------------------------------------------------------------------------------------------------------------------------------------------------------------------------------------------------------------------+
; I/O Rules Matrix                                                                                                                                                                                                                                                                                                                                                                                                                                                         ;
+--------------------+--------------+--------------+--------------+--------------+--------------+-----------+--------------+--------------+-----------+-----------+--------------+--------------+--------------+--------------+--------------+--------------+--------------+--------------+--------------+--------------+--------------+--------------+--------------+--------------+--------------+--------------+--------------+-----------+--------------+--------------+
; Pin/Rules          ; IO_000001    ; IO_000002    ; IO_000003    ; IO_000004    ; IO_000005    ; IO_000006 ; IO_000007    ; IO_000008    ; IO_000009 ; IO_000010 ; IO_000011    ; IO_000012    ; IO_000013    ; IO_000014    ; IO_000015    ; IO_000018    ; IO_000019    ; IO_000020    ; IO_000021    ; IO_000022    ; IO_000023    ; IO_000024    ; IO_000026    ; IO_000027    ; IO_000045    ; IO_000046    ; IO_000047    ; IO_000033 ; IO_000034    ; IO_000042    ;
+--------------------+--------------+--------------+--------------+--------------+--------------+-----------+--------------+--------------+-----------+-----------+--------------+--------------+--------------+--------------+--------------+--------------+--------------+--------------+--------------+--------------+--------------+--------------+--------------+--------------+--------------+--------------+--------------+-----------+--------------+--------------+
; Total Pass         ; 68           ; 0            ; 68           ; 0            ; 0            ; 82        ; 68           ; 0            ; 82        ; 82        ; 0            ; 63           ; 0            ; 0            ; 19           ; 0            ; 63           ; 19           ; 0            ; 0            ; 0            ; 63           ; 0            ; 0            ; 0            ; 0            ; 0            ; 82        ; 0            ; 0            ;
; Total Unchecked    ; 0            ; 0            ; 0            ; 0            ; 0            ; 0         ; 0            ; 0            ; 0         ; 0         ; 0            ; 0            ; 0            ; 0            ; 0            ; 0            ; 0            ; 0            ; 0            ; 0            ; 0            ; 0            ; 0            ; 0            ; 0            ; 0            ; 0            ; 0         ; 0            ; 0            ;
; Total Inapplicable ; 14           ; 82           ; 14           ; 82           ; 82           ; 0         ; 14           ; 82           ; 0         ; 0         ; 82           ; 19           ; 82           ; 82           ; 63           ; 82           ; 19           ; 63           ; 82           ; 82           ; 82           ; 19           ; 82           ; 82           ; 82           ; 82           ; 82           ; 0         ; 82           ; 82           ;
; Total Fail         ; 0            ; 0            ; 0            ; 0            ; 0            ; 0         ; 0            ; 0            ; 0         ; 0         ; 0            ; 0            ; 0            ; 0            ; 0            ; 0            ; 0            ; 0            ; 0            ; 0            ; 0            ; 0            ; 0            ; 0            ; 0            ; 0            ; 0            ; 0         ; 0            ; 0            ;
; saida_binario[0]   ; Pass         ; Inapplicable ; Pass         ; Inapplicable ; Inapplicable ; Pass      ; Pass         ; Inapplicable ; Pass      ; Pass      ; Inapplicable ; Pass         ; Inapplicable ; Inapplicable ; Inapplicable ; Inapplicable ; Pass         ; Inapplicable ; Inapplicable ; Inapplicable ; Inapplicable ; Pass         ; Inapplicable ; Inapplicable ; Inapplicable ; Inapplicable ; Inapplicable ; Pass      ; Inapplicable ; Inapplicable ;
; saida_binario[1]   ; Pass         ; Inapplicable ; Pass         ; Inapplicable ; Inapplicable ; Pass      ; Pass         ; Inapplicable ; Pass      ; Pass      ; Inapplicable ; Pass         ; Inapplicable ; Inapplicable ; Inapplicable ; Inapplicable ; Pass         ; Inapplicable ; Inapplicable ; Inapplicable ; Inapplicable ; Pass         ; Inapplicable ; Inapplicable ; Inapplicable ; Inapplicable ; Inapplicable ; Pass      ; Inapplicable ; Inapplicable ;
; saida_binario[2]   ; Pass         ; Inapplicable ; Pass         ; Inapplicable ; Inapplicable ; Pass      ; Pass         ; Inapplicable ; Pass      ; Pass      ; Inapplicable ; Pass         ; Inapplicable ; Inapplicable ; Inapplicable ; Inapplicable ; Pass         ; Inapplicable ; Inapplicable ; Inapplicable ; Inapplicable ; Pass         ; Inapplicable ; Inapplicable ; Inapplicable ; Inapplicable ; Inapplicable ; Pass      ; Inapplicable ; Inapplicable ;
; saida_binario[3]   ; Pass         ; Inapplicable ; Pass         ; Inapplicable ; Inapplicable ; Pass      ; Pass         ; Inapplicable ; Pass      ; Pass      ; Inapplicable ; Pass         ; Inapplicable ; Inapplicable ; Inapplicable ; Inapplicable ; Pass         ; Inapplicable ; Inapplicable ; Inapplicable ; Inapplicable ; Pass         ; Inapplicable ; Inapplicable ; Inapplicable ; Inapplicable ; Inapplicable ; Pass      ; Inapplicable ; Inapplicable ;
; saida_binario[4]   ; Pass         ; Inapplicable ; Pass         ; Inapplicable ; Inapplicable ; Pass      ; Pass         ; Inapplicable ; Pass      ; Pass      ; Inapplicable ; Pass         ; Inapplicable ; Inapplicable ; Inapplicable ; Inapplicable ; Pass         ; Inapplicable ; Inapplicable ; Inapplicable ; Inapplicable ; Pass         ; Inapplicable ; Inapplicable ; Inapplicable ; Inapplicable ; Inapplicable ; Pass      ; Inapplicable ; Inapplicable ;
; saida_binario[5]   ; Pass         ; Inapplicable ; Pass         ; Inapplicable ; Inapplicable ; Pass      ; Pass         ; Inapplicable ; Pass      ; Pass      ; Inapplicable ; Pass         ; Inapplicable ; Inapplicable ; Inapplicable ; Inapplicable ; Pass         ; Inapplicable ; Inapplicable ; Inapplicable ; Inapplicable ; Pass         ; Inapplicable ; Inapplicable ; Inapplicable ; Inapplicable ; Inapplicable ; Pass      ; Inapplicable ; Inapplicable ;
; saida_binario[6]   ; Pass         ; Inapplicable ; Pass         ; Inapplicable ; Inapplicable ; Pass      ; Pass         ; Inapplicable ; Pass      ; Pass      ; Inapplicable ; Pass         ; Inapplicable ; Inapplicable ; Inapplicable ; Inapplicable ; Pass         ; Inapplicable ; Inapplicable ; Inapplicable ; Inapplicable ; Pass         ; Inapplicable ; Inapplicable ; Inapplicable ; Inapplicable ; Inapplicable ; Pass      ; Inapplicable ; Inapplicable ;
; saida_binario[7]   ; Pass         ; Inapplicable ; Pass         ; Inapplicable ; Inapplicable ; Pass      ; Pass         ; Inapplicable ; Pass      ; Pass      ; Inapplicable ; Pass         ; Inapplicable ; Inapplicable ; Inapplicable ; Inapplicable ; Pass         ; Inapplicable ; Inapplicable ; Inapplicable ; Inapplicable ; Pass         ; Inapplicable ; Inapplicable ; Inapplicable ; Inapplicable ; Inapplicable ; Pass      ; Inapplicable ; Inapplicable ;
; saida_binario[8]   ; Pass         ; Inapplicable ; Pass         ; Inapplicable ; Inapplicable ; Pass      ; Pass         ; Inapplicable ; Pass      ; Pass      ; Inapplicable ; Pass         ; Inapplicable ; Inapplicable ; Inapplicable ; Inapplicable ; Pass         ; Inapplicable ; Inapplicable ; Inapplicable ; Inapplicable ; Pass         ; Inapplicable ; Inapplicable ; Inapplicable ; Inapplicable ; Inapplicable ; Pass      ; Inapplicable ; Inapplicable ;
; saida_binario[9]   ; Pass         ; Inapplicable ; Pass         ; Inapplicable ; Inapplicable ; Pass      ; Pass         ; Inapplicable ; Pass      ; Pass      ; Inapplicable ; Pass         ; Inapplicable ; Inapplicable ; Inapplicable ; Inapplicable ; Pass         ; Inapplicable ; Inapplicable ; Inapplicable ; Inapplicable ; Pass         ; Inapplicable ; Inapplicable ; Inapplicable ; Inapplicable ; Inapplicable ; Pass      ; Inapplicable ; Inapplicable ;
; saida_binario[10]  ; Pass         ; Inapplicable ; Pass         ; Inapplicable ; Inapplicable ; Pass      ; Pass         ; Inapplicable ; Pass      ; Pass      ; Inapplicable ; Pass         ; Inapplicable ; Inapplicable ; Inapplicable ; Inapplicable ; Pass         ; Inapplicable ; Inapplicable ; Inapplicable ; Inapplicable ; Pass         ; Inapplicable ; Inapplicable ; Inapplicable ; Inapplicable ; Inapplicable ; Pass      ; Inapplicable ; Inapplicable ;
; saida_binario[11]  ; Pass         ; Inapplicable ; Pass         ; Inapplicable ; Inapplicable ; Pass      ; Pass         ; Inapplicable ; Pass      ; Pass      ; Inapplicable ; Pass         ; Inapplicable ; Inapplicable ; Inapplicable ; Inapplicable ; Pass         ; Inapplicable ; Inapplicable ; Inapplicable ; Inapplicable ; Pass         ; Inapplicable ; Inapplicable ; Inapplicable ; Inapplicable ; Inapplicable ; Pass      ; Inapplicable ; Inapplicable ;
; saida_binario[12]  ; Pass         ; Inapplicable ; Pass         ; Inapplicable ; Inapplicable ; Pass      ; Pass         ; Inapplicable ; Pass      ; Pass      ; Inapplicable ; Pass         ; Inapplicable ; Inapplicable ; Inapplicable ; Inapplicable ; Pass         ; Inapplicable ; Inapplicable ; Inapplicable ; Inapplicable ; Pass         ; Inapplicable ; Inapplicable ; Inapplicable ; Inapplicable ; Inapplicable ; Pass      ; Inapplicable ; Inapplicable ;
; saida_binario[13]  ; Pass         ; Inapplicable ; Pass         ; Inapplicable ; Inapplicable ; Pass      ; Pass         ; Inapplicable ; Pass      ; Pass      ; Inapplicable ; Pass         ; Inapplicable ; Inapplicable ; Inapplicable ; Inapplicable ; Pass         ; Inapplicable ; Inapplicable ; Inapplicable ; Inapplicable ; Pass         ; Inapplicable ; Inapplicable ; Inapplicable ; Inapplicable ; Inapplicable ; Pass      ; Inapplicable ; Inapplicable ;
; saida_binario[14]  ; Pass         ; Inapplicable ; Pass         ; Inapplicable ; Inapplicable ; Pass      ; Pass         ; Inapplicable ; Pass      ; Pass      ; Inapplicable ; Pass         ; Inapplicable ; Inapplicable ; Inapplicable ; Inapplicable ; Pass         ; Inapplicable ; Inapplicable ; Inapplicable ; Inapplicable ; Pass         ; Inapplicable ; Inapplicable ; Inapplicable ; Inapplicable ; Inapplicable ; Pass      ; Inapplicable ; Inapplicable ;
; saida_binario[15]  ; Pass         ; Inapplicable ; Pass         ; Inapplicable ; Inapplicable ; Pass      ; Pass         ; Inapplicable ; Pass      ; Pass      ; Inapplicable ; Pass         ; Inapplicable ; Inapplicable ; Inapplicable ; Inapplicable ; Pass         ; Inapplicable ; Inapplicable ; Inapplicable ; Inapplicable ; Pass         ; Inapplicable ; Inapplicable ; Inapplicable ; Inapplicable ; Inapplicable ; Pass      ; Inapplicable ; Inapplicable ;
; saida_binario[16]  ; Pass         ; Inapplicable ; Pass         ; Inapplicable ; Inapplicable ; Pass      ; Pass         ; Inapplicable ; Pass      ; Pass      ; Inapplicable ; Pass         ; Inapplicable ; Inapplicable ; Inapplicable ; Inapplicable ; Pass         ; Inapplicable ; Inapplicable ; Inapplicable ; Inapplicable ; Pass         ; Inapplicable ; Inapplicable ; Inapplicable ; Inapplicable ; Inapplicable ; Pass      ; Inapplicable ; Inapplicable ;
; saida_binario[17]  ; Pass         ; Inapplicable ; Pass         ; Inapplicable ; Inapplicable ; Pass      ; Pass         ; Inapplicable ; Pass      ; Pass      ; Inapplicable ; Pass         ; Inapplicable ; Inapplicable ; Inapplicable ; Inapplicable ; Pass         ; Inapplicable ; Inapplicable ; Inapplicable ; Inapplicable ; Pass         ; Inapplicable ; Inapplicable ; Inapplicable ; Inapplicable ; Inapplicable ; Pass      ; Inapplicable ; Inapplicable ;
; saida_binario[18]  ; Inapplicable ; Inapplicable ; Inapplicable ; Inapplicable ; Inapplicable ; Pass      ; Inapplicable ; Inapplicable ; Pass      ; Pass      ; Inapplicable ; Pass         ; Inapplicable ; Inapplicable ; Inapplicable ; Inapplicable ; Pass         ; Inapplicable ; Inapplicable ; Inapplicable ; Inapplicable ; Pass         ; Inapplicable ; Inapplicable ; Inapplicable ; Inapplicable ; Inapplicable ; Pass      ; Inapplicable ; Inapplicable ;
; saida_binario[19]  ; Inapplicable ; Inapplicable ; Inapplicable ; Inapplicable ; Inapplicable ; Pass      ; Inapplicable ; Inapplicable ; Pass      ; Pass      ; Inapplicable ; Pass         ; Inapplicable ; Inapplicable ; Inapplicable ; Inapplicable ; Pass         ; Inapplicable ; Inapplicable ; Inapplicable ; Inapplicable ; Pass         ; Inapplicable ; Inapplicable ; Inapplicable ; Inapplicable ; Inapplicable ; Pass      ; Inapplicable ; Inapplicable ;
; saida_binario[20]  ; Inapplicable ; Inapplicable ; Inapplicable ; Inapplicable ; Inapplicable ; Pass      ; Inapplicable ; Inapplicable ; Pass      ; Pass      ; Inapplicable ; Pass         ; Inapplicable ; Inapplicable ; Inapplicable ; Inapplicable ; Pass         ; Inapplicable ; Inapplicable ; Inapplicable ; Inapplicable ; Pass         ; Inapplicable ; Inapplicable ; Inapplicable ; Inapplicable ; Inapplicable ; Pass      ; Inapplicable ; Inapplicable ;
; saida_binario[21]  ; Inapplicable ; Inapplicable ; Inapplicable ; Inapplicable ; Inapplicable ; Pass      ; Inapplicable ; Inapplicable ; Pass      ; Pass      ; Inapplicable ; Pass         ; Inapplicable ; Inapplicable ; Inapplicable ; Inapplicable ; Pass         ; Inapplicable ; Inapplicable ; Inapplicable ; Inapplicable ; Pass         ; Inapplicable ; Inapplicable ; Inapplicable ; Inapplicable ; Inapplicable ; Pass      ; Inapplicable ; Inapplicable ;
; saida_binario[22]  ; Inapplicable ; Inapplicable ; Inapplicable ; Inapplicable ; Inapplicable ; Pass      ; Inapplicable ; Inapplicable ; Pass      ; Pass      ; Inapplicable ; Pass         ; Inapplicable ; Inapplicable ; Inapplicable ; Inapplicable ; Pass         ; Inapplicable ; Inapplicable ; Inapplicable ; Inapplicable ; Pass         ; Inapplicable ; Inapplicable ; Inapplicable ; Inapplicable ; Inapplicable ; Pass      ; Inapplicable ; Inapplicable ;
; saida_binario[23]  ; Inapplicable ; Inapplicable ; Inapplicable ; Inapplicable ; Inapplicable ; Pass      ; Inapplicable ; Inapplicable ; Pass      ; Pass      ; Inapplicable ; Pass         ; Inapplicable ; Inapplicable ; Inapplicable ; Inapplicable ; Pass         ; Inapplicable ; Inapplicable ; Inapplicable ; Inapplicable ; Pass         ; Inapplicable ; Inapplicable ; Inapplicable ; Inapplicable ; Inapplicable ; Pass      ; Inapplicable ; Inapplicable ;
; saida_binario[24]  ; Inapplicable ; Inapplicable ; Inapplicable ; Inapplicable ; Inapplicable ; Pass      ; Inapplicable ; Inapplicable ; Pass      ; Pass      ; Inapplicable ; Pass         ; Inapplicable ; Inapplicable ; Inapplicable ; Inapplicable ; Pass         ; Inapplicable ; Inapplicable ; Inapplicable ; Inapplicable ; Pass         ; Inapplicable ; Inapplicable ; Inapplicable ; Inapplicable ; Inapplicable ; Pass      ; Inapplicable ; Inapplicable ;
; saida_binario[25]  ; Inapplicable ; Inapplicable ; Inapplicable ; Inapplicable ; Inapplicable ; Pass      ; Inapplicable ; Inapplicable ; Pass      ; Pass      ; Inapplicable ; Pass         ; Inapplicable ; Inapplicable ; Inapplicable ; Inapplicable ; Pass         ; Inapplicable ; Inapplicable ; Inapplicable ; Inapplicable ; Pass         ; Inapplicable ; Inapplicable ; Inapplicable ; Inapplicable ; Inapplicable ; Pass      ; Inapplicable ; Inapplicable ;
; saida_binario[26]  ; Inapplicable ; Inapplicable ; Inapplicable ; Inapplicable ; Inapplicable ; Pass      ; Inapplicable ; Inapplicable ; Pass      ; Pass      ; Inapplicable ; Pass         ; Inapplicable ; Inapplicable ; Inapplicable ; Inapplicable ; Pass         ; Inapplicable ; Inapplicable ; Inapplicable ; Inapplicable ; Pass         ; Inapplicable ; Inapplicable ; Inapplicable ; Inapplicable ; Inapplicable ; Pass      ; Inapplicable ; Inapplicable ;
; saida_binario[27]  ; Inapplicable ; Inapplicable ; Inapplicable ; Inapplicable ; Inapplicable ; Pass      ; Inapplicable ; Inapplicable ; Pass      ; Pass      ; Inapplicable ; Pass         ; Inapplicable ; Inapplicable ; Inapplicable ; Inapplicable ; Pass         ; Inapplicable ; Inapplicable ; Inapplicable ; Inapplicable ; Pass         ; Inapplicable ; Inapplicable ; Inapplicable ; Inapplicable ; Inapplicable ; Pass      ; Inapplicable ; Inapplicable ;
; saida_binario[28]  ; Inapplicable ; Inapplicable ; Inapplicable ; Inapplicable ; Inapplicable ; Pass      ; Inapplicable ; Inapplicable ; Pass      ; Pass      ; Inapplicable ; Pass         ; Inapplicable ; Inapplicable ; Inapplicable ; Inapplicable ; Pass         ; Inapplicable ; Inapplicable ; Inapplicable ; Inapplicable ; Pass         ; Inapplicable ; Inapplicable ; Inapplicable ; Inapplicable ; Inapplicable ; Pass      ; Inapplicable ; Inapplicable ;
; saida_binario[29]  ; Inapplicable ; Inapplicable ; Inapplicable ; Inapplicable ; Inapplicable ; Pass      ; Inapplicable ; Inapplicable ; Pass      ; Pass      ; Inapplicable ; Pass         ; Inapplicable ; Inapplicable ; Inapplicable ; Inapplicable ; Pass         ; Inapplicable ; Inapplicable ; Inapplicable ; Inapplicable ; Pass         ; Inapplicable ; Inapplicable ; Inapplicable ; Inapplicable ; Inapplicable ; Pass      ; Inapplicable ; Inapplicable ;
; saida_binario[30]  ; Inapplicable ; Inapplicable ; Inapplicable ; Inapplicable ; Inapplicable ; Pass      ; Inapplicable ; Inapplicable ; Pass      ; Pass      ; Inapplicable ; Pass         ; Inapplicable ; Inapplicable ; Inapplicable ; Inapplicable ; Pass         ; Inapplicable ; Inapplicable ; Inapplicable ; Inapplicable ; Pass         ; Inapplicable ; Inapplicable ; Inapplicable ; Inapplicable ; Inapplicable ; Pass      ; Inapplicable ; Inapplicable ;
; saida_binario[31]  ; Inapplicable ; Inapplicable ; Inapplicable ; Inapplicable ; Inapplicable ; Pass      ; Inapplicable ; Inapplicable ; Pass      ; Pass      ; Inapplicable ; Pass         ; Inapplicable ; Inapplicable ; Inapplicable ; Inapplicable ; Pass         ; Inapplicable ; Inapplicable ; Inapplicable ; Inapplicable ; Pass         ; Inapplicable ; Inapplicable ; Inapplicable ; Inapplicable ; Inapplicable ; Pass      ; Inapplicable ; Inapplicable ;
; led_zero           ; Pass         ; Inapplicable ; Pass         ; Inapplicable ; Inapplicable ; Pass      ; Pass         ; Inapplicable ; Pass      ; Pass      ; Inapplicable ; Pass         ; Inapplicable ; Inapplicable ; Inapplicable ; Inapplicable ; Pass         ; Inapplicable ; Inapplicable ; Inapplicable ; Inapplicable ; Pass         ; Inapplicable ; Inapplicable ; Inapplicable ; Inapplicable ; Inapplicable ; Pass      ; Inapplicable ; Inapplicable ;
; led_negativo       ; Pass         ; Inapplicable ; Pass         ; Inapplicable ; Inapplicable ; Pass      ; Pass         ; Inapplicable ; Pass      ; Pass      ; Inapplicable ; Pass         ; Inapplicable ; Inapplicable ; Inapplicable ; Inapplicable ; Pass         ; Inapplicable ; Inapplicable ; Inapplicable ; Inapplicable ; Pass         ; Inapplicable ; Inapplicable ; Inapplicable ; Inapplicable ; Inapplicable ; Pass      ; Inapplicable ; Inapplicable ;
; display3[0]        ; Pass         ; Inapplicable ; Pass         ; Inapplicable ; Inapplicable ; Pass      ; Pass         ; Inapplicable ; Pass      ; Pass      ; Inapplicable ; Pass         ; Inapplicable ; Inapplicable ; Inapplicable ; Inapplicable ; Pass         ; Inapplicable ; Inapplicable ; Inapplicable ; Inapplicable ; Pass         ; Inapplicable ; Inapplicable ; Inapplicable ; Inapplicable ; Inapplicable ; Pass      ; Inapplicable ; Inapplicable ;
; display3[1]        ; Pass         ; Inapplicable ; Pass         ; Inapplicable ; Inapplicable ; Pass      ; Pass         ; Inapplicable ; Pass      ; Pass      ; Inapplicable ; Pass         ; Inapplicable ; Inapplicable ; Inapplicable ; Inapplicable ; Pass         ; Inapplicable ; Inapplicable ; Inapplicable ; Inapplicable ; Pass         ; Inapplicable ; Inapplicable ; Inapplicable ; Inapplicable ; Inapplicable ; Pass      ; Inapplicable ; Inapplicable ;
; display3[2]        ; Pass         ; Inapplicable ; Pass         ; Inapplicable ; Inapplicable ; Pass      ; Pass         ; Inapplicable ; Pass      ; Pass      ; Inapplicable ; Pass         ; Inapplicable ; Inapplicable ; Inapplicable ; Inapplicable ; Pass         ; Inapplicable ; Inapplicable ; Inapplicable ; Inapplicable ; Pass         ; Inapplicable ; Inapplicable ; Inapplicable ; Inapplicable ; Inapplicable ; Pass      ; Inapplicable ; Inapplicable ;
; display3[3]        ; Pass         ; Inapplicable ; Pass         ; Inapplicable ; Inapplicable ; Pass      ; Pass         ; Inapplicable ; Pass      ; Pass      ; Inapplicable ; Pass         ; Inapplicable ; Inapplicable ; Inapplicable ; Inapplicable ; Pass         ; Inapplicable ; Inapplicable ; Inapplicable ; Inapplicable ; Pass         ; Inapplicable ; Inapplicable ; Inapplicable ; Inapplicable ; Inapplicable ; Pass      ; Inapplicable ; Inapplicable ;
; display3[4]        ; Pass         ; Inapplicable ; Pass         ; Inapplicable ; Inapplicable ; Pass      ; Pass         ; Inapplicable ; Pass      ; Pass      ; Inapplicable ; Pass         ; Inapplicable ; Inapplicable ; Inapplicable ; Inapplicable ; Pass         ; Inapplicable ; Inapplicable ; Inapplicable ; Inapplicable ; Pass         ; Inapplicable ; Inapplicable ; Inapplicable ; Inapplicable ; Inapplicable ; Pass      ; Inapplicable ; Inapplicable ;
; display3[5]        ; Pass         ; Inapplicable ; Pass         ; Inapplicable ; Inapplicable ; Pass      ; Pass         ; Inapplicable ; Pass      ; Pass      ; Inapplicable ; Pass         ; Inapplicable ; Inapplicable ; Inapplicable ; Inapplicable ; Pass         ; Inapplicable ; Inapplicable ; Inapplicable ; Inapplicable ; Pass         ; Inapplicable ; Inapplicable ; Inapplicable ; Inapplicable ; Inapplicable ; Pass      ; Inapplicable ; Inapplicable ;
; display3[6]        ; Pass         ; Inapplicable ; Pass         ; Inapplicable ; Inapplicable ; Pass      ; Pass         ; Inapplicable ; Pass      ; Pass      ; Inapplicable ; Pass         ; Inapplicable ; Inapplicable ; Inapplicable ; Inapplicable ; Pass         ; Inapplicable ; Inapplicable ; Inapplicable ; Inapplicable ; Pass         ; Inapplicable ; Inapplicable ; Inapplicable ; Inapplicable ; Inapplicable ; Pass      ; Inapplicable ; Inapplicable ;
; display2[0]        ; Pass         ; Inapplicable ; Pass         ; Inapplicable ; Inapplicable ; Pass      ; Pass         ; Inapplicable ; Pass      ; Pass      ; Inapplicable ; Pass         ; Inapplicable ; Inapplicable ; Inapplicable ; Inapplicable ; Pass         ; Inapplicable ; Inapplicable ; Inapplicable ; Inapplicable ; Pass         ; Inapplicable ; Inapplicable ; Inapplicable ; Inapplicable ; Inapplicable ; Pass      ; Inapplicable ; Inapplicable ;
; display2[1]        ; Pass         ; Inapplicable ; Pass         ; Inapplicable ; Inapplicable ; Pass      ; Pass         ; Inapplicable ; Pass      ; Pass      ; Inapplicable ; Pass         ; Inapplicable ; Inapplicable ; Inapplicable ; Inapplicable ; Pass         ; Inapplicable ; Inapplicable ; Inapplicable ; Inapplicable ; Pass         ; Inapplicable ; Inapplicable ; Inapplicable ; Inapplicable ; Inapplicable ; Pass      ; Inapplicable ; Inapplicable ;
; display2[2]        ; Pass         ; Inapplicable ; Pass         ; Inapplicable ; Inapplicable ; Pass      ; Pass         ; Inapplicable ; Pass      ; Pass      ; Inapplicable ; Pass         ; Inapplicable ; Inapplicable ; Inapplicable ; Inapplicable ; Pass         ; Inapplicable ; Inapplicable ; Inapplicable ; Inapplicable ; Pass         ; Inapplicable ; Inapplicable ; Inapplicable ; Inapplicable ; Inapplicable ; Pass      ; Inapplicable ; Inapplicable ;
; display2[3]        ; Pass         ; Inapplicable ; Pass         ; Inapplicable ; Inapplicable ; Pass      ; Pass         ; Inapplicable ; Pass      ; Pass      ; Inapplicable ; Pass         ; Inapplicable ; Inapplicable ; Inapplicable ; Inapplicable ; Pass         ; Inapplicable ; Inapplicable ; Inapplicable ; Inapplicable ; Pass         ; Inapplicable ; Inapplicable ; Inapplicable ; Inapplicable ; Inapplicable ; Pass      ; Inapplicable ; Inapplicable ;
; display2[4]        ; Pass         ; Inapplicable ; Pass         ; Inapplicable ; Inapplicable ; Pass      ; Pass         ; Inapplicable ; Pass      ; Pass      ; Inapplicable ; Pass         ; Inapplicable ; Inapplicable ; Inapplicable ; Inapplicable ; Pass         ; Inapplicable ; Inapplicable ; Inapplicable ; Inapplicable ; Pass         ; Inapplicable ; Inapplicable ; Inapplicable ; Inapplicable ; Inapplicable ; Pass      ; Inapplicable ; Inapplicable ;
; display2[5]        ; Pass         ; Inapplicable ; Pass         ; Inapplicable ; Inapplicable ; Pass      ; Pass         ; Inapplicable ; Pass      ; Pass      ; Inapplicable ; Pass         ; Inapplicable ; Inapplicable ; Inapplicable ; Inapplicable ; Pass         ; Inapplicable ; Inapplicable ; Inapplicable ; Inapplicable ; Pass         ; Inapplicable ; Inapplicable ; Inapplicable ; Inapplicable ; Inapplicable ; Pass      ; Inapplicable ; Inapplicable ;
; display2[6]        ; Pass         ; Inapplicable ; Pass         ; Inapplicable ; Inapplicable ; Pass      ; Pass         ; Inapplicable ; Pass      ; Pass      ; Inapplicable ; Pass         ; Inapplicable ; Inapplicable ; Inapplicable ; Inapplicable ; Pass         ; Inapplicable ; Inapplicable ; Inapplicable ; Inapplicable ; Pass         ; Inapplicable ; Inapplicable ; Inapplicable ; Inapplicable ; Inapplicable ; Pass      ; Inapplicable ; Inapplicable ;
; display1[0]        ; Pass         ; Inapplicable ; Pass         ; Inapplicable ; Inapplicable ; Pass      ; Pass         ; Inapplicable ; Pass      ; Pass      ; Inapplicable ; Pass         ; Inapplicable ; Inapplicable ; Inapplicable ; Inapplicable ; Pass         ; Inapplicable ; Inapplicable ; Inapplicable ; Inapplicable ; Pass         ; Inapplicable ; Inapplicable ; Inapplicable ; Inapplicable ; Inapplicable ; Pass      ; Inapplicable ; Inapplicable ;
; display1[1]        ; Pass         ; Inapplicable ; Pass         ; Inapplicable ; Inapplicable ; Pass      ; Pass         ; Inapplicable ; Pass      ; Pass      ; Inapplicable ; Pass         ; Inapplicable ; Inapplicable ; Inapplicable ; Inapplicable ; Pass         ; Inapplicable ; Inapplicable ; Inapplicable ; Inapplicable ; Pass         ; Inapplicable ; Inapplicable ; Inapplicable ; Inapplicable ; Inapplicable ; Pass      ; Inapplicable ; Inapplicable ;
; display1[2]        ; Pass         ; Inapplicable ; Pass         ; Inapplicable ; Inapplicable ; Pass      ; Pass         ; Inapplicable ; Pass      ; Pass      ; Inapplicable ; Pass         ; Inapplicable ; Inapplicable ; Inapplicable ; Inapplicable ; Pass         ; Inapplicable ; Inapplicable ; Inapplicable ; Inapplicable ; Pass         ; Inapplicable ; Inapplicable ; Inapplicable ; Inapplicable ; Inapplicable ; Pass      ; Inapplicable ; Inapplicable ;
; display1[3]        ; Pass         ; Inapplicable ; Pass         ; Inapplicable ; Inapplicable ; Pass      ; Pass         ; Inapplicable ; Pass      ; Pass      ; Inapplicable ; Pass         ; Inapplicable ; Inapplicable ; Inapplicable ; Inapplicable ; Pass         ; Inapplicable ; Inapplicable ; Inapplicable ; Inapplicable ; Pass         ; Inapplicable ; Inapplicable ; Inapplicable ; Inapplicable ; Inapplicable ; Pass      ; Inapplicable ; Inapplicable ;
; display1[4]        ; Pass         ; Inapplicable ; Pass         ; Inapplicable ; Inapplicable ; Pass      ; Pass         ; Inapplicable ; Pass      ; Pass      ; Inapplicable ; Pass         ; Inapplicable ; Inapplicable ; Inapplicable ; Inapplicable ; Pass         ; Inapplicable ; Inapplicable ; Inapplicable ; Inapplicable ; Pass         ; Inapplicable ; Inapplicable ; Inapplicable ; Inapplicable ; Inapplicable ; Pass      ; Inapplicable ; Inapplicable ;
; display1[5]        ; Pass         ; Inapplicable ; Pass         ; Inapplicable ; Inapplicable ; Pass      ; Pass         ; Inapplicable ; Pass      ; Pass      ; Inapplicable ; Pass         ; Inapplicable ; Inapplicable ; Inapplicable ; Inapplicable ; Pass         ; Inapplicable ; Inapplicable ; Inapplicable ; Inapplicable ; Pass         ; Inapplicable ; Inapplicable ; Inapplicable ; Inapplicable ; Inapplicable ; Pass      ; Inapplicable ; Inapplicable ;
; display1[6]        ; Pass         ; Inapplicable ; Pass         ; Inapplicable ; Inapplicable ; Pass      ; Pass         ; Inapplicable ; Pass      ; Pass      ; Inapplicable ; Pass         ; Inapplicable ; Inapplicable ; Inapplicable ; Inapplicable ; Pass         ; Inapplicable ; Inapplicable ; Inapplicable ; Inapplicable ; Pass         ; Inapplicable ; Inapplicable ; Inapplicable ; Inapplicable ; Inapplicable ; Pass      ; Inapplicable ; Inapplicable ;
; display0[0]        ; Pass         ; Inapplicable ; Pass         ; Inapplicable ; Inapplicable ; Pass      ; Pass         ; Inapplicable ; Pass      ; Pass      ; Inapplicable ; Pass         ; Inapplicable ; Inapplicable ; Inapplicable ; Inapplicable ; Pass         ; Inapplicable ; Inapplicable ; Inapplicable ; Inapplicable ; Pass         ; Inapplicable ; Inapplicable ; Inapplicable ; Inapplicable ; Inapplicable ; Pass      ; Inapplicable ; Inapplicable ;
; display0[1]        ; Pass         ; Inapplicable ; Pass         ; Inapplicable ; Inapplicable ; Pass      ; Pass         ; Inapplicable ; Pass      ; Pass      ; Inapplicable ; Pass         ; Inapplicable ; Inapplicable ; Inapplicable ; Inapplicable ; Pass         ; Inapplicable ; Inapplicable ; Inapplicable ; Inapplicable ; Pass         ; Inapplicable ; Inapplicable ; Inapplicable ; Inapplicable ; Inapplicable ; Pass      ; Inapplicable ; Inapplicable ;
; display0[2]        ; Pass         ; Inapplicable ; Pass         ; Inapplicable ; Inapplicable ; Pass      ; Pass         ; Inapplicable ; Pass      ; Pass      ; Inapplicable ; Pass         ; Inapplicable ; Inapplicable ; Inapplicable ; Inapplicable ; Pass         ; Inapplicable ; Inapplicable ; Inapplicable ; Inapplicable ; Pass         ; Inapplicable ; Inapplicable ; Inapplicable ; Inapplicable ; Inapplicable ; Pass      ; Inapplicable ; Inapplicable ;
; display0[3]        ; Pass         ; Inapplicable ; Pass         ; Inapplicable ; Inapplicable ; Pass      ; Pass         ; Inapplicable ; Pass      ; Pass      ; Inapplicable ; Pass         ; Inapplicable ; Inapplicable ; Inapplicable ; Inapplicable ; Pass         ; Inapplicable ; Inapplicable ; Inapplicable ; Inapplicable ; Pass         ; Inapplicable ; Inapplicable ; Inapplicable ; Inapplicable ; Inapplicable ; Pass      ; Inapplicable ; Inapplicable ;
; display0[4]        ; Pass         ; Inapplicable ; Pass         ; Inapplicable ; Inapplicable ; Pass      ; Pass         ; Inapplicable ; Pass      ; Pass      ; Inapplicable ; Pass         ; Inapplicable ; Inapplicable ; Inapplicable ; Inapplicable ; Pass         ; Inapplicable ; Inapplicable ; Inapplicable ; Inapplicable ; Pass         ; Inapplicable ; Inapplicable ; Inapplicable ; Inapplicable ; Inapplicable ; Pass      ; Inapplicable ; Inapplicable ;
; display0[5]        ; Pass         ; Inapplicable ; Pass         ; Inapplicable ; Inapplicable ; Pass      ; Pass         ; Inapplicable ; Pass      ; Pass      ; Inapplicable ; Pass         ; Inapplicable ; Inapplicable ; Inapplicable ; Inapplicable ; Pass         ; Inapplicable ; Inapplicable ; Inapplicable ; Inapplicable ; Pass         ; Inapplicable ; Inapplicable ; Inapplicable ; Inapplicable ; Inapplicable ; Pass      ; Inapplicable ; Inapplicable ;
; display0[6]        ; Pass         ; Inapplicable ; Pass         ; Inapplicable ; Inapplicable ; Pass      ; Pass         ; Inapplicable ; Pass      ; Pass      ; Inapplicable ; Pass         ; Inapplicable ; Inapplicable ; Inapplicable ; Inapplicable ; Pass         ; Inapplicable ; Inapplicable ; Inapplicable ; Inapplicable ; Pass         ; Inapplicable ; Inapplicable ; Inapplicable ; Inapplicable ; Inapplicable ; Pass      ; Inapplicable ; Inapplicable ;
; io_stall_flag      ; Pass         ; Inapplicable ; Pass         ; Inapplicable ; Inapplicable ; Pass      ; Pass         ; Inapplicable ; Pass      ; Pass      ; Inapplicable ; Pass         ; Inapplicable ; Inapplicable ; Inapplicable ; Inapplicable ; Pass         ; Inapplicable ; Inapplicable ; Inapplicable ; Inapplicable ; Pass         ; Inapplicable ; Inapplicable ; Inapplicable ; Inapplicable ; Inapplicable ; Pass      ; Inapplicable ; Inapplicable ;
; clock              ; Pass         ; Inapplicable ; Pass         ; Inapplicable ; Inapplicable ; Pass      ; Pass         ; Inapplicable ; Pass      ; Pass      ; Inapplicable ; Inapplicable ; Inapplicable ; Inapplicable ; Pass         ; Inapplicable ; Inapplicable ; Pass         ; Inapplicable ; Inapplicable ; Inapplicable ; Inapplicable ; Inapplicable ; Inapplicable ; Inapplicable ; Inapplicable ; Inapplicable ; Pass      ; Inapplicable ; Inapplicable ;
; reset_n            ; Pass         ; Inapplicable ; Pass         ; Inapplicable ; Inapplicable ; Pass      ; Pass         ; Inapplicable ; Pass      ; Pass      ; Inapplicable ; Inapplicable ; Inapplicable ; Inapplicable ; Pass         ; Inapplicable ; Inapplicable ; Pass         ; Inapplicable ; Inapplicable ; Inapplicable ; Inapplicable ; Inapplicable ; Inapplicable ; Inapplicable ; Inapplicable ; Inapplicable ; Pass      ; Inapplicable ; Inapplicable ;
; switches[0]        ; Pass         ; Inapplicable ; Pass         ; Inapplicable ; Inapplicable ; Pass      ; Pass         ; Inapplicable ; Pass      ; Pass      ; Inapplicable ; Inapplicable ; Inapplicable ; Inapplicable ; Pass         ; Inapplicable ; Inapplicable ; Pass         ; Inapplicable ; Inapplicable ; Inapplicable ; Inapplicable ; Inapplicable ; Inapplicable ; Inapplicable ; Inapplicable ; Inapplicable ; Pass      ; Inapplicable ; Inapplicable ;
; switches[1]        ; Pass         ; Inapplicable ; Pass         ; Inapplicable ; Inapplicable ; Pass      ; Pass         ; Inapplicable ; Pass      ; Pass      ; Inapplicable ; Inapplicable ; Inapplicable ; Inapplicable ; Pass         ; Inapplicable ; Inapplicable ; Pass         ; Inapplicable ; Inapplicable ; Inapplicable ; Inapplicable ; Inapplicable ; Inapplicable ; Inapplicable ; Inapplicable ; Inapplicable ; Pass      ; Inapplicable ; Inapplicable ;
; switches[2]        ; Pass         ; Inapplicable ; Pass         ; Inapplicable ; Inapplicable ; Pass      ; Pass         ; Inapplicable ; Pass      ; Pass      ; Inapplicable ; Inapplicable ; Inapplicable ; Inapplicable ; Pass         ; Inapplicable ; Inapplicable ; Pass         ; Inapplicable ; Inapplicable ; Inapplicable ; Inapplicable ; Inapplicable ; Inapplicable ; Inapplicable ; Inapplicable ; Inapplicable ; Pass      ; Inapplicable ; Inapplicable ;
; switches[3]        ; Pass         ; Inapplicable ; Pass         ; Inapplicable ; Inapplicable ; Pass      ; Pass         ; Inapplicable ; Pass      ; Pass      ; Inapplicable ; Inapplicable ; Inapplicable ; Inapplicable ; Pass         ; Inapplicable ; Inapplicable ; Pass         ; Inapplicable ; Inapplicable ; Inapplicable ; Inapplicable ; Inapplicable ; Inapplicable ; Inapplicable ; Inapplicable ; Inapplicable ; Pass      ; Inapplicable ; Inapplicable ;
; switches[4]        ; Pass         ; Inapplicable ; Pass         ; Inapplicable ; Inapplicable ; Pass      ; Pass         ; Inapplicable ; Pass      ; Pass      ; Inapplicable ; Inapplicable ; Inapplicable ; Inapplicable ; Pass         ; Inapplicable ; Inapplicable ; Pass         ; Inapplicable ; Inapplicable ; Inapplicable ; Inapplicable ; Inapplicable ; Inapplicable ; Inapplicable ; Inapplicable ; Inapplicable ; Pass      ; Inapplicable ; Inapplicable ;
; switches[5]        ; Pass         ; Inapplicable ; Pass         ; Inapplicable ; Inapplicable ; Pass      ; Pass         ; Inapplicable ; Pass      ; Pass      ; Inapplicable ; Inapplicable ; Inapplicable ; Inapplicable ; Pass         ; Inapplicable ; Inapplicable ; Pass         ; Inapplicable ; Inapplicable ; Inapplicable ; Inapplicable ; Inapplicable ; Inapplicable ; Inapplicable ; Inapplicable ; Inapplicable ; Pass      ; Inapplicable ; Inapplicable ;
; switches[6]        ; Pass         ; Inapplicable ; Pass         ; Inapplicable ; Inapplicable ; Pass      ; Pass         ; Inapplicable ; Pass      ; Pass      ; Inapplicable ; Inapplicable ; Inapplicable ; Inapplicable ; Pass         ; Inapplicable ; Inapplicable ; Pass         ; Inapplicable ; Inapplicable ; Inapplicable ; Inapplicable ; Inapplicable ; Inapplicable ; Inapplicable ; Inapplicable ; Inapplicable ; Pass      ; Inapplicable ; Inapplicable ;
; switches[7]        ; Pass         ; Inapplicable ; Pass         ; Inapplicable ; Inapplicable ; Pass      ; Pass         ; Inapplicable ; Pass      ; Pass      ; Inapplicable ; Inapplicable ; Inapplicable ; Inapplicable ; Pass         ; Inapplicable ; Inapplicable ; Pass         ; Inapplicable ; Inapplicable ; Inapplicable ; Inapplicable ; Inapplicable ; Inapplicable ; Inapplicable ; Inapplicable ; Inapplicable ; Pass      ; Inapplicable ; Inapplicable ;
; switches[8]        ; Pass         ; Inapplicable ; Pass         ; Inapplicable ; Inapplicable ; Pass      ; Pass         ; Inapplicable ; Pass      ; Pass      ; Inapplicable ; Inapplicable ; Inapplicable ; Inapplicable ; Pass         ; Inapplicable ; Inapplicable ; Pass         ; Inapplicable ; Inapplicable ; Inapplicable ; Inapplicable ; Inapplicable ; Inapplicable ; Inapplicable ; Inapplicable ; Inapplicable ; Pass      ; Inapplicable ; Inapplicable ;
; switches[9]        ; Pass         ; Inapplicable ; Pass         ; Inapplicable ; Inapplicable ; Pass      ; Pass         ; Inapplicable ; Pass      ; Pass      ; Inapplicable ; Inapplicable ; Inapplicable ; Inapplicable ; Pass         ; Inapplicable ; Inapplicable ; Pass         ; Inapplicable ; Inapplicable ; Inapplicable ; Inapplicable ; Inapplicable ; Inapplicable ; Inapplicable ; Inapplicable ; Inapplicable ; Pass      ; Inapplicable ; Inapplicable ;
; switches[10]       ; Pass         ; Inapplicable ; Pass         ; Inapplicable ; Inapplicable ; Pass      ; Pass         ; Inapplicable ; Pass      ; Pass      ; Inapplicable ; Inapplicable ; Inapplicable ; Inapplicable ; Pass         ; Inapplicable ; Inapplicable ; Pass         ; Inapplicable ; Inapplicable ; Inapplicable ; Inapplicable ; Inapplicable ; Inapplicable ; Inapplicable ; Inapplicable ; Inapplicable ; Pass      ; Inapplicable ; Inapplicable ;
; switches[11]       ; Pass         ; Inapplicable ; Pass         ; Inapplicable ; Inapplicable ; Pass      ; Pass         ; Inapplicable ; Pass      ; Pass      ; Inapplicable ; Inapplicable ; Inapplicable ; Inapplicable ; Pass         ; Inapplicable ; Inapplicable ; Pass         ; Inapplicable ; Inapplicable ; Inapplicable ; Inapplicable ; Inapplicable ; Inapplicable ; Inapplicable ; Inapplicable ; Inapplicable ; Pass      ; Inapplicable ; Inapplicable ;
; switches[12]       ; Pass         ; Inapplicable ; Pass         ; Inapplicable ; Inapplicable ; Pass      ; Pass         ; Inapplicable ; Pass      ; Pass      ; Inapplicable ; Inapplicable ; Inapplicable ; Inapplicable ; Pass         ; Inapplicable ; Inapplicable ; Pass         ; Inapplicable ; Inapplicable ; Inapplicable ; Inapplicable ; Inapplicable ; Inapplicable ; Inapplicable ; Inapplicable ; Inapplicable ; Pass      ; Inapplicable ; Inapplicable ;
; switches[13]       ; Pass         ; Inapplicable ; Pass         ; Inapplicable ; Inapplicable ; Pass      ; Pass         ; Inapplicable ; Pass      ; Pass      ; Inapplicable ; Inapplicable ; Inapplicable ; Inapplicable ; Pass         ; Inapplicable ; Inapplicable ; Pass         ; Inapplicable ; Inapplicable ; Inapplicable ; Inapplicable ; Inapplicable ; Inapplicable ; Inapplicable ; Inapplicable ; Inapplicable ; Pass      ; Inapplicable ; Inapplicable ;
; switches[14]       ; Pass         ; Inapplicable ; Pass         ; Inapplicable ; Inapplicable ; Pass      ; Pass         ; Inapplicable ; Pass      ; Pass      ; Inapplicable ; Inapplicable ; Inapplicable ; Inapplicable ; Pass         ; Inapplicable ; Inapplicable ; Pass         ; Inapplicable ; Inapplicable ; Inapplicable ; Inapplicable ; Inapplicable ; Inapplicable ; Inapplicable ; Inapplicable ; Inapplicable ; Pass      ; Inapplicable ; Inapplicable ;
; switches[15]       ; Pass         ; Inapplicable ; Pass         ; Inapplicable ; Inapplicable ; Pass      ; Pass         ; Inapplicable ; Pass      ; Pass      ; Inapplicable ; Inapplicable ; Inapplicable ; Inapplicable ; Pass         ; Inapplicable ; Inapplicable ; Pass         ; Inapplicable ; Inapplicable ; Inapplicable ; Inapplicable ; Inapplicable ; Inapplicable ; Inapplicable ; Inapplicable ; Inapplicable ; Pass      ; Inapplicable ; Inapplicable ;
; botaoEnter_n       ; Pass         ; Inapplicable ; Pass         ; Inapplicable ; Inapplicable ; Pass      ; Pass         ; Inapplicable ; Pass      ; Pass      ; Inapplicable ; Inapplicable ; Inapplicable ; Inapplicable ; Pass         ; Inapplicable ; Inapplicable ; Pass         ; Inapplicable ; Inapplicable ; Inapplicable ; Inapplicable ; Inapplicable ; Inapplicable ; Inapplicable ; Inapplicable ; Inapplicable ; Pass      ; Inapplicable ; Inapplicable ;
+--------------------+--------------+--------------+--------------+--------------+--------------+-----------+--------------+--------------+-----------+-----------+--------------+--------------+--------------+--------------+--------------+--------------+--------------+--------------+--------------+--------------+--------------+--------------+--------------+--------------+--------------+--------------+--------------+-----------+--------------+--------------+


+---------------------------------------------------------------------------------------------+
; Fitter Device Options                                                                       ;
+------------------------------------------------------------------+--------------------------+
; Option                                                           ; Setting                  ;
+------------------------------------------------------------------+--------------------------+
; Enable user-supplied start-up clock (CLKUSR)                     ; Off                      ;
; Enable device-wide reset (DEV_CLRn)                              ; Off                      ;
; Enable device-wide output enable (DEV_OE)                        ; Off                      ;
; Enable INIT_DONE output                                          ; Off                      ;
; Configuration scheme                                             ; Active Serial            ;
; Error detection CRC                                              ; Off                      ;
; Enable open drain on CRC_ERROR pin                               ; Off                      ;
; Enable input tri-state on active configuration pins in user mode ; Off                      ;
; Configuration Voltage Level                                      ; Auto                     ;
; Force Configuration Voltage Level                                ; Off                      ;
; nCEO                                                             ; As output driving ground ;
; Data[0]                                                          ; As input tri-stated      ;
; Data[1]/ASDO                                                     ; As input tri-stated      ;
; Data[7..2]                                                       ; Unreserved               ;
; FLASH_nCE/nCSO                                                   ; As input tri-stated      ;
; Other Active Parallel pins                                       ; Unreserved               ;
; DCLK                                                             ; As output driving ground ;
+------------------------------------------------------------------+--------------------------+


+------------------------------------+
; Operating Settings and Conditions  ;
+---------------------------+--------+
; Setting                   ; Value  ;
+---------------------------+--------+
; Nominal Core Voltage      ; 1.20 V ;
; Low Junction Temperature  ; 0 °C   ;
; High Junction Temperature ; 85 °C  ;
+---------------------------+--------+


+------------------------------------------------------------+
; Estimated Delay Added for Hold Timing Summary              ;
+-----------------+----------------------+-------------------+
; Source Clock(s) ; Destination Clock(s) ; Delay Added in ns ;
+-----------------+----------------------+-------------------+
; I/O             ; CLOCK_50             ; 1.5               ;
+-----------------+----------------------+-------------------+
Note: For more information on problematic transfers, consider running the Fitter again with the Optimize hold timing option (Settings Menu) turned off.
This will disable optimization of problematic paths and expose them for further analysis using the Timing Analyzer.


+-------------------------------------------------------------------------------------+
; Estimated Delay Added for Hold Timing Details                                       ;
+-----------------+-----------------------------------------------+-------------------+
; Source Register ; Destination Register                          ; Delay Added in ns ;
+-----------------+-----------------------------------------------+-------------------+
; clock           ; divisorClock:divisor_de_clock_inst|counter[5] ; 0.873             ;
+-----------------+-----------------------------------------------+-------------------+
Note: This table only shows the top 1 path(s) that have the largest delay added for hold.


+-----------------+
; Fitter Messages ;
+-----------------+
Warning (18236): Number of processors has not been specified which may cause overloading on shared machines.  Set the global assignment NUM_PARALLEL_PROCESSORS in your QSF to an appropriate value for best performance.
Info (20030): Parallel compilation is enabled and will use 12 of the 12 processors detected
Info (119006): Selected device EP4CE115F29C7 for design "processador"
Info (21077): Low junction temperature is 0 degrees C
Info (21077): High junction temperature is 85 degrees C
Info (171003): Fitter is performing an Auto Fit compilation, which may decrease Fitter effort to reduce compilation time
Warning (292013): Feature LogicLock is only available with a valid subscription license. You can purchase a software subscription to gain full access to this feature.
Info (176444): Device migration not selected. If you intend to use device migration later, you may need to change the pin assignments as they may be incompatible with other devices
    Info (176445): Device EP4CE40F29C7 is compatible
    Info (176445): Device EP4CE40F29I7 is compatible
    Info (176445): Device EP4CE30F29C7 is compatible
    Info (176445): Device EP4CE30F29I7 is compatible
    Info (176445): Device EP4CE55F29C7 is compatible
    Info (176445): Device EP4CE55F29I7 is compatible
    Info (176445): Device EP4CE75F29C7 is compatible
    Info (176445): Device EP4CE75F29I7 is compatible
    Info (176445): Device EP4CE115F29I7 is compatible
Info (169124): Fitter converted 5 user pins into dedicated programming pins
    Info (169125): Pin ~ALTERA_ASDO_DATA1~ is reserved at location F4
    Info (169125): Pin ~ALTERA_FLASH_nCE_nCSO~ is reserved at location E2
    Info (169125): Pin ~ALTERA_DCLK~ is reserved at location P3
    Info (169125): Pin ~ALTERA_DATA0~ is reserved at location N7
    Info (169125): Pin ~ALTERA_nCEO~ is reserved at location P28
Warning (15714): Some pins have incomplete I/O assignments. Refer to the I/O Assignment Warnings report for details
Info (176045): Design uses memory blocks. Violating setup or hold times of memory block address registers for either read or write operations could cause memory contents to be corrupted. Make sure that all memory block address registers meet the setup and hold time requirements.
Critical Warning (169085): No exact pin location assignment(s) for 14 pins of 82 total pins. For the list of pins please refer to the I/O Assignment Warnings table in the fitter report.
Info (332104): Reading SDC File: 'processador.sdc'
Warning (332060): Node: divisorClock:divisor_de_clock_inst|counter[10] was determined to be a clock but was found without an associated clock assignment.
    Info (13166): Register PC:pc_inst|atualPC[7] is being clocked by divisorClock:divisor_de_clock_inst|counter[10]
Critical Warning (332168): The following clock transfers have no clock uncertainty assignment. For more accurate results, apply clock uncertainty assignments or use the derive_clock_uncertainty command.
    Critical Warning (332169): From CLOCK_50 (Rise) to CLOCK_50 (Rise) (setup and hold)
Info (332129): Detected timing requirements -- optimizing circuit to achieve only the specified requirements
Info (332111): Found 1 clocks
    Info (332111):   Period   Clock Name
    Info (332111): ======== ============
    Info (332111):   20.000     CLOCK_50
Info (176353): Automatically promoted node clock~input (placed in PIN Y2 (CLK2, DIFFCLK_1p)) File: C:/Users/breno/OneDrive/Documents/UNIFESP/Materias/LAB COMPILADORES/MIPSfuncional/MIPSfuncional_restored/processador.sv Line: 2
    Info (176355): Automatically promoted destinations to use location or clock signal Global Clock CLKCTRL_G4
    Info (176356): Following destination nodes may be non-global or may not use global or regional clocks
        Info (176357): Destination node divisorClock:divisor_de_clock_inst|counter[5] File: C:/Users/breno/OneDrive/Documents/UNIFESP/Materias/LAB COMPILADORES/MIPSfuncional/MIPSfuncional_restored/divisorClock.sv Line: 9
        Info (176357): Destination node divisorClock:divisor_de_clock_inst|counter[6] File: C:/Users/breno/OneDrive/Documents/UNIFESP/Materias/LAB COMPILADORES/MIPSfuncional/MIPSfuncional_restored/divisorClock.sv Line: 9
        Info (176357): Destination node divisorClock:divisor_de_clock_inst|counter[7] File: C:/Users/breno/OneDrive/Documents/UNIFESP/Materias/LAB COMPILADORES/MIPSfuncional/MIPSfuncional_restored/divisorClock.sv Line: 9
        Info (176357): Destination node divisorClock:divisor_de_clock_inst|counter[8] File: C:/Users/breno/OneDrive/Documents/UNIFESP/Materias/LAB COMPILADORES/MIPSfuncional/MIPSfuncional_restored/divisorClock.sv Line: 9
        Info (176357): Destination node divisorClock:divisor_de_clock_inst|counter[9] File: C:/Users/breno/OneDrive/Documents/UNIFESP/Materias/LAB COMPILADORES/MIPSfuncional/MIPSfuncional_restored/divisorClock.sv Line: 9
        Info (176357): Destination node divisorClock:divisor_de_clock_inst|counter[10] File: C:/Users/breno/OneDrive/Documents/UNIFESP/Materias/LAB COMPILADORES/MIPSfuncional/MIPSfuncional_restored/divisorClock.sv Line: 9
        Info (176357): Destination node divisorClock:divisor_de_clock_inst|counter[11] File: C:/Users/breno/OneDrive/Documents/UNIFESP/Materias/LAB COMPILADORES/MIPSfuncional/MIPSfuncional_restored/divisorClock.sv Line: 9
        Info (176357): Destination node divisorClock:divisor_de_clock_inst|counter[12] File: C:/Users/breno/OneDrive/Documents/UNIFESP/Materias/LAB COMPILADORES/MIPSfuncional/MIPSfuncional_restored/divisorClock.sv Line: 9
        Info (176357): Destination node divisorClock:divisor_de_clock_inst|counter[13] File: C:/Users/breno/OneDrive/Documents/UNIFESP/Materias/LAB COMPILADORES/MIPSfuncional/MIPSfuncional_restored/divisorClock.sv Line: 9
        Info (176357): Destination node divisorClock:divisor_de_clock_inst|counter[14] File: C:/Users/breno/OneDrive/Documents/UNIFESP/Materias/LAB COMPILADORES/MIPSfuncional/MIPSfuncional_restored/divisorClock.sv Line: 9
        Info (176358): Non-global destination nodes limited to 10 nodes
Info (176353): Automatically promoted node divisorClock:divisor_de_clock_inst|LessThan1  File: C:/Users/breno/OneDrive/Documents/UNIFESP/Materias/LAB COMPILADORES/MIPSfuncional/MIPSfuncional_restored/divisorClock.sv Line: 16
    Info (176355): Automatically promoted destinations to use location or clock signal Global Clock
Info (176233): Starting register packing
Info (176235): Finished register packing
    Extra Info (176219): No registers were packed into other blocks
Info (176214): Statistics of I/O pins that need to be placed that use the same VCCIO and VREF, before I/O pin placement
    Info (176211): Number of I/O pins in group: 14 (unused VREF, 2.5V VCCIO, 0 input, 14 output, 0 bidirectional)
        Info (176212): I/O standards used: 2.5 V.
Info (176215): I/O bank details before I/O pin placement
    Info (176214): Statistics of I/O banks
        Info (176213): I/O bank number 1 does not use VREF pins and has undetermined VCCIO pins. 4 total pin(s) used --  52 pins available
        Info (176213): I/O bank number 2 does not use VREF pins and has undetermined VCCIO pins. 1 total pin(s) used --  62 pins available
        Info (176213): I/O bank number 3 does not use VREF pins and has undetermined VCCIO pins. 0 total pin(s) used --  73 pins available
        Info (176213): I/O bank number 4 does not use VREF pins and has 2.5V VCCIO pins. 5 total pin(s) used --  66 pins available
        Info (176213): I/O bank number 5 does not use VREF pins and has 2.5V VCCIO pins. 32 total pin(s) used --  33 pins available
        Info (176213): I/O bank number 6 does not use VREF pins and has 2.5V VCCIO pins. 7 total pin(s) used --  51 pins available
        Info (176213): I/O bank number 7 does not use VREF pins and has 2.5V VCCIO pins. 24 total pin(s) used --  48 pins available
        Info (176213): I/O bank number 8 does not use VREF pins and has undetermined VCCIO pins. 0 total pin(s) used --  71 pins available
Info (171121): Fitter preparation operations ending: elapsed time is 00:00:02
Info (14896): Fitter has disabled Advanced Physical Optimization because it is not supported for the current family.
Info (170189): Fitter placement preparation operations beginning
Info (170190): Fitter placement preparation operations ending: elapsed time is 00:00:00
Info (170191): Fitter placement operations beginning
Info (170137): Fitter placement was successful
Info (170192): Fitter placement operations ending: elapsed time is 00:00:07
Info (170193): Fitter routing operations beginning
Info (170195): Router estimated average interconnect usage is 2% of the available device resources
    Info (170196): Router estimated peak interconnect usage is 41% of the available device resources in the region that extends from location X58_Y37 to location X68_Y48
Info (170199): The Fitter performed an Auto Fit compilation.  Optimizations were skipped to reduce compilation time.
    Info (170201): Optimizations that may affect the design's routability were skipped
Info (170194): Fitter routing operations ending: elapsed time is 00:01:07
Info (11888): Total time spent on timing analysis during the Fitter is 9.71 seconds.
Info (334003): Started post-fitting delay annotation
Info (334004): Delay annotation completed successfully
Info (334003): Started post-fitting delay annotation
Info (334004): Delay annotation completed successfully
Info (11218): Fitter post-fit operations ending: elapsed time is 00:00:01
Info (144001): Generated suppressed messages file C:/Users/breno/OneDrive/Documents/UNIFESP/Materias/LAB COMPILADORES/MIPSfuncional/MIPSfuncional_restored/output_files/processador.fit.smsg
Info: Quartus Prime Fitter was successful. 0 errors, 7 warnings
    Info: Peak virtual memory: 6397 megabytes
    Info: Processing ended: Mon Jun 22 18:28:14 2026
    Info: Elapsed time: 00:01:24
    Info: Total CPU time (on all processors): 00:01:56


+----------------------------+
; Fitter Suppressed Messages ;
+----------------------------+
The suppressed messages can be found in C:/Users/breno/OneDrive/Documents/UNIFESP/Materias/LAB COMPILADORES/MIPSfuncional/MIPSfuncional_restored/output_files/processador.fit.smsg.


